-- phpMyAdmin SQL Dump
-- version 5.2.1
-- https://www.phpmyadmin.net/
--
-- Host: 127.0.0.1
-- Generation Time: Apr 17, 2026 at 12:15 PM
-- Server version: 10.4.32-MariaDB
-- PHP Version: 8.2.12

SET SQL_MODE = "NO_AUTO_VALUE_ON_ZERO";
START TRANSACTION;
SET time_zone = "+00:00";


/*!40101 SET @OLD_CHARACTER_SET_CLIENT=@@CHARACTER_SET_CLIENT */;
/*!40101 SET @OLD_CHARACTER_SET_RESULTS=@@CHARACTER_SET_RESULTS */;
/*!40101 SET @OLD_COLLATION_CONNECTION=@@COLLATION_CONNECTION */;
/*!40101 SET NAMES utf8mb4 */;

--
-- Database: `db_admin`
--

-- --------------------------------------------------------

--
-- Table structure for table `leveluser`
--

CREATE TABLE `leveluser` (
  `id_level` int(10) NOT NULL,
  `name_level` varchar(10) NOT NULL
) ENGINE=InnoDB DEFAULT CHARSET=utf8mb4 COLLATE=utf8mb4_general_ci;

--
-- Dumping data for table `leveluser`
--

INSERT INTO `leveluser` (`id_level`, `name_level`) VALUES
(1, 'ADMIN'),
(2, 'USER');

-- --------------------------------------------------------

--
-- Table structure for table `notifikasi_catatan`
--

CREATE TABLE `notifikasi_catatan` (
  `id_notifcat` int(10) NOT NULL,
  `isi_chat` varchar(100) NOT NULL
) ENGINE=InnoDB DEFAULT CHARSET=utf8mb4 COLLATE=utf8mb4_general_ci;

--
-- Dumping data for table `notifikasi_catatan`
--

INSERT INTO `notifikasi_catatan` (`id_notifcat`, `isi_chat`) VALUES
(1, 'test\r\n');

-- --------------------------------------------------------

--
-- Table structure for table `tbl_ambil`
--

CREATE TABLE `tbl_ambil` (
  `id_ambil` int(10) NOT NULL,
  `id_brg` int(20) NOT NULL,
  `id_user` int(10) NOT NULL,
  `tgl_brg_keluar` date NOT NULL,
  `jumlah_brg` int(10) NOT NULL,
  `alamat_ruang` varchar(225) NOT NULL,
  `tujuan_gunabarang` varchar(225) NOT NULL
) ENGINE=InnoDB DEFAULT CHARSET=utf8mb4 COLLATE=utf8mb4_general_ci;

--
-- Dumping data for table `tbl_ambil`
--

INSERT INTO `tbl_ambil` (`id_ambil`, `id_brg`, `id_user`, `tgl_brg_keluar`, `jumlah_brg`, `alamat_ruang`, `tujuan_gunabarang`) VALUES
(30, 20250160, 1858, '2025-08-06', 1, 'C3', 'PRAKTIK'),
(31, 20250008, 1858, '2025-08-06', 2, 'C3', 'PRAKTIK'),
(32, 20250077, 1858, '2025-08-11', 1, 'Intruktur', 'ISI ULANG TINTA PRINTER'),
(33, 20250077, 1858, '2025-09-16', 1, 'Intruktur', 'ISI ULANG TINTA PRINTER'),
(34, 20250073, 1858, '2025-08-11', 10, 'Sarpras', 'PASANG CCTV'),
(35, 20250073, 1908, '2025-08-14', 10, 'Ruang Guru', 'REPAIR KABEL LAN'),
(36, 20250285, 1858, '2025-08-19', 1, 'RUANG LAB C4', 'PRAKTIK'),
(37, 20250165, 1858, '2025-08-19', 2, 'RUANG INSTRUKTUR PPLG', 'BUAT LAPORAN'),
(38, 20250166, 1858, '2025-08-19', 2, 'RUANG INSTRUKTUR PPLG', 'BUAT LAPORAN'),
(39, 20250171, 1858, '2025-08-19', 2, 'RUANG INSTRUKTUR PPLG', 'BUAT LAPORAN'),
(40, 20250008, 1833, '2025-08-20', 1, 'RUANG LAB C2', 'PRAKTIK'),
(42, 20250283, 1, '2025-08-21', 1, 'RUANG LAB C3', 'PRAKTIK'),
(43, 20250013, 1833, '2025-08-21', 1, 'RUANG LAB C2', 'PRAKTIK'),
(44, 20250160, 1833, '2025-08-21', 1, 'RUANG LAB C2', 'PRAKTIK'),
(45, 20250073, 1824, '2025-08-25', 2, 'RUANG GURU', 'REPAIR KABEL LAN'),
(46, 20250073, 1817, '2025-08-27', 1, 'RUANG BK', 'REPAIR KABEL LAN'),
(47, 20250005, 1833, '2025-08-27', 1, 'RUANG LAB C1', 'PRAKTIK'),
(48, 20250053, 1858, '2025-08-27', 1, 'RUANG LAB C3', 'PRAKTIK'),
(49, 20250031, 1833, '2025-08-27', 1, 'RUANG LAB C1', 'PRAKTIK'),
(50, 20250160, 1833, '2025-08-27', 1, 'RUANG LAB C1', 'PRAKTIK'),
(51, 20250159, 1908, '2025-08-05', 1, 'RUANG GURU', '-'),
(52, 20250008, 1867, '2025-08-29', 2, 'RUANG LAB C3', 'PRAKTIK'),
(53, 20250053, 1867, '2025-08-29', 1, 'RUANG LAB C3', 'PRAKTIK'),
(54, 20250073, 1864, '2025-09-03', 2, 'RUANG LAB C4', 'PRAKTIK'),
(55, 20250011, 1864, '2025-09-03', 3, 'RUANG LAB C4', 'REPAIR PC'),
(56, 20250160, 1864, '2025-09-03', 1, 'RUANG LAB C4', 'REPAIR PC'),
(57, 20250285, 1867, '2025-09-03', 1, 'RUANG LAB C4', 'REPAIR PC'),
(58, 20250008, 1858, '2025-09-03', 1, 'RUANG LAB C3', 'PRAKTIK'),
(59, 20250001, 1858, '2025-09-03', 1, 'RUANG LAB C3', 'PRAKTIK'),
(60, 20250073, 1867, '2025-09-03', 2, 'RUANG LAB C4', 'PRAKTIK'),
(61, 20250001, 1866, '2025-09-15', 1, 'RUANG LAB C3', 'PRAKTIK'),
(62, 20250283, 1858, '2025-09-15', 1, 'RUANG LAB C4', 'PRAKTIK'),
(63, 20250160, 1858, '2025-09-15', 1, 'RUANG LAB C4', 'PRAKTIK'),
(64, 20250161, 1864, '2025-09-16', 1, 'RUANG LAB C3', 'PRAKTIK'),
(65, 20250024, 1867, '2025-09-16', 2, 'RUANG LAB C3', 'PRAKTIK'),
(66, 20250001, 1867, '2025-09-16', 2, 'RUANG LAB C3', 'PRAKTIK'),
(67, 20250011, 1864, '2025-09-16', 11, 'RUANG LAB C3', 'RAKIT PC BARU'),
(68, 20250281, 1864, '2025-09-16', 41, 'RUANG LAB C3', 'UPGRADE PC'),
(69, 20250044, 1864, '2025-09-16', 1, 'RUANG LAB C3', 'UPGRADE PC'),
(70, 20250039, 1864, '2025-09-16', 2, 'RUANG LAB C3', 'UPGRADE PC'),
(71, 20250046, 1864, '2025-09-16', 37, 'RUANG LAB C3', 'UPGRADE PC'),
(72, 20250046, 1864, '2025-09-16', 10, 'RUANG LAB C4', 'UPGRADE PC'),
(73, 20250333, 1854, '2025-09-25', 1, 'RUANG GURU', 'MOUSE PC'),
(74, 20250333, 1864, '2025-09-25', 2, 'RUANG LAB C5', 'MOUSE'),
(75, 20250333, 1, '2025-09-30', 1, 'RUANG LAB C1', 'PRAKTIK'),
(76, 20250001, 1827, '2025-10-01', 1, 'SARPRAS', 'PENGGANTI MOUSE RUSAK'),
(77, 20250160, 1864, '2025-10-03', 13, 'RUANG LAB C2', 'PENGGANTI BATERAI MATI'),
(78, 20250281, 1864, '2025-10-03', 3, 'RUANG LAB C2', 'RAKIT PC'),
(79, 20250332, 1864, '2025-10-03', 11, 'RUANG LAB C2', 'RAKIT PC'),
(80, 20250330, 1864, '2025-10-03', 1, 'RUANG LAB C2', 'PENGGANTI KABEL RUSAK'),
(81, 20250317, 1864, '2025-10-03', 3, 'RUANG LAB C2', 'PRAKTIK'),
(82, 20250318, 1864, '2025-10-03', 2, 'RUANG LAB C2', 'PRAKTIK'),
(83, 20250001, 1864, '2025-10-03', 15, 'RUANG LAB C2', 'PRAKTIK'),
(84, 20250335, 1867, '2025-10-13', 1, 'RUANG INSTRUKTUR PPLG', 'PC SERVER'),
(85, 20250321, 1864, '2025-10-13', 1, 'RUANG INSTRUKTUR PPLG', 'WIFI'),
(87, 20250333, 1864, '2025-11-11', 1, 'RUANG LAB C5', 'PENGGANTI BATERAI MOUSE'),
(88, 20250165, 1909, '2025-11-09', 1, 'RUANG INSTRUKTUR PPLG', 'MEMBUAT LAPORAN'),
(89, 20250333, 1867, '2025-11-14', 1, 'RUANG LAB C5', 'PENGGANTI BATERAI KEYBOARD'),
(90, 20250024, 1, '2025-10-31', 4, 'RUANG LAB C2', 'PENGGANTI KEYBOARD YANG RUSAK'),
(91, 20250160, 1864, '2025-10-31', 3, 'RUANG LAB C2', 'PENGGANTI YANG RUSAK'),
(92, 20250005, 1864, '2025-10-31', 2, 'RUANG LAB C2', 'PENGGANTI YANG RUSAK'),
(93, 20250160, 1867, '2025-11-24', 1, 'RUANG LAB C2', 'PENGGANTI YANG RUSAK'),
(94, 20250333, 1858, '2025-11-26', 4, 'RUANG INSTRUKTUR PPLG', 'PENGGANTI BATERAI MIC'),
(95, 20250152, 1864, '2025-10-31', 3, 'RUANG LAB C5', 'JARINGAN BARU'),
(96, 20250319, 1864, '2025-11-21', 10, 'RUANG INSTRUKTUR PPLG', 'MEDIA PEMBELAJARAN'),
(97, 20250236, 1864, '2025-09-29', 27, 'RUANG LAB C4', 'PC BARU'),
(98, 20250244, 1864, '2025-09-29', 3, 'RUANG LAB C4', 'PC BARU'),
(99, 20250010, 1864, '2025-09-29', 13, 'RUANG LAB C4', 'PC BARU'),
(100, 20250109, 1864, '2025-11-27', 80, 'RUANG INSTRUKTUR PPLG', 'MERAPIHKAN KABEL JARINGAN'),
(101, 20250002, 1858, '2025-10-27', 1, 'RUANG INSTRUKTUR PPLG', 'PENGGANTI MOUSE YANG RUSAK'),
(102, 20250104, 1901, '2025-11-28', 2, 'RUANG AULA', 'PENGGANTI BATERAI REMOT AC'),
(107, 20250001, 1867, '2025-08-06', 1, 'RUANG LAB C4', 'PRAKTIK'),
(108, 20250001, 1867, '2025-08-21', 2, 'RUANG LAB C3', 'PRAKTIK');

--
-- Triggers `tbl_ambil`
--
DELIMITER $$
CREATE TRIGGER `alfter insert ambil barang` AFTER INSERT ON `tbl_ambil` FOR EACH ROW BEGIN
	/*update tbl_barang set jumlah_brg = jumlah_brg - new.jumlah_brg where id_brg = new.id_brg;*/
    END
$$
DELIMITER ;

-- --------------------------------------------------------

--
-- Table structure for table `tbl_barang`
--

CREATE TABLE `tbl_barang` (
  `id_brg` int(11) NOT NULL,
  `barcode_brg` varchar(50) NOT NULL,
  `nama_brg` varchar(225) NOT NULL,
  `gambar_brg` varchar(225) NOT NULL,
  `norak_brg` int(50) NOT NULL,
  `tgl_masuk_brg` date NOT NULL,
  `spesifikasi_brg` varchar(225) NOT NULL,
  `merk_brg` varchar(200) NOT NULL,
  `id_kategori` int(10) NOT NULL,
  `jumlah_brg` int(100) NOT NULL
) ENGINE=InnoDB DEFAULT CHARSET=utf8mb4 COLLATE=utf8mb4_general_ci;

--
-- Dumping data for table `tbl_barang`
--

INSERT INTO `tbl_barang` (`id_brg`, `barcode_brg`, `nama_brg`, `gambar_brg`, `norak_brg`, `tgl_masuk_brg`, `spesifikasi_brg`, `merk_brg`, `id_kategori`, `jumlah_brg`) VALUES
(20250001, '20250001', 'WIRED MOUSE', '27082025080317mouse x500.jfif', 13, '0000-00-00', 'X500', 'HP', 1, 0),
(20250002, '20250002', 'MOUSE WIRELESS', '27082025080415download.jpg', 13, '0000-00-00', 'W800', 'VOXY', 1, 6),
(20250003, '20250003', 'WIRELESS BARCODE SCANNER', '27082025080601WIRELESS BARCODE SCANNER T220 .JPG', 13, '0000-00-00', 'T220', 'INFORCE', 1, 6),
(20250004, '20250004', 'KEYBOARD MECHANICAL', '27082025081213KEYBOARD MECHANICAL G20 .jpg', 13, '0000-00-00', 'G20', 'LEOPARD', 1, 6),
(20250005, '20250005', 'KEYBOARD OFFICE SUITE', '27082025081228KEYBOARD OFFICE SUITE ZT-600.jpg', 13, '0000-00-00', 'ZT-600', 'ZUNTUO', 1, 1),
(20250006, '20250006', 'MOTHERBOARD ', '27082025081242MOTHERBOARD H81 ICONIX .jpg', 13, '0000-00-00', 'H81', 'ICONIX', 1, 1),
(20250007, '20250007', 'MOTHERBOARD ', '27082025081255MOTHERBOARD H81 RX7.jpg', 13, '0000-00-00', 'H81', 'RX7', 1, 1),
(20250008, '20250008', 'USB STANDART KEYBOARD', '27082025081312USB STANDART KEYBOARD STK-01 M-TECH .jpg', 13, '0000-00-00', 'STK-01', 'M-TECH', 1, 0),
(20250009, '20250009', 'WIRED COMBO KEYBOARD AND MOUSE', '27082025081330WIRED COMBO KEYBOARD AND MOUSE KM150 AOC .jpg', 13, '0000-00-00', 'KM150', 'AOC', 1, 6),
(20250010, '20250010', 'SSD 256GB 2,5', '01092025131553SSD 256GB 2,5 X-FLASH RX7.jpg', 13, '0000-00-00', 'X-FLASH', 'RX7', 1, 0),
(20250011, '20250011', 'SSD 128GB 2,5', '27082025082444SSD 128GB 2,5 CYCLOPS RX7 .jpg', 13, '0000-00-00', 'CYCLOPS', 'RX7', 6, 0),
(20250012, '20250012', 'PORTABLE EXTERNAL DVD-RW', '27082025082519PORTABLE EXTERNAL DVD-RW CB-3100S WESDAR.jpg', 13, '0000-00-00', 'CB-3100S', 'WESDAR', 1, 25),
(20250013, '20250013', 'RAM 2GB 6400 Mhz', '27082025082559RAM 2GB 6400 Mhz DDR2 KINGSTON.jpg', 13, '0000-00-00', 'DDR2', 'KINGSTON', 6, 4),
(20250014, '20250014', 'RAM 2GB 1333 Mhz', '27082025082643RAM 2GB 1333 Mhz DDR3 KINGSTON.jpg', 13, '0000-00-00', 'DDR3', 'KINGSTON', 6, 1),
(20250015, '20250015', 'RAM 8GB 12800 Mhz', '27082025082716RAM 8GB 12800 Mhz DDR3 KINGSTON.jpg', 13, '0000-00-00', 'DDR3', 'KINGSTON', 6, 2),
(20250016, '20250016', 'RAM 8GB 2666 Mhz', '27082025082740RAM 8GB 2666 Mhz DDR4 HYNIX.jpg', 13, '0000-00-00', 'DDR4', 'HYNIX', 6, 1),
(20250017, '20250017', 'RAM 2GB 1600 Mhz SO-DIMM', '27082025082804RAM 2GB 1600 Mhz SO-DIMM DDR3 SAMSUNG.jpg', 13, '0000-00-00', 'DDR3', 'SAMSUNG', 6, 2),
(20250018, '20250018', 'RAM 4GB 10600', '27082025082830RAM 4GB 10600 DDR3 KINGSTON.jpg', 13, '0000-00-00', 'DDR3', 'KINGSTON', 6, 38),
(20250019, '20250019', 'COOLING FAN 3', '27082025083019COOLING FAN 3 12 VDC 0,60 A D34223-001 INTEL.jpg', 13, '0000-00-00', 'D34223-001', 'INTEL', 1, 17),
(20250020, '20250020', 'COOLING FAN 3,5', '27082025083003COOLING FAN 3,5 12 VDC 0,60 A D95263-001 INTEL.jpg', 13, '0000-00-00', 'D95263-001', 'INTEL', 1, 1),
(20250021, '20250021', 'SSD 512GB 2,5', '27082025085044SSD 512GB 2,5 S370 KINGDION.jpg', 13, '0000-00-00', 'S370', 'KINGDION', 6, 1),
(20250022, '20250022', 'SSD 240GB 2,5', '27082025085108SSD 240GB 2,5 SA400 KINGSTON.jpg', 13, '0000-00-00', 'SA400', 'KINGSTON', 6, 1),
(20250023, '20250023', 'KEYBOARD OFFICE COMBO', '27082025085128KEYBOARD OFFICE COMBO KM103 FANTECH.jpg', 13, '0000-00-00', 'KM103', 'FANTECH', 1, 1),
(20250024, '20250024', 'KEYBOARD', '27082025085149KEYBOARD KB2308N VOTRE.jpg', 13, '0000-00-00', 'KB2308N', 'VOTRE', 1, 0),
(20250025, '20250025', 'SETRIKA LISTRIK', '27082025085231SETRIKA LISTRIK HA-40 MASPION.jpg', 13, '0000-00-00', 'HA-40', 'MASPION', 2, 1),
(20250026, '20250026', 'AC ADAPTOR 100-240V 1,1A', '27082025085312AC ADAPTOR 100-240V 1,1A LCAP21 LG.jpg', 13, '0000-00-00', 'LCAP21', 'LG', 7, 4),
(20250027, '20250027', 'AC ADAPTOR 100-240V 1,7A', '27082025085334AC ADAPTOR 100-240V 1,7A PA-1450-SSLL LENOVO.jpg', 13, '0000-00-00', 'PA-1450-SSLL', 'LENOVO', 7, 2),
(20250028, '20250028', 'POWER SUPPLY 450 WATT', '27082025085407POWER SUPPLY 450 WATT SPC.jpg', 13, '0000-00-00', '-', 'SPC', 7, 1),
(20250029, '20250029', 'POWER SUPPLY 530 WATT', '27082025085436POWER SUPPLY 530 WATT SPC.jpg', 13, '0000-00-00', '-', 'SPC', 7, 11),
(20250030, '20250030', 'POWER SUPPLY 500 WATT', '27082025085507POWER SUPPLY 500 WATT EYOTA.jpg', 13, '0000-00-00', '-', 'EYOTA', 7, 2),
(20250031, '20250031', 'POWER SUPPLY 450 WATT', '27082025091954POWER SUPPLY 450 WATT AVARIS.jpg', 13, '0000-00-00', '-', 'AVARIS', 7, 9),
(20250032, '20250032', 'POWER SUPPLY 500 WATT', '27082025092041POWER SUPPLY 500 WATT E-SMILE.jfif', 13, '0000-00-00', '-', 'E-SMILE', 7, 1),
(20250033, '20250033', 'POWER SUPPLY 500 WATT', '27082025092108POWER SUPPLY 500 WATT INFORCE.jpg', 13, '0000-00-00', '-', 'INFORCE', 7, 1),
(20250034, '20250034', 'SSD 128GB 2,5', '27082025092135SSD 128GB 2,5 SDVPSA1910128 VISIPRO.jpg', 13, '0000-00-00', 'SDVPSA1910128', 'VISIPRO', 6, 1),
(20250035, '20250035', 'SSD 500GB 2,5', '27082025092158SSD 500GB 2,5 WD500LPCX WD BLUE.jpg', 13, '0000-00-00', 'WD500LPCX', 'WD BLUE', 6, 6),
(20250036, '20250036', 'HDD 500GB 2,5', '27082025092220HDD 500GB 2,5 MQ01ABFOSO TOSHIBA.jpg', 13, '0000-00-00', 'MQ01ABFOSO', 'TOSHIBA', 6, 10),
(20250037, '20250037', 'HDD 500GB 2,5', '27082025092329HDD 500GB 2,5 SBY684TF SEAGATE.jpg', 13, '0000-00-00', 'SBY684TF', 'SEAGATE', 6, 7),
(20250038, '20250038', 'HDD 160GB 3,5', '27082025101850HDD 160GB 3,5 WD1600AAJS WD.jpg', 14, '0000-00-00', 'WD1600AAJS', 'WD', 6, 2),
(20250039, '20250039', 'HDD 160GB 3,5', '27082025101937HDD 160GB 3,5 9VTO26EF SEAGATE.jfif', 14, '0000-00-00', '9VTO26EF', 'SEAGATE', 6, 0),
(20250040, '20250040', 'HDD 250GB 3,5', '27082025102004HDD 250GB 3,5 9VY6T5NG SEAGATE.jpg', 14, '0000-00-00', '9VY6T5NG', 'SEAGATE', 6, 15),
(20250041, '20250041', 'HDD 250GB 3,5', '27082025104109HDD 250GB 3,5 SQE3HW3I SEAGATE.jpg', 14, '0000-00-00', 'SQE3HW3I', 'SEAGATE', 6, 1),
(20250042, '20250042', 'HDD 320GB 3,5', '27082025104138HDD 320GB 3,5 WCAPD3749086 WD.jpg', 14, '0000-00-00', 'WCAPD3749086', 'WD', 6, 1),
(20250043, '20250043', 'HDD 500GB 3,5', '27082025104204HDD 500GB 3,5 9VVAPTG6 SEAGATE.jpg', 14, '0000-00-00', '9VVAPTG6', 'SEAGATE', 6, 4),
(20250044, '20250044', 'HDD 160GB 3,5', '27082025104702HDD 160GB 3,5 ZFTPUNDN HITACHI.jpg', 14, '0000-00-00', 'ZFTPUNDN', 'HITACHI', 6, 0),
(20250045, '20250045', 'HDD 40GB 3,5', '27082025104723HDD 40GB 3,5 5JVWTR27 SEAGATE.jpg', 14, '0000-00-00', '5JVWTR27', 'SEAGATE', 6, 1),
(20250046, '20250046', 'HDD 160GB 3,5', '27082025104741HDD 160GB 3,5 WD1600AVVS WD.jpg', 14, '0000-00-00', 'WD1600AVVS', 'WD', 6, 0),
(20250047, '20250047', 'HDD 320GB 3,5', '27082025104801HDD 320GB 3,5 WD3200AAJS WD.jpg', 14, '0000-00-00', 'WD3200AAJS', 'WD', 6, 1),
(20250048, '20250048', 'HDD 250GB 3,5', '27082025104820HDD 250GB 3,5 9QE6F278 SEAGATE.jpg', 14, '0000-00-00', '9QE6F278', 'SEAGATE', 6, 1),
(20250049, '20250049', 'HDD 250GB 3,5', '27082025104839HDD 250GB 3,5 9QE438DT SEAGATE ,jpg.jfif', 14, '0000-00-00', '9QE438DT', 'SEAGATE', 6, 1),
(20250050, '20250050', 'KABEL TESTER RJ45 + RJ11', '27082025104854KABEL TESTER RJ45 + RJ11 468 JS.jpg', 14, '0000-00-00', '468', 'JS', 12, 5),
(20250051, '20250051', 'KABEL TESTER RJ45 + RJ11', '27082025111533KABEL TESTER RJ45 + RJ11 038-03 NANKAI.jpg', 14, '0000-00-00', '038-03', 'NANKAI', 12, 1),
(20250052, '20250052', 'KABEL TESTER RJ45', '27082025130738KABEL TESTER RJ45 MT26AT.jpg', 14, '0000-00-00', 'MT26AT', '-', 6, 3),
(20250053, '20250053', 'KABEL HDMI 1,5M', '27082025130818KABEL HDMI 1,5M 4K ULTRA HD RX7.jpg', 14, '0000-00-00', '4K ULTRA HD', 'RX7', 1, 14),
(20250054, '20250054', 'KABEL LAN 20M', '27082025130911KABEL LAN 20M CATSE NYK.jpg', 14, '0000-00-00', 'CATSE', 'NYK', 1, 4),
(20250055, '20250055', 'EXTENTION RJ45 FEMALE TO FEMALE', '27082025131054EXTENTION RJ45 FEMALE TO FEMALE ONUAGTBK.jpg', 14, '0000-00-00', 'ONUAGTBK', '-', 1, 10),
(20250056, '20250056', 'FAST CONNECTOR SC FIBER OPTIK', '27082025131119FAST CONNECTOR SC FIBER OPTIK.jpg', 14, '0000-00-00', '-', '-', 1, 60),
(20250057, '20250057', 'KABEL USB AM/AF 10M', '27082025131241KABEL USB AM AF 10M NETLINE.jpg', 14, '0000-00-00', '-', 'NETLINE', 1, 2),
(20250058, '20250058', 'VGA SPLITTER 4 PORT', '27082025131300VGA SPLITTER 4 PORT NYK.jpg', 14, '0000-00-00', '-', 'NYK', 1, 1),
(20250059, '20250059', 'VGA SPLITTER 4 PORT', '27082025131323VGA SPLITTER 4 PORT MT-1304 MAISUO.jpg', 14, '0000-00-00', 'MT-1304', 'MAISUO', 1, 1),
(20250060, '20250060', 'ROUTER MICROTIK HAP LITE', '27082025131339ROUTER MICROTIK HAP LITE RB941.jpg', 14, '0000-00-00', 'RB941', '-', 1, 4),
(20250061, '20250061', 'HDD EXTERNAL 1TB', '27082025131832HDD EXTERNAL 1TB CANVIO BASIC TOSHIBA.jpg', 14, '0000-00-00', 'CANVIO BASIC', 'TOSHIBA', 6, 1),
(20250062, '20250062', 'USB 3.0 HDMI CAPTURE', '27082025133525USB 3.0 HDMI CAPTURE EZCAP.jpg', 14, '0000-00-00', '-', 'EZCAP', 1, 1),
(20250063, '20250063', 'HARD DISK DRIVE CONVERTER', '27082025133549HARD DISK DRIVE CONVERTER.jpg', 14, '0000-00-00', '-', '-', 1, 2),
(20250064, '20250064', 'SOUND AUDIO CONTROLLER', '27082025133616SOUND AUDIO CONTROLLER.jpg', 14, '0000-00-00', '-', '-', 1, 1),
(20250065, '20250065', 'USB 2.0 TO SATA IDLE CABLE', '27082025133647USB 2.0 TO SATA IDLE CABLE - R-DRIVER III.jpg', 14, '0000-00-00', '-', 'R-DRIVER III', 1, 1),
(20250066, '20250066', 'GIGABIT PCI EXPRESS NETWORK ADAPTER', '27082025133707GIGABIT PCI EXPRESS NETWORK ADAPTER TG-3468 TP-LINK.jpg', 14, '0000-00-00', 'TG-3468', 'TP-LINK', 1, 1),
(20250067, '20250067', 'CONVERTER HDMI TO VGA', '27082025133731CONVERTER HDMI TO VGA.jpg', 14, '0000-00-00', '-', '-', 1, 1),
(20250068, '20250068', 'HDMI SPLITER 4 PORT', '27082025133754HDMI SPLITER 4 PORT VENTION .jpg', 14, '0000-00-00', '-', 'VENTION', 1, 1),
(20250069, '20250069', 'PLUG BOOT RJ45 WARNA KUNING', '27082025133813PLUG BOOT RJ45 WARNA KUNING.jpg', 14, '0000-00-00', '-', '-', 1, 25),
(20250070, '20250070', 'PLUG BOOT RJ45 WARNA HITAM', '27082025133835PLUG BOOT RJ45 WARNA HITAM.jpg', 14, '0000-00-00', '-', '-', 1, 24),
(20250071, '20250071', 'PLUG BOOT RJ45 WARNA BIRU', '27082025134159PLUG BOOT RJ45 WARNA BIRU.jpg', 14, '0000-00-00', '-', '-', 1, 25),
(20250072, '20250072', 'PLUG BOOT RJ45 WARNA UNGU', '27082025134221PLUG BOOT RJ45 WARNA UNGU.jpg', 14, '0000-00-00', '-', '-', 1, 15),
(20250073, '20250073', 'KONEKTOR RJ45', '27082025134241KONEKTOR RJ45 202140 BELDEN.jpg', 14, '0000-00-00', '202140', 'BELDEN', 11, 373),
(20250074, '20250074', 'KONEKTOR RJ45', '27082025134305KONEKTOR RJ45.jpg', 14, '0000-00-00', '-', '-', 11, 290),
(20250075, '20250075', 'SCREEN CLEANING KIT', '27082025134328SCREEN CLEANING KIT KCL-014 JET POWER.jpg', 14, '0000-00-00', 'KCL-014', 'JET POWER', 1, 4),
(20250076, '20250076', 'SCREEN CLEANING KIT', '27082025134407SCREEN CLEANING KIT KCL-02 JET POWER.jpg', 14, '0000-00-00', 'KCL-02', 'JET POWER', 1, 4),
(20250077, '20250077', 'TINTA BOTOL WARNA HITAM (BEKAS)', '27082025134426TINTA BOTOL WARNA HITAM 003 EPSON.jpg', 14, '0000-00-00', '003', 'EPSON', 1, 0),
(20250078, '20250078', 'TINTA BOTOL WARNA SIAN', '27082025134455TINTA BOTOL WARNA SIAN 003 EPSON.jpg', 14, '0000-00-00', '003', 'EPSON', 1, 2),
(20250079, '20250079', 'TINTA BOTOL WARNA KUNING', '27082025134530TINTA BOTOL WARNA KUNING 003 EPSON.jpg', 14, '0000-00-00', '003', 'EPSON', 1, 2),
(20250080, '20250080', 'TINTA BOTOL WARNA MAGENTA', '27082025134554TINTA BOTOL WARNA MAGENTA 003 EPSON.jpg', 14, '0000-00-00', '003', 'EPSON', 1, 2),
(20250081, '20250081', 'TINTA BOTOL WARNA HITAM', '27082025134648TINTA BOTOL WARNA HITAM 664 EPSON.jpg', 14, '0000-00-00', '664', 'EPSON', 1, 1),
(20250082, '20250082', 'TINTA BOTOL WARNA HITAM', '27082025135050TINTA BOTOL WARNA HITAM 003 EPSON.jpg', 14, '0000-00-00', '003', 'EPSON', 1, 5),
(20250083, '20250083', 'TINTA BOTOL WARNA MAGENTA', '27082025135122TINTA BOTOL WARNA MAGENTA 003 EPSON.jpg', 14, '0000-00-00', '003', 'EPSON', 1, 3),
(20250084, '20250084', 'TINTA BOTOL WARNA KUNING', '27082025135152TINTA BOTOL WARNA KUNING 003 EPSON.jpg', 14, '0000-00-00', '003', 'EPSON', 1, 3),
(20250085, '20250085', 'TINTA BOTOL WARNA SIAN', '27082025135242TINTA BOTOL WARNA SIAN 003 EPSON.jpg', 14, '0000-00-00', '003', 'EPSON', 1, 3),
(20250086, '20250086', 'TINTA BOTOL WARNA MAGENTA', '27082025135312TINTA BOTOL WARNA MAGENTA 664 EPSON.jpg', 14, '0000-00-00', '664', 'EPSON', 1, 1),
(20250087, '20250087', 'TINTA BOTOL WARNA SIAN', '27082025135341TINTA BOTOL WARNA SIAN 664 EPSON.jpg', 14, '0000-00-00', '664', 'EPSON', 1, 1),
(20250088, '20250088', 'DVD-R+ 4,7GB', '27082025135403DVD-R+ 4,7GB GT-PTO.jpg', 14, '0000-00-00', '-', 'GT-PTO', 6, 54),
(20250089, '20250089', 'CD-RW 700MB', '27082025135426CD-RW 700MB GT-PTO.jpg', 14, '0000-00-00', '', 'GT-PTO', 6, 4),
(20250090, '20250090', 'CRIMPING TOOL', '27082025135447CRIMPING TOOL HT-315.jpg', 14, '0000-00-00', 'HT-315', '-', 10, 6),
(20250091, '20250091', 'CRIMPING TOOL', '27082025135515CRIMPING TOOL.jpg', 14, '0000-00-00', '-', '-', 10, 12),
(20250092, '20250092', 'AUTO WIRE STRIPPER', '27082025135548AUTO WIRE STRIPPER.jpg', 14, '0000-00-00', '-', '-', 10, 1),
(20250093, '20250093', 'AUTO WIRE STRIPPER', '27082025135626AUTO WIRE STRIPPER.jpg', 14, '0000-00-00', '-', '-', 10, 1),
(20250094, '20250094', 'MODULAR PLUG CRIMPER', '27082025135705MODULAR PLUG CRIMPER.jpg', 14, '0000-00-00', '', '', 10, 4),
(20250095, '20250095', 'TANG KOMBINASI 6', '27082025135728TANG KOMBINASI 6 BLITZ.jpg', 14, '0000-00-00', '-', 'BLITZ', 10, 4),
(20250096, '20250096', 'AUTO WIRE STRIPPER 7 INCH', '27082025135757AUTO WIRE STRIPPER 7.jpg', 14, '0000-00-00', '-', '-', 10, 9),
(20250097, '20250097', 'LAPTOP ADAPTER AC/DC 96 WATT', '27082025135824LAPTOP ADAPTER AC DC 96 WATT POWER.jpg', 14, '0000-00-00', '-', 'POWER', 7, 1),
(20250098, '20250098', 'BLUETOOTH PORTABLE WIRELESS SPEAKER', '27082025135851BLUETOOTH PORTABLE WIRELESS SPEAKER CS-78 COMSON.jpg', 14, '0000-00-00', 'CS-78', 'COMSON', 1, 1),
(20250099, '20250099', 'KABEL USB AM/AF 10M', '27082025135914KABEL USB AM AF 10M NETLINE.jfif', 14, '0000-00-00', '-', 'NETLINE', 1, 1),
(20250100, '20250100', 'CRIMPING TOOL', '27082025135934CRIMPING TOOL.jpg', 15, '0000-00-00', '-', '-', 10, 4),
(20250101, '20250101', 'TANG KECIL', '28082025091735TANG KECIL.JPG', 15, '0000-00-00', '-', '-', 10, 1),
(20250102, '20250102', 'DIGITAL MULTIMETER', '28082025091819DIGITAL MULTIMETER EN61010-1.jpg', 15, '0000-00-00', 'EN61010-1', '-', 4, 1),
(20250103, '20250103', 'TANG KOMBINASI', '28082025092009TANG KOMBINASI,jpg', 15, '0000-00-00', '-', '-', 10, 3),
(20250104, '20250104', 'BATERAI ABC ALKALINE AAA', '28082025092103BATERAI ABC ALKALINE AAA ABC.jpg', 15, '0000-00-00', 'AAA', 'ABC', 1, 47),
(20250105, '20250105', 'BATERAI KOTAK 9V', '29082025072415BATERAI KOTAK 9V ENERGIZER MAX.jpg', 15, '0000-00-00', '-', 'ENERGIZER MAX', 1, 1),
(20250106, '20250106', 'OBENG 2 WAY MAGNETIC', '29082025072445BENG 2 WAY MAGNETIC CROME.jpg', 15, '0000-00-00', '-', 'CROME', 1, 6),
(20250107, '20250107', 'SIKU 90? 30CM', '29082025072525SIKU 90 30CM.jpg', 15, '0000-00-00', '-', '-', 1, 1),
(20250108, '20250108', 'SOLDER SUCKER', '29082025072558SOLDER SUCKER.jfif', 15, '0000-00-00', '-', '-', 1, 1),
(20250109, '20250109', 'KABEL TIES KECIL HITAM', '28082025112230KABEL TIES KECIL HITAM.jpg', 15, '0000-00-00', '-', '-', 10, 0),
(20250110, '20250110', 'OBENG - 6x150MM', '29082025072639OBENG - 6x150MM TEKIRO.jpg', 15, '0000-00-00', '-', 'TEKIRO', 1, 6),
(20250111, '20250111', 'OBENG + 6x140MM', '29082025072739OBENG + 6x140MM.jpg', 15, '0000-00-00', '-', '-', 1, 1),
(20250112, '20250112', 'OBENG + 4x160MM', '29082025072820OBENG + 4x160MM.jpg', 15, '0000-00-00', '-', 'CRV', 1, 2),
(20250113, '20250113', 'KUAS 2 INCH', '29082025073130KUAS 2 INCH.jpg', 15, '0000-00-00', '-', '-', 10, 6),
(20250114, '20250114', 'SEAL TAPE 10M', '29082025073202SEAL TAPE 10M DCOTA.jpg', 15, '0000-00-00', '-', 'DCOTA', 1, 1),
(20250115, '20250115', 'WD-40', '29082025073225WD-40.jpg', 15, '0000-00-00', '-', '-', 1, 1),
(20250116, '20250116', 'ELECTRON SCREW DRIVER SET', '29082025073249ELECTRON SCREW DRIVER SET K6032-A KINOVO.jpg', 15, '0000-00-00', 'K6032-A', 'KINOVO', 10, 1),
(20250117, '20250117', 'SOLDERLESS BREADBOARD', '29082025073323SOLDERLESS BREADBOARD.jpg', 15, '0000-00-00', '-', '-', 10, 1),
(20250118, '20250118', 'HOLE SAW KIT', '29082025073350HOLE SAW KIT AC-H5179 RYU.jpg', 15, '0000-00-00', 'AC-H5179', 'RYU', 10, 1),
(20250119, '20250119', 'PANEL MODUL LED 32x16CM', '29082025073432PANEL MODUL LED 32x16CM P10.jpg', 15, '0000-00-00', 'P10', '-', 1, 4),
(20250120, '20250120', 'USB BATERY CHARGER', '29082025073517USB BATERY CHARGER Q2 YONII.jpg', 15, '0000-00-00', 'Q2', 'YONII', 1, 1),
(20250121, '20250121', 'LINE FOLLOWER EDUCATION ROBOT', '29082025084825LINE FOLLOWER EDUCATION ROBOT ICHIDUINO BASIC+ ICHIBOT.jpg', 15, '0000-00-00', 'ICHIDUINO BASIC+', 'ICHIBOT', 1, 3),
(20250122, '20250122', '3 IN 1 AQUARIUM PUMP', '290820250850413 IN 1 AQUARIUM PUMP RS1200 ROSTON.jpg', 15, '0000-00-00', 'RS1200', 'ROSTON', 1, 1),
(20250123, '20250123', 'ELEKTRONIK SIREN 12V', '29082025085351ELEKTRONIK SIREN 12V JS02 HANAYA.jpg', 15, '0000-00-00', 'JS02', 'HANAYA', 1, 1),
(20250124, '20250124', 'CONVERTER JACK 3,5MM TO RCA', '29082025085530CONVERTER JACK 3,5MM TO RCA.jpg', 15, '0000-00-00', '-', '-', 1, 1),
(20250125, '20250125', 'SOLDER', '29082025085601SOLDER.jpg', 15, '0000-00-00', '-', '-', 1, 3),
(20250126, '20250126', 'NETWORK REPAIR TOOL SET', '29082025085709NETWORK REPAIR TOOL SET JM-PIS JEKEMY.jpg', 15, '0000-00-00', 'JM-PIS', 'JEKEMY', 1, 1),
(20250127, '20250127', 'MINI PC', '29082025085746MINI PC 283 INTEL.jpg', 15, '0000-00-00', '283', 'INTEL', 1, 2),
(20250128, '20250128', 'MULTI USER COMPUTING ACCES TERMINAL', '29082025085812MULTI USER COMPUTING ACCES TERMINAL L230 N COMPUTING.jpg', 15, '0000-00-00', 'L230', 'N COMPUTING', 1, 3),
(20250129, '20250129', 'HOT WIRE CUTTER', '29082025090119HOT WIRE CUTTER.jpg', 15, '0000-00-00', '-', '-', 1, 1),
(20250130, '20250130', 'DIGITAL VIDEO RECORDER', '29082025094653DIGITAL VIDEO RECORDER CP-UVR-080161 CP PLUS.jpg', 15, '0000-00-00', 'CP-UVR-080161', 'CP PLUS', 18, 1),
(20250131, '20250131', '24 PORT GIGABIT SWITCH', '2908202509345524 PORT GIGABIT SWITCH TL-SG1024D TP-LINK.jpg', 15, '0000-00-00', 'TL-SG1024D', 'TP-LINK', 1, 2),
(20250132, '20250132', '24 PORT GIGABIT SWITCH', '2908202509352324 PORT GIGABIT SWITCH TL-SF1024D TP-LINK.jpg', 15, '0000-00-00', 'TL-SF1024D', 'TP-LINK', 1, 1),
(20250133, '20250133', '24 PORT GIGABIT SWITCH', '2908202509354524 PORT GIGABIT SWITCH TL-SF1024M TP-LINK..jpg', 15, '0000-00-00', 'TL-SF1024M', 'TP-LINK', 18, 1),
(20250134, '20250134', '24 PORT GIGABIT SWITCH', '2908202509362924 PORT GIGABIT SWITCH DGS-1024A D-LINK.jpg', 15, '0000-00-00', 'DGS-1024A', 'D-LINK', 18, 1),
(20250135, '20250135', '24 PORT GIGABIT SWITCH', '2908202509365524 PORT GIGABIT SWITCH JES-1024R1061200081.jpg', 15, '0000-00-00', 'JES-1024R1061200081', '-', 18, 1),
(20250136, '20250136', '16 PORT GIGABIT SWITCH', '2908202509372416 PORT GIGABIT SWITCH Q51B21A000239 D-LINK.jpg', 15, '0000-00-00', 'Q51B21A000239', 'D-LINK', 18, 1),
(20250137, '20250137', '8 PORT GIGABIT SWITCH', '290820250937498 PORT GIGABIT SWITCH TL-SC1008D TP-LINK.jpg', 15, '0000-00-00', 'TL-SC1008D', 'TP-LINK', 18, 1),
(20250138, '20250138', '5 PORT GIGABIT SWITCH', '290820250938215 PORT GIGABIT SWITCH TL-SG1005D TP-LINK.jpg', 15, '0000-00-00', 'TL-SG1005D', 'TP-LINK', 18, 1),
(20250139, '20250139', '5 PORT GIGABIT SWITCH', '290820250938435 PORT GIGABIT SWITCH DGS-1005A D-LINK.jpg', 15, '0000-00-00', 'DGS-1005A', 'D-LINK', 18, 2),
(20250140, '20250140', '5 PORT GIGABIT SWITCH', '290820250939095 PORT GIGABIT SWITCH TL-SF1005D TP-LINK.jpg', 15, '0000-00-00', 'TL-SF1005D', 'TP-LINK', 18, 1),
(20250141, '20250141', '8 PORT GIGABIT SWITCH', '290820250943258 PORT GIGABIT SWITCH S8086 TOTO-LINK.jpg', 15, '0000-00-00', 'S8086', 'TOTO-LINK', 18, 1),
(20250142, '20250142', 'WIRELESS N BROADBAND ROUTER', '29082025094353WIRELESS N BROADBAND ROUTER W309RT TENDA.jpg', 15, '0000-00-00', 'W309RT', 'TENDA', 19, 1),
(20250143, '20250143', 'WIRELESS N ROUTER', '29082025094419WIRELESS N ROUTER RT-N12+B1 ASUS.jpg', 15, '0000-00-00', 'RT-N12+B1', 'ASUS', 19, 1),
(20250144, '20250144', 'MARTIL', '29082025094443MARTIL IZM.jpg', 15, '0000-00-00', '-', 'IZM', 10, 1),
(20250145, '20250145', 'MATRIX POS PRINTER', '29082025094747MATRIX POS PRINTER IW-76III IWARE.jpg', 15, '0000-00-00', 'IW-76III', 'IWARE', 1, 1),
(20250146, '20250146', 'BARCODE SCANNER', '29082025094810BARCODE SCANNER SBRE SYMBOL.jpg', 15, '0000-00-00', 'SBRE', 'SYMBOL', 1, 1),
(20250147, '20250147', 'WIRELESS N ROUTER', '29082025094831WIRELESS N ROUTER F9 TENDA.jpg', 15, '0000-00-00', 'F9', 'TENDA', 19, 1),
(20250148, '20250148', 'WIRELESS N ROUTER', '29082025094906WIRELESS N ROUTER TL-WR84ON TP-LINK.jpg', 15, '0000-00-00', 'TL-WR84ON', 'TP-LINK', 19, 1),
(20250149, '20250149', 'CREATIVE PEN TABLET', '29082025094935CREATIVE PEN TABLET WACOM.jpg', 1, '0000-00-00', '-', 'WACOM', 1, 2),
(20250150, '20250150', 'OUTDOOR CPE', '29082025094956OUTDOOR CPE CPE510 TP-LINK.jpg', 1, '0000-00-00', 'CPE510', 'TP-LINK', 19, 1),
(20250151, '20250151', '16 PORT GIGABIT SWITCH', '2908202509504216 PORT GIGABIT SWITCH DES-1016A D-LINK.jpg', 1, '0000-00-00', 'DES-1016A', 'D-LINK', 18, 2),
(20250152, '20250152', '8 PORT GIGABIT SWITCH', '290820250952228 PORT GIGABIT SWITCH S8086 TOTO-LINK.jpg', 1, '0000-00-00', 'S8086', 'TOTO-LINK', 19, 0),
(20250153, '20250153', 'SSD 128GB 2,5 INCH', '29082025095246SSD 128GB 2,5 TWISTER SERIES OVATION.jpg', 1, '0000-00-00', 'TWISTER SERIES', 'OVATION', 6, 1),
(20250154, '20250154', 'DP TO HDMI CONVERTER 0,15M', '29082025095315DP TO HDMI CONVERTER 0,15M - VENTION.jpg', 1, '0000-00-00', '-', 'VENTION', 17, 2),
(20250155, '20250155', 'WIRELESS HEADSET MICROPHONE', '29082025095343WIRELESS HEADSET MICROPHONE 5102 TAFF STUDIO.jpg', 1, '0000-00-00', '5102', 'TAFF STUDIO', 1, 1),
(20250156, '20250156', 'HDMI TO VGA ADAPTER', '29082025095437HDMI TO VGA ADAPTER.jpg', 1, '0000-00-00', '-', '-', 17, 1),
(20250157, '20250157', 'STAPLER', '29082025095503STAPLER HD-50 KENKO.jpg', 1, '0000-00-00', 'HD-50', 'KENKO', 1, 2),
(20250158, '20250158', 'FLASH DRIVE 16GB', '29082025095526FLASH DRIVE 16GB CRUZER BLADE SANDISK.jpg', 1, '0000-00-00', 'CRUZER BLADE', 'SANDISK', 6, 2),
(20250159, '20250159', 'USB DONGLE', '29082025095549USB DONGLE.jfif', 1, '0000-00-00', '-', '-', 1, 0),
(20250160, '20250160', 'LITHIUM BATTERY CR-2032', '29082025095611LITHIUM BATTERY CR-2032 CR-2032 PANASONIC.jpg', 1, '0000-00-00', 'CR-2032', 'PANASONIC', 1, 72),
(20250161, '20250161', 'HEATSINK COMPOUNDS', '29082025072318HEATSINK COMPOUNDS YDX-360.jpg', 1, '0000-00-00', 'YDX-360', '-', 1, 1),
(20250162, '20250162', 'THERMAL PASTE', '29082025072247THERMAL PASTE Z5 DEEPCOOL.jpg', 1, '0000-00-00', 'Z5', 'DEEPCOOL', 1, 1),
(20250163, '20250163', 'STAPLES', '29082025072204STAPLES 10 GREAT WALL.jpg', 1, '0000-00-00', '10', 'GREAT WALL', 1, 2),
(20250164, '20250164', 'STAPLES', '29082025072115STAPLES 369 GREAT WALL.jpg', 1, '0000-00-00', '369', 'GREAT WALL', 1, 3),
(20250165, '20250165', 'BINDER CLIP', '29082025072029BINDER CLIP 155 KENKO.jpg', 1, '0000-00-00', '155', 'KENKO', 1, 9),
(20250166, '20250166', 'BINDER CLIP', '29082025071843BINDER CLIP 107 KENKO.jpg', 1, '0000-00-00', '107', 'KENKO', 1, 10),
(20250167, '20250167', 'GLUE ', '29082025071723GLUE CITY GLUE.jpg', 1, '0000-00-00', '-', 'CITY GLUE', 1, 3),
(20250168, '20250168', 'PENGHAPUS', '29082025071653ENGHAPUS RASOPLAST STEADLER.jpg', 1, '0000-00-00', 'RASOPLAST', 'STEADLER', 1, 6),
(20250169, '20250169', 'CUTTER BLADE', '29082025071604CUTTER BLADE L-150 KENKO.jpg', 1, '0000-00-00', 'L-150', 'KENKO', 1, 5),
(20250170, '20250170', 'CUTTER BLADE', '29082025071453CUTTER BLADE A-100 KENKO.jpg', 1, '0000-00-00', 'A-100', 'KENKO', 1, 10),
(20250171, '20250171', 'TRIGONAL PAPER CLIP', '29082025071401TRIGONAL PAPER CLIP 3 COMBO.jpg', 1, '0000-00-00', '3', 'COMBO', 1, 28),
(20250172, '20250172', 'THERMAL PASTE', '29082025071329THERMAL PASTE HY510.jpg', 1, '0000-00-00', 'HY510', '-', 1, 1),
(20250173, '20250173', 'CORRECTION TAPE', '29082025071222CORRECTION TAPE DB-CT007 DEBOZZ.jpg', 1, '0000-00-00', 'DB-CT007', 'DEBOZZ', 1, 1),
(20250174, '20250174', 'STICKER GLOSSY A4', '29082025071152STICKER GLOSSY A4 135 GSM CLEO.jpg', 1, '0000-00-00', '135 GSM', 'CLEO', 1, 20),
(20250175, '20250175', 'SELF ADHESIVE LABEL', '29082025070744SELF ADHESIVE LABEL 105 GOLDEN COCK.jpg', 1, '0000-00-00', '105', 'GOLDEN COCK', 1, 7),
(20250176, '20250176', 'NOTES 76x51 MM 5 COLOR', '29082025070713NOTES 76x51 MM 5 COLOR SN 7651 SW BIG.jpg', 1, '0000-00-00', 'SN 7651 SW', 'BIG', 1, 1),
(20250177, '20250177', 'USB 3,0 TO SATA HARD DRIVE DOCKING STATIOON', '28082025143916USB 3,0 TO SATA HARD DRIVE DOCKING STATIOON YP204-52 FIDECO.jpg', 1, '0000-00-00', 'YP204-52', 'FIDECO', 8, 1),
(20250178, '20250178', 'TWIST HE WITH CUTTER 50M', '28082025135102TWIST HE WITH CUTTER 50M TUKUIKI.jpg', 1, '0000-00-00', '-', 'TUKUIKI', 1, 4),
(20250179, '20250179', 'MULTI PURPOSE WHITE PAPER A4 75G/M?', '28082025134409MULTI PURPOSE WHITE PAPER A4 75G  BENEFITS.jpg', 1, '0000-00-00', '-', 'BENEFITS', 1, 1),
(20250180, '20250180', 'LAPTOP NO 1', '28082025134329IDEAPAD 110-14LBR LENOVO.jpg', 2, '0000-00-00', 'IDEAPAD 110-14LBR', 'LENOVO', 1, 1),
(20250181, '20250181', 'LAPTOP NO 2', '28082025134141IDEAPAD 110-14LBR LENOVO.jpg', 2, '0000-00-00', 'IDEAPAD 110-14LBR', 'LENOVO', 1, 1),
(20250182, '20250182', 'LAPTOP NO 3', '28082025134119IDEAPAD 110-14LBR LENOVO.jpg', 2, '0000-00-00', 'IDEAPAD 110-14LBR', 'LENOVO', 1, 1),
(20250183, '20250183', 'LAPTOP NO 4', '28082025134055IDEAPAD 110-14LBR LENOVO.jpg', 2, '0000-00-00', 'IDEAPAD 110-14LBR', 'LENOVO', 1, 1),
(20250184, '20250184', 'LAPTOP NO 5', '28082025134034IDEAPAD 110-14LBR LENOVO.jpg', 2, '0000-00-00', 'IDEAPAD 110-14LBR', 'LENOVO', 1, 1),
(20250185, '20250185', 'LAPTOP NO 6', '28082025134011IDEAPAD 110-14LBR LENOVO.jpg', 2, '0000-00-00', 'IDEAPAD 110-14LBR', 'LENOVO', 1, 1),
(20250186, '20250186', 'LAPTOP NO 7', '28082025133942IDEAPAD 110-14LBR LENOVO.jpg', 2, '0000-00-00', 'IDEAPAD 110-14LBR', 'LENOVO', 1, 1),
(20250187, '20250187', 'LAPTOP NO 8', '28082025133915IDEAPAD 110-14LBR LENOVO.jpg', 2, '0000-00-00', 'IDEAPAD 110-14LBR', 'LENOVO', 1, 1),
(20250188, '20250188', 'LAPTOP NO 11', '28082025133439IDEAPAD 110-14LBR LENOVO.jpg', 2, '0000-00-00', 'IDEAPAD 110-14LBR', 'LENOVO', 1, 1),
(20250189, '20250189', 'LAPTOP NO 13', '28082025133416IDEAPAD 110-14LBR LENOVO.jpg', 2, '0000-00-00', 'IDEAPAD 110-14LBR', 'LENOVO', 1, 1),
(20250190, '20250190', 'LAPTOP NO 14', '28082025133340IDEAPAD 110-14LBR LENOVO.jpg', 2, '0000-00-00', 'IDEAPAD 110-14LBR', 'LENOVO', 1, 1),
(20250191, '20250191', 'LAPTOP NO 15', '28082025133311IDEAPAD 110-14LBR LENOVO.jpg', 3, '0000-00-00', 'IDEAPAD 110-14LBR', 'LENOVO', 1, 1),
(20250192, '20250192', 'LAPTOP NO 16', '28082025133109IDEAPAD 110-14LBR LENOVO.jpg', 3, '0000-00-00', 'IDEAPAD 110-14LBR', 'LENOVO', 1, 1),
(20250193, '20250193', 'LAPTOP NO 17', '28082025132800IDEAPAD 110-14LBR LENOVO.jpg', 3, '0000-00-00', 'IDEAPAD 110-14LBR', 'LENOVO', 1, 1),
(20250194, '20250194', 'LAPTOP NO 18', '28082025132519IDEAPAD 110-14LBR LENOVO.jpg', 3, '0000-00-00', 'IDEAPAD 110-14LBR', 'LENOVO', 1, 1),
(20250195, '20250195', 'LAPTOP NO 19', '28082025132411IDEAPAD 110-14LBR LENOVO.jpg', 3, '0000-00-00', 'IDEAPAD 110-14LBR', 'LENOVO', 1, 1),
(20250196, '20250196', 'LAPTOP NO 20', '28082025132341IDEAPAD 110-14LBR LENOVO.jpg', 3, '0000-00-00', 'IDEAPAD 110-14LBR', 'LENOVO', 1, 1),
(20250197, '20250197', 'LAPTOP NO 21', '28082025132016IDEAPAD 110-14LBR LENOVO.jpg', 3, '0000-00-00', 'IDEAPAD 110-14LBR', 'LENOVO', 1, 1),
(20250198, '20250198', 'LAPTOP NO 22', '28082025131859IDEAPAD 110-14LBR LENOVO.jpg', 3, '0000-00-00', 'IDEAPAD 110-14LBR', 'LENOVO', 1, 1),
(20250199, '20250199', 'LAPTOP NO 23', '28082025131304IDEAPAD 110-14LBR LENOVO.jpg', 3, '0000-00-00', 'IDEAPAD 110-14LBR', 'LENOVO', 1, 1),
(20250200, '20250200', 'LAPTOP NO 25', '28082025131005IDEAPAD 110-14LBR LENOVO.jpg', 3, '0000-00-00', 'IDEAPAD 110-14LBR', 'LENOVO', 1, 1),
(20250201, '20250201', 'LAPTOP NO 26', '28082025130929IDEAPAD 110-14LBR LENOVO.jpg', 3, '0000-00-00', 'IDEAPAD 110-14LBR', 'LENOVO', 1, 1),
(20250202, '20250202', 'LAPTOP NO 27', '28082025130905IDEAPAD 110-14LBR LENOVO.jpg', 3, '0000-00-00', 'IDEAPAD 110-14LBR', 'LENOVO', 1, 1),
(20250203, '20250203', 'LAPTOP NO 28', '28082025130816IDEAPAD 110-14LBR LENOVO.jpg', 3, '0000-00-00', 'IDEAPAD 110-14LBR', 'LENOVO', 1, 1),
(20250204, '20250204', 'LAPTOP NO 29', '28082025130746IDEAPAD 300-14LBR LENOVO.jpg', 4, '0000-00-00', 'IDEAPAD 300-14LBR', 'LENOVO', 1, 1),
(20250205, '20250205', 'LAPTOP NO 30', '28082025130720IDEAPAD 300-14LBR LENOVO.jpg', 4, '0000-00-00', 'IDEAPAD 300-14LBR', 'LENOVO', 1, 1),
(20250206, '20250206', 'NOTEBOOK NO 31', '28082025114620NOTEBOOK NO 31 X454W ASUS.jpg', 4, '0000-00-00', 'X454W', 'ASUS', 1, 1),
(20250207, '20250207', 'NOTEBOOK NO 32', '28082025114130NOTEBOOK NO 31 X454W ASUS.jpg', 4, '0000-00-00', 'X454W', 'ASUS', 1, 1),
(20250208, '20250208', 'NOTEBOOK NO 33', '28082025114051NOTEBOOK NO 31 X454W ASUS.jpg', 4, '0000-00-00', 'X454W', 'ASUS', 1, 1),
(20250209, '20250209', 'NOTEBOOK NO 34', '28082025114017NOTEBOOK NO 31 X454W ASUS.jpg', 4, '0000-00-00', 'X454W', 'ASUS', 1, 1),
(20250210, '20250210', 'NOTEBOOK NO 35', '28082025113910NOTEBOOK NO 31 X454W ASUS.jpg', 4, '0000-00-00', 'X454W', 'ASUS', 1, 1),
(20250211, '20250211', 'NOTEBOOK NO 36', '28082025113801NOTEBOOK NO 31 X454W ASUS.jpg', 5, '0000-00-00', 'X454W', 'ASUS', 1, 1),
(20250212, '20250212', 'NOTEBOOK NO 37', '28082025113118NOTEBOOK NO 31 X454W ASUS.jpg', 5, '0000-00-00', 'X454W', 'ASUS', 1, 1),
(20250213, '20250213', 'NOTEBOOK NO 38', '28082025113019NOTEBOOK NO 31 X454W ASUS.jpg', 5, '0000-00-00', 'X454W', 'ASUS', 1, 1),
(20250214, '20250214', 'NOTEBOOK NO 39', '28082025112954NOTEBOOK NO 31 X454W ASUS.jpg', 5, '0000-00-00', 'X454W', 'ASUS', 1, 1),
(20250215, '20250215', 'NOTEBOOK NO 40', '28082025112911NOTEBOOK NO 31 X454W ASUS.jpg', 5, '0000-00-00', 'X454W', 'ASUS', 1, 1),
(20250216, '20250216', 'LAPTOP NO 49', '28082025112844IDEAPAD 110-14LBR LENOVO.jpg', 5, '0000-00-00', 'IDEAPAD 110-14LBR', 'LENOVO', 1, 1),
(20250217, '20250217', 'VGA CARD 2GB DDR3', '28082025112802VGA CARD 2GB DDR3 RADEON SERIES VURRION.jpg', 6, '0000-00-00', 'RADEON SERIES', 'VURRION', 1, 5),
(20250218, '20250218', 'STEREO HEADSET', '28082025112741STEREO HEADSET MH-001 ADVANCE.jpg', 6, '0000-00-00', 'MH-001', 'ADVANCE', 1, 4),
(20250219, '20250219', 'STEREO HEADPHONE', '28082025112719STEREO HEADPHONE MDR-XB4SOAP SONY.jpg', 6, '0000-00-00', 'MDR-XB4SOAP', 'SONY', 1, 10),
(20250220, '20250220', 'HANDPHONE NO 1', '28082025112658HANDPHONE SM-A256E SAMSUNG.jpg', 6, '0000-00-00', 'SM-A256E', 'SAMSUNG', 1, 1),
(20250221, '20250221', 'HANDPHONE NO 2', '28082025112631HANDPHONE SM-A256E SAMSUNG.jpg', 6, '0000-00-00', 'SM-A256E', 'SAMSUNG', 1, 1),
(20250222, '20250222', 'HANDPHONE NO 3', '28082025112601HANDPHONE SM-A256E SAMSUNG.jpg', 6, '0000-00-00', 'SM-A256E', 'SAMSUNG', 1, 1),
(20250223, '20250223', 'HANDPHONE NO 4', '28082025112537HANDPHONE SM-A256E SAMSUNG.jpg', 6, '0000-00-00', 'SM-A256E', 'SAMSUNG', 1, 1),
(20250224, '20250224', 'HANDPHONE NO 5', '28082025112516HANDPHONE SM-A256E SAMSUNG.jpg', 6, '0000-00-00', 'SM-A256E', 'SAMSUNG', 1, 1),
(20250225, '20250225', 'HANDPHONE NO 6', '28082025112453HANDPHONE SM-A256E SAMSUNG.jpg', 6, '0000-00-00', 'SM-A256E', 'SAMSUNG', 1, 1),
(20250226, '20250226', 'HANDPHONE NO 7', '28082025112430HANDPHONE SM-A256E SAMSUNG.jpg', 6, '0000-00-00', 'SM-A256E', 'SAMSUNG', 1, 1),
(20250227, '20250227', 'HANDPHONE NO 8', '28082025112331HANDPHONE SM-A256E SAMSUNG.jpg', 6, '0000-00-00', 'SM-A256E', 'SAMSUNG', 1, 1),
(20250228, '20250228', 'HANDPHONE NO 9', '28082025111401HANDPHONE SM-A256E SAMSUNG.jpg', 6, '0000-00-00', 'SM-A256E', 'SAMSUNG', 1, 1),
(20250229, '20250229', 'HANDPHONE NO 10', '28082025111053HANDPHONE SM-A256E SAMSUNG.jpg', 6, '0000-00-00', 'SM-A256E', 'SAMSUNG', 1, 0),
(20250230, '20250230', 'MOTHERBOARD ', '28082025111024MOTHERBOARD B75 RX7.jpg', 6, '0000-00-00', 'B75', 'RX7', 9, 1),
(20250231, '20250231', 'MOTHERBOARD 41J', '28082025110629MOTHERBOARD 41J M15-G4156MD3-LF JETWAY.jpg', 6, '0000-00-00', 'M15-G4156MD3-LF', 'JETWAY', 5, 1),
(20250232, '20250232', 'MOTHERBOARD', '28082025110607MOTHERBOARD G41D3LM POWER XTREME.jpg', 6, '0000-00-00', 'G41D3LM', 'POWER XTREME', 5, 1),
(20250233, '20250233', 'MOTHERBOARD', '28082025110544MOTHERBOARD Z890 AORUS.jpg', 6, '0000-00-00', 'Z890', 'AORUS', 5, 1),
(20250234, '20250234', 'UPS', '28082025110518UPS IF-1200 NA INFORCE.jpg', 12, '0000-00-00', 'IF-1200 NA', 'INFORCE', 7, 1),
(20250235, '20250235', 'MESIN GERGAJI KAYU', '28082025110448MESIN GERGAJI KAYU HL 6155 H&L.jpg', 11, '0000-00-00', 'HL 6155', 'H&L', 10, 1),
(20250236, '20250236', 'CASING PC 450 WATT', '28082025110423CASING PC 450 WATT SX300 SPC.jpg', 0, '0000-00-00', 'SX300', 'SPC', 1, 0),
(20250237, '20250237', 'POWER SUPPLY TESTER', '28082025110401POWER SUPPLY TESTER.jpg', 0, '0000-00-00', '-', '-', 10, 1),
(20250238, '20250238', 'PROYEKTOR', '28082025110339PROYEKTOR EB-5400 EPSON.jpg', 0, '0000-00-00', 'EB-5400', 'EPSON', 1, 1),
(20250239, '20250239', 'PROYEKTOR', '28082025110302PROYEKTOR DNX1843 ACER.jpg', 0, '0000-00-00', 'DNX1843', 'ACER', 1, 1),
(20250240, '20250240', 'COMPRESSOR', '28082025110240COMPRESSOR LT25 DOZIRO.jpg', 0, '0000-00-00', 'LT25', 'DOZIRO', 10, 1),
(20250241, '20250241', 'SCREW DRIVER TOOLKIT', '28082025110120SCREW DRIVER TOOLKIT JM-8139 JAKEMY.jpg', 0, '0000-00-00', 'JM-8139', 'JAKEMY', 10, 1),
(20250242, '20250242', 'PC SERVER', '27112025105724PC DELL.JPG', 0, '0000-00-00', '-', '-', 1, 1),
(20250243, '20250243', 'PROCESSOR', '28082025110058PROCESSOR PENTIUM G620 INTEL.jpg', 0, '0000-00-00', 'PENTIUM G620', 'INTEL', 1, 20),
(20250244, '20250244', 'PROCESSOR', '28082025110034PROCESSOR I5-4590 INTEL.jpg', 0, '0000-00-00', 'I5-4590', 'INTEL', 1, 0),
(20250245, '20250245', 'PROCESSOR', '28082025110012PROCESSOR I5-4670 INTEL.jpg', 0, '0000-00-00', 'I5-4670', 'INTEL', 1, 1),
(20250246, '20250246', 'PROCESSOR', '28082025105952PROCESSOR I3-4160 INTEL.jpg', 0, '0000-00-00', 'I3-4160', 'INTEL', 1, 1),
(20250247, '20250247', 'MULTIMETER', '28082025105927MULTIMETER YX-360TR SUNWBI.jpg', 0, '0000-00-00', 'YX-360TR', 'SUNWBI', 10, 1),
(20250248, '20250248', 'OBENG - 4x75MM', '28082025105901OBENG - 4x75MM YX BLITZ.jpg', 0, '0000-00-00', 'YX', 'BLITZ', 10, 1),
(20250249, '20250249', 'RAM 4GB', '28082025105840RAM 4GB DDR3 MICRON.jpg', 0, '0000-00-00', 'DDR3', 'MICRON', 6, 3),
(20250250, '20250250', 'RAM 4GB', '28082025105815RAM 4GB DDR3 KINGSTON.jpg', 0, '0000-00-00', 'DDR3', 'KINGSTON', 6, 1),
(20250251, '20250251', 'RAM 4GB', '28082025104721RAM 4GB DDR3 VENOM RX.jpg', 0, '0000-00-00', 'DDR3', 'VENOM RX', 6, 1),
(20250252, '20250252', 'RAM 2GB', '28082025104658RAM 2GB DDR3 NANYA.jpg', 0, '0000-00-00', 'DDR3', 'NANYA', 6, 1),
(20250253, '20250253', 'RAM 2GB', '28082025104630RAM 2GB DDR3 HYNIX.jpg', 0, '0000-00-00', 'DDR3', 'HYNIX', 6, 2),
(20250254, '20250254', 'RAM 2GB', '28082025104608RAM 2GB DDR3 BULLDOZER.jpg', 0, '0000-00-00', 'DDR3', 'BULLDOZER', 6, 14),
(20250255, '20250255', 'RAM 1GB', '28082025104544RAM 1GB DDR2 KINGSTON.jpg', 0, '0000-00-00', 'DDR2', 'KINGSTON', 6, 1),
(20250256, '20250256', 'RAM 2GB', '28082025104519RAM 2GB DDR3 VENOM RX.jpg', 0, '0000-00-00', 'DDR3', 'VENOM RX', 6, 3),
(20250257, '20250257', 'SSD 128GB 2,5 INCH', '28082025104453SSD 128GB 2,5 SPARTAN.jpg', 0, '0000-00-00', '', 'SPARTAN', 6, 2),
(20250258, '20250258', 'SSD 240GB 2,5 INCH', '28082025104412SSD 240GB 2,5 KINGSTON.jpg', 0, '0000-00-00', '', 'KINGSTON', 6, 1),
(20250259, '20250259', 'SSD 128GB 2,5 INCH', '28082025104345SSD 128GB 2,5 VISIPRO.jpg', 0, '0000-00-00', '', 'VISIPRO', 6, 1),
(20250260, '20250260', 'HDD 320GB 2,5 INCH', '28082025104321HDD 320GB 2,5 WD3200BPVT WD SCORPION BLUE.jpg', 0, '0000-00-00', 'WD3200BPVT', 'WD SCORPION BLUE', 6, 1),
(20250261, '20250261', 'HDD 500GB 2,5 INCH', '28082025104155HDD 500GB 2,5 WD500LPVX WD BLUE.jpg', 0, '0000-00-00', 'WD500LPVX', 'WD BLUE', 6, 1),
(20250262, '20250262', 'HDD 1TB 2,5 INCH', '28082025104100HDD 1TB 2,5 ST1000LM024 SEAGATE.jpg', 0, '0000-00-00', 'ST1000LM024', 'SEAGATE', 6, 1),
(20250263, '20250263', 'HDD 500GB 2,5 INCH', '28082025104025HDD 500GB 2,5 MK5059G5XP TOSHIBA.jpg', 0, '0000-00-00', 'MK5059G5XP', 'TOSHIBA', 6, 1),
(20250264, '20250264', 'CONVERTER VGA TO HDMI', '28082025103955CONVERTER VGA TO HDMI.jpg', 0, '0000-00-00', '-', '-', 17, 1),
(20250265, '20250265', 'RAM LAPTOP 1GB', '28082025103934RAM LAPTOP 1GB DDR3 ELPIDA.jpg', 0, '0000-00-00', 'DDR3', 'ELPIDA', 6, 1),
(20250266, '20250266', 'RAM LAPTOP 4GB', '28082025103912RAM LAPTOP 4GB DDR3 SK HYNIX.jpg', 0, '0000-00-00', 'DDR3', 'SK HYNIX', 6, 1),
(20250267, '20250267', 'RAM LAPTOP 4GB', '28082025103819RAM LAPTOP 4GB DDR3 KINGSTON.jpg', 0, '0000-00-00', 'DDR3', 'KINGSTON', 6, 1),
(20250268, '20250268', 'RAM LAPTOP', '28082025103736RAM LAPTOP 4GB DDR3 KINGSTON.jpg', 0, '0000-00-00', 'DDR3', 'KINGSTON', 6, 1),
(20250269, '20250269', 'RAM LAPTOP', '28082025103716RAM LAPTOP DDR3 SSSC.JPG', 0, '0000-00-00', 'DDR3', 'SSSC', 6, 1),
(20250270, '20250270', 'LITHIUM IMPACT DRILL', '28082025103648LITHIUM IMPACT DRILL DC-340 NRT-PRO.jpg', 0, '0000-00-00', 'DC-340', 'NRT-PRO', 10, 1),
(20250271, '20250271', '32-IN-1 ELECTRON SCREW DRIVER SET', '2808202510335232-IN-1 ELECTRON SCREW DRIVER SET TP-6032D M-TECH.jpg', 0, '0000-00-00', 'TP-6032D', 'M-TECH', 10, 1),
(20250272, '20250272', 'KEYBOARD', '28082025103329KEYBOARD KB2308N VOTRE.jpg', 0, '0000-00-00', 'KB2308N', 'VOTRE', 1, 8),
(20250273, '20250273', 'MOUSE', '28082025103306MOUSE ALCATROZ.jpg', 0, '0000-00-00', '-', 'ALCATROZ', 1, 2),
(20250274, '20250274', 'PRINTER', '28082025103241PRINTER 315 HP.jpg', 0, '0000-00-00', '315', 'HP', 1, 1),
(20250275, '20250275', 'PROYEKTOR', '28082025101431PROYEKTOR XII6IN ACER.jpg', 17, '0000-00-00', 'XII6IN', 'ACER', 1, 1),
(20250276, '20250276', '16 CH DIGITAL VIDEO RECORDER', '2808202510083116 CH DIGITAL VIDEO RECORDER KM-8516 H,256.jpg', 17, '0000-00-00', 'KM-8516', 'H,256', 1, 1),
(20250277, '20250277', 'UPS', '28082025100812UPS 1750G2 HP.jpg', 17, '0000-00-00', '1750G2', 'HP', 7, 4),
(20250278, '20250278', 'COLOKAN LISTRIK 3 LUBANG', '28082025100751COLOKAN LISTRIK 3 LUBANG.jpg', 18, '0000-00-00', '-', '-', 7, 2),
(20250279, '20250279', 'COLOKAN LISTRIK 4 LUBANG', '28082025100730COLOKAN LISTRIK 4 LUBANG.jpg', 18, '0000-00-00', '-', '-', 7, 1),
(20250280, '20250280', 'COLOKAN LISTRIK 5 LUBANG', '28082025100708COLOKAN LISTRIK 5 LUBANG.jpg', 18, '0000-00-00', '-', '-', 7, 1),
(20250281, '20250281', 'KABEL SATA', '28082025100628KABEL SATA.jpg', 19, '0000-00-00', '-', '-', 13, 0),
(20250282, '20250282', 'KABEL HDMI', '28082025095439KABEL HDMI.jpg', 19, '0000-00-00', '-', '-', 13, 22),
(20250283, '20250283', 'KABEL VGA', '28082025095418KABEL VGA.jpg', 19, '0000-00-00', '-', '-', 13, 22),
(20250284, '20250284', 'KABEL PRINTER TO USB', '28082025095349KABEL PRINTER TO USB.jpg', 19, '0000-00-00', '-', '-', 13, 7),
(20250285, '20250285', 'POWER CORD EU PLUG', '28082025095328POWER CORD EU PLUG.jpg', 20, '0000-00-00', '-', '-', 7, 32),
(20250286, '20250286', 'POWER CORD UK PLUG', '28082025095309POWER CORD UK PLUG.jpg', 20, '0000-00-00', '-', '-', 7, 4),
(20250287, '20250287', 'POWER CORD C7', '28082025095043POWER CORD C7.jpg', 20, '0000-00-00', '-', '-', 7, 4),
(20250288, '20250288', 'POWER CORD EU PLUG', '28082025095023POWER CORD EU PLUG.jpg', 21, '0000-00-00', '-', '-', 7, 29),
(20250289, '20250289', 'POWER CORD C13 C14', '28082025094927POWER CORD C13 C14.jpg', 21, '0000-00-00', '-', '-', 7, 6),
(20250290, '20250290', 'POWER CORD US PLUG', '28082025094902POWER CORD US PLUG.jpg', 21, '0000-00-00', '-', '-', 7, 1),
(20250291, '20250291', 'POWER ADAPTER', '28082025094514POWER ADAPTER.jpg', 22, '0000-00-00', '-', '-', 4, 10),
(20250292, '20250292', 'PRINTER', '28082025094453PRINTER L120 EPSON.jpg', 0, '0000-00-00', 'L120', 'EPSON', 1, 1),
(20250293, '20250293', 'PRINTER', '28082025094418PRINTER L3210 EPSON.jpg', 0, '0000-00-00', 'L3210', 'EPSON', 1, 1),
(20250294, '20250294', '8 PORT GIGABIT SWITCH', '280820250943498 PORT GIGABIT SWITCH TL-59108 TP-LINK.jpg', 0, '0000-00-00', 'TL-59108', 'TP-LINK', 19, 1),
(20250295, '20250295', 'LAPTOP', '28082025094315LAPTOP ASPIRE 3 ACER.jpg', 0, '0000-00-00', 'ASPIRE 3', 'ACER', 1, 2),
(20250296, '20250296', 'TANGGA LIPAT', '29082025095751TANGGA LIPAT.jpg', 0, '0000-00-00', '-', '-', 1, 1),
(20250297, '20250297', 'LAPTOP NO 43', '28082025094232LAPTOP 1710 ADVAN.jpg', 5, '0000-00-00', '1701', 'ADVAN', 1, 1),
(20250298, '20250298', 'PC', '28082025094111PC DELL.JPG', 0, '0000-00-00', '-', 'DELL', 1, 2),
(20250299, '20250299', 'LCD MONITOR', '28082025094043LCD MONITOR IN1930F DELL.jpg', 0, '0000-00-00', 'IN1930F', 'DELL', 1, 1),
(20250300, '20250300', 'LCD MONITOR', '28082025093954LCD MONITOR LG..jpg', 0, '0000-00-00', '-', 'LG', 1, 1),
(20250301, '20250301', 'LCD MONITOR', '28082025093838LCD MONITOR BDT176LM MITSHUBISHI.jpg', 0, '0000-00-00', 'BDT176LM', 'MITSHUBISHI', 1, 1),
(20250302, '20250302', 'LCD MONITOR', '28082025093817LCD MONITOR G2221SF10 LENOVO.jpg', 0, '0000-00-00', 'G2221SF10', 'LENOVO', 1, 1),
(20250303, '20250303', 'LAPTOP', '28082025093717LAPTOP IDEAPAD 330-14AST LENOVO.jpg', 0, '0000-00-00', 'IDEAPAD 330-14AST', 'LENOVO', 1, 1),
(20250304, '20250304', 'LAPTOP', '28082025093620LAPTOP IDEAPAD S145 LENOVO.jpg', 0, '0000-00-00', 'IDEAPAD S145', 'LENOVO', 1, 1),
(20250305, '20250305', 'LAPTOP', '28082025093549LAPTOP HIQSI ACER.jpg', 0, '0000-00-00', 'HIQSI', 'ACER', 1, 1),
(20250306, '20250306', 'LAPTOP NO 44', '28082025093514LAPTOP 1710 ADVAN.jpg', 0, '0000-00-00', '1710', 'ADVAN', 1, 1),
(20250307, '20250307', 'PERSONAL COMPUTER TRAINER', '240920251158444df0e81e-3f49-4d83-a82b-4d8c8c1242c7.jpg', 0, '0000-00-00', '-', '-', 1, 1),
(20250308, '20250308', 'LAPTOP NO 41', '28082025093436LAPTOP NO 41 ASPIRE E14 ACER.jpg', 5, '0000-00-00', 'ASPIRE E14', 'ACER', 1, 2),
(20250309, '20250309', 'LAPTOP NO 42', '28082025092240LAPTOP 1710 ADVAN.jpg', 5, '0000-00-00', '1701', 'ADVAN', 1, 0),
(20250310, '20250310', 'CARD SCANNER', '28082025092212CARD SCANNER NUVIA N20 POINT MAN.jpg', 0, '0000-00-00', 'NUVIA N20', 'POINT MAN', 1, 1),
(20250311, '20250311', 'SOLDER', '27082025143415SOLDER 1.jpg', 0, '0000-00-00', '-', '-', 1, 1),
(20250312, '20250312', 'HDMI TO VGA ADAPTER', '24092025125312CONVERTER HDMI TO VGA .jpg', 0, '2025-09-24', '-', '-', 17, 2),
(20250313, '20250313', 'PRESENTER LASER POINT', '25092025111325PRESENTER LASER POINTER INDOSKY.jpg', 1, '2025-09-19', '-', 'INDOSKY', 10, 5),
(20250314, '20250314', 'MINI HDMI SWITCHER', '25092025111302MINI HDMI SWITCHER GAINTECH.JPG', 0, '2025-09-19', '-', 'GAINTECH', 10, 2),
(20250315, '20250315', 'PROCESSOR PENTIUM G620', '25092025111818PROCESSOR PENTIUM G620 INTEL.jpg', 0, '2025-09-19', 'PENTIUM G620', 'INTEL', 1, 10),
(20250316, '20250316', 'HDMI SPLITER 4K 4 PORT', '25092025115351HDMI SPLITER 4K.JPG', 0, '2025-09-19', 'DT7144', 'DTECH', 10, 2),
(20250317, '20250317', 'USB STANDART KEYBOARD', '25092025114825USB STANDART KEYBOARD STK-01 M-TECH .jpg', 0, '2025-09-19', 'STK-01', 'M-TECH', 1, 0),
(20250318, '20250318', 'WIRED MULTI KEYBOARD', '25092025115442WIRED MULTI KEYBOARD ZK17 HZ.JPG', 0, '2025-09-19', 'ZK17', 'HZ', 1, 0),
(20250319, '20250319', 'FLASH DISK 16GB ', '25092025115601FLASH DISK 16GB SANDISK .JPG', 0, '2025-09-19', '16GB CRUZER GLIDER', 'SANDISK', 6, 14),
(20250320, '20250320', 'WIRELESS KARAOKE SPEAKER', '25092025115724WIRELESS KARAOKE SPEAKER YS-203.JPG', 0, '2025-09-19', 'YS-203', '-', 10, 1),
(20250321, '20250321', 'WIFI ACCESS POINT', '25092025115010WIFI ACCESS POINT UBIQUITI UNIFI AP AC PRO UNIFI.JPG', 0, '2025-09-19', 'UBIQUITI UNIFI AP AC PRO', 'UNIFI', 10, 0),
(20250322, '20250322', 'TINTA BOTOL WARNA HITAM 003', '25092025114743TINTA BOTOL WARNA HITAM 003 EPSON.jpg', 15, '2025-09-19', '003', 'EPSON', 10, 5),
(20250323, '20250323', 'TINTAL BOTOL WARNA MAGENTA 003', '25092025114711TINTA BOTOL WARNA MAGENTA 003 EPSON.jpg', 0, '2025-09-19', '003', 'EPSON', 10, 1),
(20250324, '20250324', 'TINTA BOTOL WARNA SIAN 003', '25092025114651TINTA BOTOL WARNA SIAN 003 EPSON.jpg', 0, '2025-09-19', '003', 'EPSON', 10, 1),
(20250325, '20250325', 'TINTA BOTOL WARNA KUNING 003', '25092025114629TINTA BOTOL WARNA KUNING 003 EPSON.jpg', 15, '2025-09-19', '003', 'EPSON', 10, 1),
(20250326, '20250326', 'POWER SUPPLY 500 WATT EYOTA', '25092025112057POWER SUPPLY 500WATT EYOTA.JPG', 13, '2025-09-19', '500 WATT', 'EYOTA', 7, 9),
(20250327, '20250327', 'POWER SUPPLY 500 WATT VARRO', '25092025112244POWER SUPPLY 500 WATT VARRO.PG.webp', 13, '2025-09-19', '500 WATT', 'VARRO', 7, 3),
(20250328, '20250328', 'VGA SPLITTER 2 PORT NYK', '25092025112129VGA SPLITTER 2 PORT NYK.JPG', 1, '2025-09-19', '2 PORT', 'NYK', 10, 1),
(20250329, '20250329', 'KABEL HDMI 1,5M', '25092025111913KABEL HDMI 1,5M 4K ULTRA HD RX7.jpg', 14, '2025-09-19', '-', '-', 1, 9),
(20250330, '20250330', 'KABEL VGA 1,5M', '25092025111844KABEL VGA.jpg', 14, '2025-09-19', '-', '-', 13, 9),
(20250331, '20250331', 'PHOTO PAPER A4', '25092025114554PHOTO PAPER A4 210 GSM CLEO.JPG', 1, '2025-09-19', '210 GSM', 'CLEO', 10, 5),
(20250332, '20250332', 'MOTHERBOARD H81', '25092025114510MOTHERBOARD H81 VARRO.JPG', 13, '2025-09-19', 'H81', 'VARRO', 9, 0),
(20250333, '20250333', 'BATERAI ABC ALKALINE AA', '25092025120018BATERAI ALKALINE AA.JPG', 14, '2025-09-19', 'AA', 'ABC', 7, 49),
(20250334, '20250334', 'KEYBOARD DUAL MODE WIRELESS', '68db618d1ead0.png', 13, '2025-09-19', 'KB-BW06 ', 'MIKUSO ', 1, 1),
(20250335, '20250335', 'WIRELESS N NANO USB ADAPTER', '68ec7daa35391.png', 1, '2025-09-19', 'TL-WN725N', 'TP-LINK', 1, 1),
(20250336, '20250336', 'TRIPOD', '27112025104537jete.jpg', 8, '2025-01-01', 'H7', 'JETE', 10, 4),
(20250337, '20250337', 'LAPTOP NO 9', '05032026111913IDEAPAD 110-14LBR LENOVO.jpg', 2, '2026-03-05', 'IDEAPAD 110-14LBR', 'LENOVO', 10, 1),
(20260001, '20260001', 'MINI DIAGONAL PLIERS CUTTERS', '69a664f614b10.png', 15, '2026-03-03', 'DT-FP 170', 'DETON', 10, 1),
(20260002, '20260002', 'DIAGONAL PLIERS 6', '69a6666c2ae1c.png', 15, '2026-03-03', 'PL-DG0762', 'TEKIRO', 10, 1),
(20260003, '20260003', 'LONG NOSE PLIERS 6\"', '69a6671301bc7.png', 15, '2026-03-03', 'PL-LN0760', 'TEKIRO', 10, 1),
(20260004, '20260004', 'POWER SUPPLY RM850E ', '69df06d6aa03d.png', 14, '2026-02-09', '850W 80+ GOLD – FULL MODULAR', 'CORSAIR ', 2, 1),
(20260005, '20260005', 'CASING PC', '69df079534f36.png', 1, '2026-02-09', 'AIR 1000 LITE Black', 'MONTECH', 10, 1),
(20260006, '20260006', 'Printer  Epson L3210', '69df0894a2718.png', 1, '2026-02-09', 'L3210 ', 'Epson ', 10, 1),
(20260007, '20260007', 'SOLDER BLOWER 8586', '69df0a5592601.png', 1, '2026-09-10', '8586', 'SMD', 10, 1);

--
-- Triggers `tbl_barang`
--
DELIMITER $$
CREATE TRIGGER `input_kehistory_stlh_delbrg` AFTER DELETE ON `tbl_barang` FOR EACH ROW BEGIN
	/*INSERT INTO tbl_history(id_history, jenis_aktivitas, id_brg, nama_brg, jumlah_brg, tgl_history, waktu_history) VALUES('','Delete Barang',old.id_brg, old.nama_brg, old.jumlah_brg, DATE(NOW()), TIME(NOW()));*/
    END
$$
DELIMITER ;
DELIMITER $$
CREATE TRIGGER `input_kehistory_stlh_inbrg` AFTER INSERT ON `tbl_barang` FOR EACH ROW BEGIN
	/*insert into tbl_history(id_history, jenis_aktivitas, id_brg, nama_brg, jumlah_brg, tgl_history, waktu_history) values('','Input Barang', new.id_brg, new.nama_brg, new.jumlah_brg, DATE(NOW()), TIME(NOW()));*/
    END
$$
DELIMITER ;
DELIMITER $$
CREATE TRIGGER `input_kehistory_stlh_upbrg` AFTER UPDATE ON `tbl_barang` FOR EACH ROW BEGIN
	/*NSERT INTO tbl_history(id_history, jenis_aktivitas, id_brg, nama_brg, jumlah_brg, tgl_history, waktu_history) VALUES('','Update Barang',new.id_brg, new.nama_brg, new.jumlah_brg, DATE(NOW()), TIME(NOW()));*/
    END
$$
DELIMITER ;

-- --------------------------------------------------------

--
-- Table structure for table `tbl_history`
--

CREATE TABLE `tbl_history` (
  `id_history` int(10) NOT NULL,
  `id_user` int(11) NOT NULL,
  `nama_lengkap` varchar(250) NOT NULL,
  `jenis_aktivitas` varchar(50) NOT NULL,
  `id_brg` int(10) NOT NULL,
  `nama_brg` varchar(225) NOT NULL,
  `jumlah_brg` int(10) NOT NULL,
  `tgl_history` date NOT NULL,
  `waktu_history` time NOT NULL
) ENGINE=InnoDB DEFAULT CHARSET=utf8mb4 COLLATE=utf8mb4_general_ci;

--
-- Dumping data for table `tbl_history`
--

INSERT INTO `tbl_history` (`id_history`, `id_user`, `nama_lengkap`, `jenis_aktivitas`, `id_brg`, `nama_brg`, `jumlah_brg`, `tgl_history`, `waktu_history`) VALUES
(101, 0, '', 'Pinjam', 20250004, 'KEYBOARD MECHANICAL', 1, '2025-09-01', '10:44:25'),
(102, 0, '', 'Pinjam', 20250001, 'WIRED MOUSE', 1, '2025-09-01', '10:55:19'),
(103, 0, '', 'diKembalikan', 20250001, 'WIRED MOUSE', 1, '2025-09-01', '13:00:43'),
(104, 0, '', 'diKembalikan', 20250001, 'WIRED MOUSE', 1, '2025-09-01', '13:01:07'),
(105, 0, '', 'Pinjam', 20250005, 'KEYBOARD OFFICE SUITE', 1, '2025-09-01', '01:01:55'),
(106, 0, '', 'Pinjam', 20250001, 'WIRED MOUSE', 1, '2025-09-01', '01:03:01'),
(107, 0, '', 'diKembalikan', 20250001, 'WIRED MOUSE', 1, '2025-09-01', '13:03:20'),
(108, 1867, '', 'Ambil', 20250001, 'WIRED MOUSE', 1, '2025-08-06', '08:13:59'),
(109, 1858, '', 'Ambil', 20250160, 'LITHIUM BATTERY CR-2032', 1, '2025-08-06', '08:17:58'),
(110, 1858, '', 'Ambil', 20250008, 'USB STANDART KEYBOARD', 2, '2025-08-06', '08:18:56'),
(111, 1858, '', 'Ambil', 20250077, 'TINTA BOTOL WARNA HITAM (BEKAS)', 1, '2025-08-11', '08:23:34'),
(112, 1858, '', 'Ambil', 20250077, 'TINTA BOTOL WARNA HITAM (BEKAS)', 1, '2025-09-16', '08:24:57'),
(113, 1858, '', 'Ambil', 20250073, 'KONEKTOR RJ45', 10, '2025-08-11', '08:40:58'),
(114, 1908, '', 'Ambil', 20250073, 'KONEKTOR RJ45', 10, '2025-08-14', '08:53:24'),
(115, 1858, '', 'Ambil', 20250285, 'POWER CORD EU PLUG', 1, '2025-08-19', '08:57:33'),
(116, 1858, '', 'Ambil', 20250165, 'BINDER CLIP', 2, '2025-08-19', '09:01:38'),
(117, 1858, '', 'Ambil', 20250166, 'BINDER CLIP', 2, '2025-08-19', '09:02:44'),
(118, 1858, '', 'Ambil', 20250171, 'TRIGONAL PAPER CLIP', 2, '2025-08-19', '09:03:42'),
(119, 1833, '', 'Ambil', 20250008, 'USB STANDART KEYBOARD', 1, '2025-08-20', '09:05:06'),
(120, 1867, '', 'Ambil', 20250001, 'WIRED MOUSE', 1, '2025-08-21', '09:07:00'),
(121, 1, '', 'Ambil', 20250283, 'KABEL VGA', 1, '2025-08-21', '09:08:01'),
(122, 1833, '', 'Ambil', 20250013, 'RAM 2GB 6400 Mhz', 1, '2025-08-21', '09:12:14'),
(123, 1833, '', 'Ambil', 20250160, 'LITHIUM BATTERY CR-2032', 1, '2025-08-21', '09:12:57'),
(124, 1824, '', 'Ambil', 20250073, 'KONEKTOR RJ45', 2, '2025-08-25', '09:13:55'),
(125, 1817, '', 'Ambil', 20250073, 'KONEKTOR RJ45', 1, '2025-08-27', '09:15:25'),
(126, 1833, '', 'Ambil', 20250005, 'KEYBOARD OFFICE SUITE', 1, '2025-08-27', '09:16:56'),
(127, 1858, '', 'Ambil', 20250053, 'KABEL HDMI 1,5M', 1, '2025-08-27', '09:17:37'),
(128, 1833, '', 'Ambil', 20250031, 'POWER SUPPLY 450 WATT', 1, '2025-08-27', '09:19:34'),
(129, 1833, '', 'Ambil', 20250160, 'LITHIUM BATTERY CR-2032', 1, '2025-08-27', '09:34:39'),
(130, 1908, '', 'Ambil', 20250159, 'USB DONGLE', 1, '2025-08-05', '09:35:32'),
(131, 1867, '', 'Ambil', 20250008, 'USB STANDART KEYBOARD', 2, '2025-08-29', '09:36:44'),
(132, 1867, '', 'Ambil', 20250053, 'KABEL HDMI 1,5M', 1, '2025-08-29', '09:37:56'),
(133, 1864, '', 'Ambil', 20250073, 'KONEKTOR RJ45', 2, '2025-09-03', '09:38:52'),
(134, 1864, '', 'Ambil', 20250011, 'SSD 128GB 2,5', 3, '2025-09-03', '09:39:55'),
(135, 1864, '', 'Ambil', 20250160, 'LITHIUM BATTERY CR-2032', 1, '2025-09-03', '09:40:33'),
(136, 1867, '', 'Ambil', 20250285, 'POWER CORD EU PLUG', 1, '2025-09-03', '09:41:26'),
(137, 1858, '', 'Ambil', 20250008, 'USB STANDART KEYBOARD', 1, '2025-09-03', '09:42:11'),
(138, 1858, '', 'Ambil', 20250001, 'WIRED MOUSE', 1, '2025-09-03', '09:43:32'),
(139, 1867, '', 'Ambil', 20250073, 'KONEKTOR RJ45', 2, '2025-09-03', '09:44:25'),
(140, 1866, '', 'Ambil', 20250001, 'WIRED MOUSE', 1, '2025-09-15', '09:45:05'),
(141, 1858, '', 'Ambil', 20250283, 'KABEL VGA', 1, '2025-09-15', '09:45:40'),
(142, 1858, '', 'Ambil', 20250160, 'LITHIUM BATTERY CR-2032', 1, '2025-09-15', '09:46:18'),
(143, 1864, '', 'Ambil', 20250161, 'HEATSINK COMPOUNDS', 1, '2025-09-16', '09:47:00'),
(144, 1867, '', 'Ambil', 20250024, 'KEYBOARD', 2, '2025-09-16', '09:48:02'),
(145, 1867, '', 'Ambil', 20250001, 'WIRED MOUSE', 2, '2025-09-16', '09:48:34'),
(146, 1864, '', 'Ambil', 20250011, 'SSD 128GB 2,5', 11, '2025-09-16', '09:49:37'),
(147, 1864, '', 'Ambil', 20250281, 'KABEL SATA', 41, '2025-09-16', '09:51:04'),
(148, 1864, '', 'Ambil', 20250044, 'HDD 160GB 3,5', 1, '2025-09-16', '09:52:51'),
(149, 1864, '', 'Ambil', 20250039, 'HDD 160GB 3,5', 2, '2025-09-16', '09:53:25'),
(150, 1864, '', 'Ambil', 20250046, 'HDD 160GB 3,5', 37, '2025-09-16', '09:54:21'),
(151, 1864, '', 'Ambil', 20250046, 'HDD 160GB 3,5', 10, '2025-09-16', '09:54:41'),
(152, 0, '', 'Pinjam', 20250004, 'KEYBOARD MECHANICAL', 1, '2025-09-24', '10:49:26'),
(153, 0, '', 'Pinjam', 20250101, 'TANG KECIL', 1, '2025-09-24', '10:51:56'),
(154, 0, '', 'diKembalikan', 20250101, 'TANG KECIL', 1, '2025-09-24', '10:53:27'),
(155, 0, '', 'diKembalikan', 20250004, 'KEYBOARD MECHANICAL', 1, '2025-09-24', '10:53:32'),
(156, 0, '', 'Pinjam', 20250103, 'TANG KOMBINASI', 1, '2025-09-24', '12:47:36'),
(157, 0, '', 'diKembalikan', 20250103, 'TANG KOMBINASI', 1, '2025-09-24', '12:48:34'),
(158, 0, '', 'Pinjam', 20250308, 'LAPTOP NO 41', 1, '2025-09-24', '12:55:52'),
(159, 0, '', 'Pinjam', 20250182, 'LAPTOP NO 3', 1, '2025-09-08', '12:57:29'),
(160, 0, '', 'Pinjam', 20250309, 'LAPTOP NO 42', 1, '2025-09-03', '01:08:26'),
(161, 0, '', 'Pinjam', 20250184, 'LAPTOP NO 5', 1, '2025-09-03', '01:09:52'),
(162, 0, '', 'Pinjam', 20250219, 'STEREO HEADPHONE', 1, '2025-09-03', '01:11:14'),
(163, 0, '', 'Pinjam', 20250006, 'MOTHERBOARD ', 1, '2025-09-24', '01:31:52'),
(164, 0, '', 'diKembalikan', 20250006, 'MOTHERBOARD ', 1, '2025-09-24', '13:39:52'),
(165, 0, '', 'Pinjam', 20250311, 'SOLDER', 1, '2025-09-24', '01:41:55'),
(166, 0, '', 'diKembalikan', 20250311, 'SOLDER', 1, '2025-09-24', '13:42:04'),
(167, 1854, '', 'Ambil', 20250333, 'BATERAI ABC ALKALINE AA', 1, '2025-09-25', '12:02:41'),
(168, 1864, '', 'Ambil', 20250333, 'BATERAI ABC ALKALINE AA', 2, '2025-09-25', '12:03:11'),
(169, 0, '', 'diKembalikan', 20250184, 'LAPTOP NO 5', 1, '2025-09-25', '12:34:28'),
(170, 0, '', 'Pinjam', 20250220, 'HANDPHONE NO 1', 1, '2025-09-25', '03:56:53'),
(171, 0, '', 'Pinjam', 20250225, 'HANDPHONE NO 6', 1, '2025-09-25', '03:57:32'),
(172, 0, '', 'Pinjam', 20250313, 'PRESENTER LASER POINT', 1, '2025-09-25', '03:58:20'),
(173, 0, '', 'Pinjam', 20250219, 'STEREO HEADPHONE', 1, '2025-09-29', '09:52:03'),
(174, 0, '', 'Pinjam', 20250313, 'PRESENTER LASER POINT', 1, '2025-09-29', '10:17:54'),
(175, 0, '', 'Pinjam', 20250220, 'HANDPHONE NO 1', 1, '2025-09-30', '08:13:00'),
(176, 1, '', 'Ambil', 20250333, 'BATERAI ABC ALKALINE AA', 1, '2025-09-30', '11:08:03'),
(177, 0, '', 'Pinjam', 20250333, 'BATERAI ABC ALKALINE AA', 1, '2025-09-30', '11:31:57'),
(178, 0, '', 'Pinjam', 20250220, 'HANDPHONE NO 1', 1, '2025-09-29', '11:39:51'),
(179, 0, '', 'Pinjam', 20250225, 'HANDPHONE NO 6', 1, '2025-09-30', '11:41:04'),
(180, 1827, '', 'Ambil', 20250001, 'WIRED MOUSE', 1, '2025-10-01', '11:19:47'),
(181, 0, '', 'Pinjam', 20250229, 'HANDPHONE NO 10', 1, '2025-10-02', '11:20:45'),
(182, 1864, '', 'Ambil', 20250160, 'LITHIUM BATTERY CR-2032', 13, '2025-10-03', '08:22:15'),
(183, 1864, '', 'Ambil', 20250281, 'KABEL SATA', 3, '2025-10-03', '08:24:33'),
(184, 1864, '', 'Ambil', 20250332, 'MOTHERBOARD H81', 11, '2025-10-03', '08:28:29'),
(185, 1864, '', 'Ambil', 20250330, 'KABEL VGA 1,5M', 1, '2025-10-03', '08:30:56'),
(186, 1864, '', 'Ambil', 20250317, 'USB STANDART KEYBOARD', 3, '2025-10-03', '08:32:48'),
(187, 1864, '', 'Ambil', 20250318, 'WIRED MULTI KEYBOARD', 2, '2025-10-03', '08:33:47'),
(188, 1864, '', 'Ambil', 20250001, 'WIRED MOUSE', 15, '2025-10-03', '08:35:27'),
(189, 1867, '', 'Ambil', 20250335, 'WIRELESS N NANO USB ADAPTER', 1, '2025-10-13', '11:20:14'),
(190, 1864, '', 'Ambil', 20250321, 'WIFI ACCESS POINT', 1, '2025-10-13', '13:14:21'),
(191, 0, '', 'Pinjam', 20250309, 'LAPTOP NO 42', 1, '2025-10-14', '11:31:00'),
(192, 0, '', 'Pinjam', 20250297, 'LAPTOP NO 43', 1, '2025-10-14', '11:32:45'),
(193, 1909, '', 'Ambil', 20250166, 'BINDER CLIP', 1, '2025-11-10', '03:45:22'),
(194, 1864, '', 'Ambil', 20250333, 'BATERAI ABC ALKALINE AA', 1, '2025-11-11', '14:17:43'),
(195, 1909, '', 'Ambil', 20250165, 'BINDER CLIP', 1, '2025-11-09', '12:41:00'),
(196, 0, '', 'Pinjam', 20250155, 'WIRELESS HEADSET MICROPHONE', 1, '2025-11-14', '02:20:42'),
(197, 0, '', 'Pinjam', 20250220, 'HANDPHONE NO 1', 1, '2025-11-14', '02:22:28'),
(198, 0, '', 'Pinjam', 20250225, 'HANDPHONE NO 6', 1, '2025-11-14', '02:26:34'),
(199, 1867, '', 'Ambil', 20250333, 'BATERAI ABC ALKALINE AA', 1, '2025-11-14', '14:44:44'),
(200, 0, '', 'Pinjam', 20250334, 'KEYBOARD DUAL MODE WIRELESS', 1, '2025-11-14', '02:45:54'),
(201, 0, '', 'Pinjam', 20250333, 'BATERAI ABC ALKALINE AA', 1, '2025-11-14', '02:46:27'),
(202, 0, '', 'Pinjam', 20250333, 'BATERAI ABC ALKALINE AA', 1, '2025-11-14', '09:54:51'),
(203, 0, '', 'Pinjam', 20250329, 'KABEL HDMI 1,5M', 1, '2025-11-17', '09:57:24'),
(204, 0, '', 'Pinjam', 20250335, 'WIRELESS N NANO USB ADAPTER', 1, '2025-11-17', '10:04:48'),
(205, 0, '', 'Pinjam', 20250329, 'KABEL HDMI 1,5M', 1, '2025-11-17', '10:06:13'),
(206, 0, '', 'Pinjam', 20250329, 'KABEL HDMI 1,5M', 1, '2025-11-17', '10:12:39'),
(207, 0, '', 'Pinjam', 20250333, 'BATERAI ABC ALKALINE AA', 1, '2025-11-17', '10:15:46'),
(208, 0, '', 'Pinjam', 20250220, 'HANDPHONE NO 1', 1, '2025-11-18', '10:24:03'),
(209, 0, '', 'Pinjam', 20250221, 'HANDPHONE NO 2', 1, '2025-11-18', '10:36:01'),
(210, 0, '', 'Pinjam', 20250335, 'WIRELESS N NANO USB ADAPTER', 1, '2025-11-18', '10:59:38'),
(211, 0, '', 'Pinjam', 20250335, 'WIRELESS N NANO USB ADAPTER', 1, '2025-11-18', '11:26:30'),
(212, 0, '', 'Pinjam', 20250335, 'WIRELESS N NANO USB ADAPTER', 1, '2025-11-18', '11:27:42'),
(213, 0, '', 'Pinjam', 20250335, 'WIRELESS N NANO USB ADAPTER', 1, '2025-11-18', '11:42:12'),
(214, 0, '', 'Pinjam', 20250335, 'WIRELESS N NANO USB ADAPTER', 1, '2025-11-18', '11:44:02'),
(215, 0, '', 'Pinjam', 20250335, 'WIRELESS N NANO USB ADAPTER', 1, '2025-11-18', '11:49:00'),
(216, 0, '', 'Pinjam', 20250335, 'WIRELESS N NANO USB ADAPTER', 1, '2025-11-18', '11:52:47'),
(217, 0, '', 'Pinjam', 20250335, 'WIRELESS N NANO USB ADAPTER', 1, '2025-11-18', '11:52:54'),
(218, 0, '', 'Pinjam', 20250335, 'WIRELESS N NANO USB ADAPTER', 1, '2025-11-18', '11:54:52'),
(219, 0, '', 'Pinjam', 20250335, 'WIRELESS N NANO USB ADAPTER', 1, '2025-11-18', '11:58:56'),
(220, 0, '', 'Pinjam', 20250335, 'WIRELESS N NANO USB ADAPTER', 1, '2025-11-18', '12:10:23'),
(221, 0, '', 'Pinjam', 20250334, 'KEYBOARD DUAL MODE WIRELESS', 1, '2025-11-18', '12:12:12'),
(222, 0, '', 'Pinjam', 20250335, 'WIRELESS N NANO USB ADAPTER', 1, '2025-11-18', '12:19:32'),
(223, 0, '', 'Pinjam', 20250334, 'KEYBOARD DUAL MODE WIRELESS', 1, '2025-11-18', '12:27:51'),
(224, 0, '', 'Pinjam', 20250329, 'KABEL HDMI 1,5M', 1, '2025-11-18', '12:28:34'),
(225, 0, '', 'Pinjam', 20250329, 'KABEL HDMI 1,5M', 10, '2025-11-18', '12:32:59'),
(226, 1, '', 'Ambil', 20250024, 'KEYBOARD', 4, '2025-10-31', '13:20:27'),
(227, 1864, '', 'Ambil', 20250160, 'LITHIUM BATTERY CR-2032', 3, '2025-10-31', '13:23:53'),
(228, 1864, '', 'Ambil', 20250005, 'KEYBOARD OFFICE SUITE', 2, '2025-10-31', '13:28:27'),
(229, 0, '', 'Pinjam', 20250186, 'LAPTOP NO 7', 1, '2025-01-22', '13:37:31'),
(230, 0, '', 'Pinjam', 20250186, 'LAPTOP NO 7', 1, '2025-01-30', '13:53:40'),
(231, 0, '', 'Pinjam', 20250186, 'LAPTOP NO 7', 1, '2025-11-18', '13:56:05'),
(232, 0, '', 'Pinjam', 20250334, 'KEYBOARD DUAL MODE WIRELESS', 1, '2025-11-18', '14:40:47'),
(233, 1, '', 'Pinjam', 20250334, 'KEYBOARD DUAL MODE WIRELESS', 1, '2025-11-18', '14:54:14'),
(234, 1, '', 'Pinjam', 20250334, 'KEYBOARD DUAL MODE WIRELESS', 1, '2025-11-18', '14:58:06'),
(235, 1821, '', 'Pinjam', 20250334, 'KEYBOARD DUAL MODE WIRELESS', 1, '2025-11-18', '15:02:50'),
(236, 1821, '', 'Pinjam', 20250334, 'KEYBOARD DUAL MODE WIRELESS', 1, '2025-11-18', '15:09:16'),
(237, 1873, '', 'Pinjam', 20250220, 'HANDPHONE NO 1', 1, '2025-11-17', '15:11:39'),
(238, 1873, '', 'Pinjam', 20250221, 'HANDPHONE NO 2', 1, '2025-11-17', '08:42:30'),
(239, 1867, '', 'Pinjam', 20250229, 'HANDPHONE NO 10', 1, '2025-09-01', '09:16:43'),
(240, 1874, '', 'Pinjam', 20250225, 'HANDPHONE NO 6', 1, '2025-11-17', '09:32:32'),
(241, 1874, '', 'Pinjam', 20250309, 'LAPTOP NO 42', 1, '2025-11-20', '09:46:42'),
(242, 1825, '', 'Pinjam', 20250197, 'LAPTOP NO 21', 1, '2025-11-03', '09:50:06'),
(243, 7, '', 'Pinjam', 20250186, 'LAPTOP NO 7', 1, '2025-01-22', '10:49:25'),
(244, 1867, '', 'Ambil', 20250160, 'LITHIUM BATTERY CR-2032', 1, '2025-11-24', '11:17:20'),
(245, 1858, '', 'Ambil', 20250333, 'BATERAI ABC ALKALINE AA', 4, '2025-11-26', '10:20:31'),
(246, 1864, '', 'Ambil', 20250152, '8 PORT GIGABIT SWITCH', 3, '2025-10-31', '10:21:45'),
(247, 1864, '', 'Ambil', 20250319, 'FLASH DISK 16GB ', 10, '2025-11-21', '10:22:26'),
(248, 1866, '', 'Pinjam', 20250306, 'LAPTOP NO 44', 1, '2025-09-08', '10:24:56'),
(249, 1864, '', 'Ambil', 20250236, 'CASING PC 450 WATT', 27, '2025-09-29', '10:36:13'),
(250, 1859, '', 'Pinjam', 20250336, 'TRIPOD', 1, '2025-11-27', '10:50:15'),
(251, 1859, '', 'Pinjam', 20250222, 'HANDPHONE NO 3', 1, '2025-11-27', '10:53:40'),
(252, 1864, '', 'Ambil', 20250244, 'PROCESSOR', 3, '2025-09-29', '10:56:33'),
(253, 1864, '', 'Ambil', 20250010, 'SSD 256GB 2,5', 13, '2025-09-29', '11:00:32'),
(254, 1864, '', 'Ambil', 20250109, 'KABEL TIES KECIL HITAM', 80, '2025-11-27', '11:09:36'),
(255, 1858, '', 'Ambil', 20250002, 'MOUSE WIRELESS', 1, '2025-10-27', '11:44:34'),
(256, 7, '', 'Pinjam', 20250186, 'LAPTOP NO 7', 1, '2025-01-22', '12:24:15'),
(257, 13, '', 'Pinjam', 20250186, 'LAPTOP NO 7', 1, '2025-01-30', '12:31:10'),
(258, 1295, '', 'Pinjam', 20250228, 'HANDPHONE NO 9', 1, '2025-02-03', '12:32:53'),
(259, 1327, '', 'Pinjam', 20250225, 'HANDPHONE NO 6', 1, '2025-02-03', '13:10:45'),
(260, 1273, '', 'Pinjam', 20250223, 'HANDPHONE NO 4', 1, '2025-02-03', '13:37:41'),
(261, 21, '', 'Pinjam', 20250227, 'HANDPHONE NO 8', 1, '2025-02-03', '14:00:32'),
(263, 1320, '', 'Pinjam', 20250224, 'HANDPHONE NO 5', 1, '2025-02-03', '14:14:01'),
(264, 31, '', 'Pinjam', 20250221, 'HANDPHONE NO 2', 1, '2025-02-03', '14:37:44'),
(265, 1293, '', 'Pinjam', 20250220, 'HANDPHONE NO 1', 1, '2025-02-03', '14:38:17'),
(266, 1329, '', 'Pinjam', 20250226, 'HANDPHONE NO 7', 1, '2025-02-03', '14:39:23'),
(267, 1901, '', 'Ambil', 20250104, 'BATERAI ABC ALKALINE AAA', 2, '2026-04-17', '00:00:00'),
(268, 1854, '', 'Pinjam', 20250309, 'LAPTOP NO 42', 1, '2025-12-08', '10:40:44'),
(269, 1295, '', 'Pinjam', 20250228, 'HANDPHONE NO 9', 1, '2025-02-03', '10:57:09'),
(270, 1327, '', 'Pinjam', 20250225, 'HANDPHONE NO 6', 1, '2025-02-03', '10:58:01'),
(271, 1273, '', 'Pinjam', 20250223, 'HANDPHONE NO 4', 1, '2025-02-03', '10:59:04'),
(272, 21, '', 'Pinjam', 20250227, 'HANDPHONE NO 8', 1, '2025-02-03', '10:59:48'),
(273, 1320, '', 'Pinjam', 20250224, 'HANDPHONE NO 5', 1, '2025-02-03', '11:00:20'),
(274, 31, '', 'Pinjam', 20250221, 'HANDPHONE NO 2', 1, '2025-02-03', '11:01:02'),
(275, 36, '', 'Pinjam', 20250220, 'HANDPHONE NO 1', 1, '2025-02-03', '11:01:38'),
(276, 1329, '', 'Pinjam', 20250226, 'HANDPHONE NO 7', 1, '2025-02-03', '11:02:32'),
(277, 1260, '', 'Pinjam', 20250222, 'HANDPHONE NO 3', 1, '2025-02-03', '11:07:41'),
(278, 0, '', 'Pinjam', 20250184, 'LAPTOP NO 5', 1, '2025-02-03', '09:51:55'),
(279, 1872, '', 'Pinjam', 20250218, 'STEREO HEADSET', 1, '2025-08-01', '10:41:18'),
(280, 1871, '', 'Pinjam', 20250186, 'LAPTOP NO 7', 1, '2025-08-14', '10:42:07'),
(281, 84, '', 'Pinjam', 20250184, 'LAPTOP NO 5', 1, '2025-08-25', '10:43:37'),
(282, 84, '', 'Pinjam', 20250186, 'LAPTOP NO 7', 1, '2025-08-27', '10:54:09'),
(283, 1848, '', 'Pinjam', 20250186, 'LAPTOP NO 7', 1, '2025-09-01', '10:58:27'),
(284, 1848, '', 'Pinjam', 20250218, 'STEREO HEADSET', 1, '2025-09-01', '10:59:00'),
(285, 1847, '', 'Pinjam', 20250184, 'LAPTOP NO 5', 1, '2025-09-03', '10:59:50'),
(286, 1854, '', 'Pinjam', 20250309, 'LAPTOP NO 42', 1, '2025-09-03', '11:00:29'),
(287, 1825, '', 'Pinjam', 20250337, 'LAPTOP NO 9', 1, '2025-09-04', '11:26:24'),
(288, 995, '', 'Pinjam', 20250186, 'LAPTOP NO 7', 1, '2025-09-08', '11:43:52'),
(289, 749, '', 'Pinjam', 20250190, 'LAPTOP NO 14', 1, '2025-09-08', '11:44:47'),
(290, 1872, '', 'Pinjam', 20250309, 'LAPTOP NO 42', 1, '2025-09-27', '11:51:05'),
(291, 1874, '', 'Pinjam', 20250218, 'STEREO HEADSET', 1, '2025-09-29', '11:58:46'),
(292, 452, '', 'Pinjam', 20250337, 'LAPTOP NO 9', 1, '2025-10-23', '12:05:23'),
(293, 1334, '', 'Pinjam', 20250200, 'LAPTOP NO 25', 1, '2025-10-30', '12:09:05'),
(294, 1334, '', 'Pinjam', 20250199, 'LAPTOP NO 23', 1, '2025-10-30', '12:09:41'),
(295, 1331, '', 'Pinjam', 20250337, 'LAPTOP NO 9', 1, '2025-11-04', '12:12:17'),
(296, 1331, '', 'Pinjam', 20250337, 'LAPTOP NO 9', 1, '2025-12-10', '10:03:03'),
(297, 1908, '', 'Pinjam', 20250197, 'LAPTOP NO 21', 1, '2025-11-03', '10:05:18'),
(298, 1874, '', 'Pinjam', 20250309, 'LAPTOP NO 42', 1, '2025-11-20', '10:07:41'),
(299, 790, '', 'Pinjam', 20250186, 'LAPTOP NO 7', 1, '2025-12-10', '10:20:47'),
(300, 751, '', 'Pinjam', 20250199, 'LAPTOP NO 23', 1, '2026-01-21', '10:31:47'),
(301, 1820, '', 'Pinjam', 20250337, 'LAPTOP NO 9', 1, '2026-02-10', '10:40:33'),
(302, 790, '', 'Pinjam', 20250197, 'LAPTOP NO 21', 1, '2025-03-03', '10:43:02'),
(303, 790, '', 'Pinjam', 20250337, 'LAPTOP NO 9', 1, '2026-04-06', '10:26:07'),
(304, 1852, '', 'Pinjam', 20250227, 'HANDPHONE NO 8', 1, '2026-04-06', '10:27:11'),
(305, 1852, '', 'Pinjam', 20250228, 'HANDPHONE NO 9', 1, '2026-04-06', '10:27:48'),
(306, 1852, '', 'Pinjam', 20250309, 'LAPTOP NO 42', 1, '2026-04-17', '07:49:44'),
(307, 1854, '', 'Pinjam', 20260005, 'CASING PC', 1, '2026-04-17', '10:31:35'),
(312, 1867, '', 'Ambil', 20250001, 'WIRED MOUSE', 1, '2025-08-06', '16:13:00'),
(313, 1867, '', 'Ambil', 20250001, 'WIRED MOUSE', 2, '2025-08-21', '16:45:08');

-- --------------------------------------------------------

--
-- Table structure for table `tbl_history_pinjam`
--

CREATE TABLE `tbl_history_pinjam` (
  `id_histpinjam` int(20) NOT NULL,
  `id_pinjaman` int(20) NOT NULL,
  `id_brg` int(20) NOT NULL,
  `id_user` int(20) NOT NULL,
  `nama_brg` varchar(200) NOT NULL,
  `nama_lengkap` varchar(200) NOT NULL,
  `jumlahbrg_pinjam` int(50) NOT NULL,
  `jumlahbrg_kembali` int(50) NOT NULL,
  `tujuan_gunabarang` varchar(225) NOT NULL,
  `tgl_pinjam` date NOT NULL,
  `tgl_perkiraan_balik` date NOT NULL,
  `tgl_kembali` date NOT NULL
) ENGINE=InnoDB DEFAULT CHARSET=utf8mb4 COLLATE=utf8mb4_general_ci;

--
-- Dumping data for table `tbl_history_pinjam`
--

INSERT INTO `tbl_history_pinjam` (`id_histpinjam`, `id_pinjaman`, `id_brg`, `id_user`, `nama_brg`, `nama_lengkap`, `jumlahbrg_pinjam`, `jumlahbrg_kembali`, `tujuan_gunabarang`, `tgl_pinjam`, `tgl_perkiraan_balik`, `tgl_kembali`) VALUES
(1, 1, 20250220, 1873, '', '', 1, 1, 'MEMBUAT VIDIO', '2025-11-17', '2025-11-17', '2025-11-18'),
(2, 2, 20250221, 1873, '', '', 1, 1, 'MEMBUAT VIDEO', '2025-11-17', '2025-11-18', '2025-11-20'),
(3, 3, 20250229, 1867, '', '', 1, 0, 'MEDIA PEMBELAJARAN', '2025-09-01', '2025-11-20', '0000-00-00'),
(4, 4, 20250225, 1874, '', '', 1, 1, 'MEMBUAT VIDEO PPG', '2025-11-17', '2025-11-20', '2025-11-18'),
(5, 5, 20250309, 1874, '', '', 1, 1, 'PPG', '2025-11-20', '2025-11-20', '2025-11-24'),
(6, 6, 20250197, 1825, '', '', 1, 1, 'TKA', '2025-11-03', '2025-11-20', '2025-11-11'),
(7, 7, 20250186, 7, '', '', 1, 1, 'MEMBUAT DOKUMEN KEMAH', '2025-01-22', '2025-01-22', '2025-01-27'),
(8, 8, 20250306, 1866, '', '', 1, 0, 'PEMBELAJRAN', '2025-09-08', '2025-11-27', '0000-00-00'),
(9, 9, 20250336, 1859, '', '', 1, 1, 'MEMBUAT VIDEO', '2025-11-27', '2025-11-27', '2025-11-28'),
(10, 10, 20250222, 1859, '', '', 1, 1, 'MEMBUAT VIDEO', '2025-11-27', '2025-11-27', '2025-11-28'),
(11, 11, 20250186, 7, '', '', 1, 1, 'MEMBUAT DOKUMEN KEMAH', '2025-01-22', '2025-01-22', '2025-01-23'),
(12, 12, 20250186, 13, '', '', 1, 1, 'MEMBUAT DATA PRAMUKA', '2025-01-30', '2025-01-30', '2025-01-30'),
(13, 13, 20250228, 1295, '', '', 1, 1, 'PEMBELAJARAN', '2025-02-03', '2025-02-03', '2025-02-03'),
(14, 14, 20250225, 1327, '', '', 1, 1, 'PEMBELAJARAN', '2025-02-03', '2025-02-03', '2025-02-03'),
(15, 15, 20250223, 1273, '', '', 1, 1, 'PEMBELAJARAN', '2025-02-03', '2025-02-03', '2025-02-03'),
(16, 16, 20250227, 21, '', '', 1, 1, 'PEMBELAJARAN', '2025-02-03', '2025-02-03', '2025-02-03'),
(18, 18, 20250224, 1320, '', '', 1, 1, 'PEMBELAJARAN', '2025-02-03', '2025-02-03', '2025-02-03'),
(19, 19, 20250221, 31, '', '', 1, 1, 'PEMBELAJARAN', '2025-02-03', '2025-02-03', '2025-02-03'),
(20, 20, 20250220, 1293, '', '', 1, 1, 'PEMBELAJARAN', '2025-02-03', '2025-02-03', '2025-02-03'),
(21, 21, 20250226, 1329, '', '', 1, 1, 'PEMBELAJARAN', '2025-02-03', '2025-02-03', '2025-02-03'),
(22, 22, 20250309, 1854, '', '', 1, 1, 'MEMBUAT NILAI', '2025-12-08', '2025-12-31', '2026-02-05'),
(23, 23, 20250228, 1295, '', '', 1, 1, 'PEMBELAJARAN', '2025-02-03', '2025-02-03', '2025-02-03'),
(24, 24, 20250225, 1327, '', '', 1, 1, 'PEMBELAJARAN', '2025-02-03', '2025-02-03', '2025-02-03'),
(25, 25, 20250223, 1273, '', '', 1, 1, 'PEMBELAJARAN', '2025-02-03', '2025-02-03', '2025-02-03'),
(26, 26, 20250227, 21, '', '', 1, 1, 'PEMBELAJARAN', '2025-02-03', '2025-02-03', '2025-02-03'),
(27, 27, 20250224, 1320, '', '', 1, 1, 'PEMBELAJARAN', '2025-02-03', '2025-02-03', '2025-02-03'),
(28, 28, 20250221, 31, '', '', 1, 1, 'PEMBELAJARAN', '2025-02-03', '2025-02-03', '2025-02-03'),
(29, 29, 20250220, 36, '', '', 1, 1, 'PEMBELAJARAN', '2025-02-03', '2025-02-03', '0025-01-31'),
(30, 30, 20250226, 1329, '', '', 1, 1, 'PEMBELAJARAN', '2025-02-03', '2025-02-03', '2025-02-03'),
(31, 31, 20250222, 1260, '', '', 1, 1, 'PEMBELAJARAN', '2025-02-03', '2025-02-03', '2025-02-03'),
(32, 32, 20250184, 0, '', '', 1, 1, 'LATIHAN UJIAN', '2025-02-03', '2025-02-03', '2025-02-03'),
(33, 33, 20250218, 1872, '', '', 1, 1, 'PPG', '2025-08-01', '2025-08-01', '2025-08-01'),
(34, 34, 20250186, 1871, '', '', 1, 1, 'MGMP', '2025-08-14', '2025-08-14', '2025-08-18'),
(35, 35, 20250184, 84, '', '', 1, 1, 'PRAKTIK', '2025-08-25', '2025-08-05', '2025-08-25'),
(36, 36, 20250186, 84, '', '', 1, 1, 'PRAKTIK\r\n', '2025-08-27', '2025-08-27', '2025-08-28'),
(37, 37, 20250186, 1848, '', '', 1, 1, 'PPG', '2025-09-01', '2025-09-08', '2025-09-02'),
(38, 38, 20250218, 1848, '', '', 1, 1, 'PPG\r\n', '2025-09-01', '2025-09-08', '2025-09-30'),
(39, 39, 20250184, 1847, '', '', 1, 1, 'PRIBADI', '2025-09-03', '2025-09-10', '2025-09-25'),
(40, 40, 20250309, 1854, '', '', 1, 1, 'PPG', '2025-09-03', '2025-09-10', '2025-10-23'),
(41, 41, 20250337, 1825, '', '', 1, 1, '-', '2025-09-04', '2025-09-11', '2025-09-09'),
(42, 42, 20250186, 995, '', '', 1, 1, 'LAPORAN', '2025-09-08', '2025-09-15', '2025-02-08'),
(43, 43, 20250190, 749, '', '', 1, 1, 'KESENIAN', '2025-09-08', '2025-09-15', '2025-09-08'),
(44, 44, 20250309, 1872, '', '', 1, 1, 'PPG', '2025-09-27', '2025-10-04', '2025-10-01'),
(45, 45, 20250218, 1874, '', '', 1, 1, 'ZOOM', '2025-09-29', '2025-10-06', '2025-09-30'),
(46, 46, 20250337, 452, '', '', 1, 1, 'IPJ', '2025-10-23', '2025-10-30', '2025-10-30'),
(47, 47, 20250200, 1334, '', '', 1, 1, 'LAPORAN', '2025-10-30', '2025-11-06', '2025-10-31'),
(48, 48, 20250199, 1334, '', '', 1, 1, 'LAPORAN', '2025-10-30', '2025-11-06', '2025-10-31'),
(49, 49, 20250337, 1331, '', '', 1, 1, 'LPJ', '2025-11-04', '2025-11-11', '2025-12-10'),
(50, 50, 20250337, 1331, '', '', 1, 1, 'LPJ', '2025-12-10', '2025-12-17', '2025-12-10'),
(51, 51, 20250197, 1908, '', '', 1, 1, 'TKA', '2025-11-03', '2025-11-10', '2025-11-11'),
(52, 52, 20250309, 1874, '', '', 1, 1, 'PPG', '2025-11-20', '2025-11-27', '2025-11-25'),
(53, 53, 20250186, 790, '', '', 1, 1, 'DATA OSIS', '2025-12-10', '2025-12-17', '2026-12-10'),
(54, 54, 20250199, 751, '', '', 1, 1, 'PROPOSAL', '2026-01-21', '2026-01-28', '2026-02-25'),
(55, 55, 20250337, 1820, '', '', 1, 1, 'KETIK SOAL', '2026-02-10', '2026-02-17', '2026-03-13'),
(56, 56, 20250197, 790, '', '', 1, 1, 'KEPERLUAN OSIS', '2025-03-03', '2025-03-10', '2026-03-31'),
(57, 57, 20250337, 790, '', '', 1, 1, 'KEPERLUAN OSIS', '2026-04-06', '2026-04-07', '2026-04-07'),
(58, 58, 20250227, 1852, '', '', 1, 1, 'RECORD VIDEO PPG\r\n', '2026-04-06', '2026-04-13', '2026-04-09'),
(59, 59, 20250228, 1852, '', '', 1, 1, 'RECORD VIDEO PPG', '2026-04-06', '2026-04-13', '2026-04-09'),
(60, 60, 20250309, 1852, '', '', 1, 0, 'PPG', '2026-04-17', '2026-04-24', '0000-00-00'),
(61, 61, 20260005, 1854, '', '', 1, 1, 'test', '2026-04-17', '2026-04-24', '2026-04-17');

-- --------------------------------------------------------

--
-- Table structure for table `tbl_kategori`
--

CREATE TABLE `tbl_kategori` (
  `id_kategori` int(10) NOT NULL,
  `nama_kategori` varchar(50) NOT NULL
) ENGINE=InnoDB DEFAULT CHARSET=utf8mb4 COLLATE=utf8mb4_general_ci;

--
-- Dumping data for table `tbl_kategori`
--

INSERT INTO `tbl_kategori` (`id_kategori`, `nama_kategori`) VALUES
(1, 'Input'),
(2, 'Output'),
(3, 'Jaringan'),
(4, 'Kelistrikan'),
(5, 'Mainboard'),
(6, 'Memori'),
(7, 'Penghantar Tegangan'),
(8, 'Plug and Play'),
(9, 'Mainboard'),
(10, 'Tools'),
(11, 'Connector'),
(12, 'Cable Taster'),
(13, 'Cable'),
(14, 'Cable IDE'),
(15, 'Pelindung Konektor'),
(16, 'Casing Hardisk'),
(17, 'Converter'),
(18, 'Network Adapter'),
(19, 'Mikrotik'),
(20, 'Speaker Aktif'),
(21, 'Sound Controller');

-- --------------------------------------------------------

--
-- Table structure for table `tbl_organisasi`
--

CREATE TABLE `tbl_organisasi` (
  `id_organisasi` int(10) NOT NULL,
  `nama_organisasi` varchar(50) NOT NULL
) ENGINE=InnoDB DEFAULT CHARSET=utf8mb4 COLLATE=utf8mb4_general_ci;

--
-- Dumping data for table `tbl_organisasi`
--

INSERT INTO `tbl_organisasi` (`id_organisasi`, `nama_organisasi`) VALUES
(1, 'GURU'),
(2, 'SISWA');

-- --------------------------------------------------------

--
-- Table structure for table `tbl_pinjaman`
--

CREATE TABLE `tbl_pinjaman` (
  `id_pinjaman` int(11) NOT NULL,
  `id_brg` int(20) NOT NULL,
  `nama_brg` varchar(250) NOT NULL,
  `id_user` int(10) NOT NULL,
  `nama_lengkap` varchar(250) NOT NULL,
  `tgl_pinjam` date NOT NULL,
  `tgl_perkiraan_balik` date DEFAULT NULL,
  `tgl_kembali` datetime DEFAULT NULL,
  `jumlah_pinjam` int(10) NOT NULL,
  `organisasi` varchar(50) NOT NULL,
  `tujuan_gunabarang` varchar(225) NOT NULL,
  `status` varchar(50) NOT NULL
) ENGINE=InnoDB DEFAULT CHARSET=utf8mb4 COLLATE=utf8mb4_general_ci;

--
-- Dumping data for table `tbl_pinjaman`
--

INSERT INTO `tbl_pinjaman` (`id_pinjaman`, `id_brg`, `nama_brg`, `id_user`, `nama_lengkap`, `tgl_pinjam`, `tgl_perkiraan_balik`, `tgl_kembali`, `jumlah_pinjam`, `organisasi`, `tujuan_gunabarang`, `status`) VALUES
(1, 20250220, '', 1873, '', '2025-11-17', '2025-11-17', '2025-11-18 15:11:48', 1, 'GURU', 'MEMBUAT VIDIO', 'dikembalikan'),
(2, 20250221, '', 1873, '', '2025-11-17', '2025-11-18', '2025-11-20 09:07:32', 1, 'GURU', 'MEMBUAT VIDEO', 'dikembalikan'),
(3, 20250229, '', 1867, '', '2025-09-01', '2025-11-20', NULL, 1, 'GURU', 'MEDIA PEMBELAJARAN', 'Dipinjam'),
(4, 20250225, '', 1874, '', '2025-11-17', '2025-11-20', '2025-11-18 09:36:00', 1, 'GURU', 'MEMBUAT VIDEO PPG', 'dikembalikan'),
(5, 20250309, '', 1874, '', '2025-11-20', '2025-11-20', '2025-11-24 00:00:00', 1, 'GURU', 'PPG', 'dikembalikan'),
(6, 20250197, '', 1825, '', '2025-11-03', '2025-11-20', '2025-11-11 00:00:00', 1, 'GURU', 'TKA', 'dikembalikan'),
(7, 20250186, '', 7, '', '2025-01-22', '2025-01-22', '2025-01-27 00:00:00', 1, 'SISWA', 'MEMBUAT DOKUMEN KEMAH', 'dikembalikan'),
(8, 20250306, '', 1866, '', '2025-09-08', '2025-11-27', NULL, 1, 'GURU', 'PEMBELAJRAN', 'Dipinjam'),
(9, 20250336, '', 1859, '', '2025-11-27', '2025-11-27', '2025-11-28 00:00:00', 1, 'GURU', 'MEMBUAT VIDEO', 'dikembalikan'),
(10, 20250222, '', 1859, '', '2025-11-27', '2025-11-27', '2025-11-28 00:00:00', 1, 'GURU', 'MEMBUAT VIDEO', 'dikembalikan'),
(11, 20250186, '', 7, '', '2025-01-22', '2025-01-22', '2025-01-23 00:00:00', 1, 'SISWA', 'MEMBUAT DOKUMEN KEMAH', 'dikembalikan'),
(12, 20250186, '', 13, '', '2025-01-30', '2025-01-30', '2025-01-30 00:00:00', 1, 'SISWA', 'MEMBUAT DATA PRAMUKA', 'dikembalikan'),
(13, 20250228, '', 1295, '', '2025-02-03', '2025-02-03', '2025-02-03 00:00:00', 1, 'SISWA', 'PEMBELAJARAN', 'dikembalikan'),
(14, 20250225, '', 1327, '', '2025-02-03', '2025-02-03', '2025-02-03 00:00:00', 1, 'SISWA', 'PEMBELAJARAN', 'dikembalikan'),
(15, 20250223, '', 1273, '', '2025-02-03', '2025-02-03', '2025-02-03 00:00:00', 1, 'SISWA', 'PEMBELAJARAN', 'dikembalikan'),
(16, 20250227, '', 21, '', '2025-02-03', '2025-02-03', '2025-02-03 00:00:00', 1, 'SISWA', 'PEMBELAJARAN', 'dikembalikan'),
(18, 20250224, '', 1320, '', '2025-02-03', '2025-02-03', '2025-02-03 00:00:00', 1, 'SISWA', 'PEMBELAJARAN', 'dikembalikan'),
(19, 20250221, '', 31, '', '2025-02-03', '2025-02-03', '2025-02-03 00:00:00', 1, 'SISWA', 'PEMBELAJARAN', 'dikembalikan'),
(20, 20250220, '', 1293, '', '2025-02-03', '2025-02-03', '2025-02-03 00:00:00', 1, 'SISWA', 'PEMBELAJARAN', 'dikembalikan'),
(21, 20250226, '', 1329, '', '2025-02-03', '2025-02-03', '2025-02-03 00:00:00', 1, 'SISWA', 'PEMBELAJARAN', 'dikembalikan'),
(22, 20250309, '', 1854, '', '2025-12-08', '2025-12-31', '2026-02-05 00:00:00', 1, 'GURU', 'MEMBUAT NILAI', 'dikembalikan'),
(23, 20250228, '', 1295, '', '2025-02-03', '2025-02-03', '2025-02-03 00:00:00', 1, 'SISWA', 'PEMBELAJARAN', 'dikembalikan'),
(24, 20250225, '', 1327, '', '2025-02-03', '2025-02-03', '2025-02-03 00:00:00', 1, 'SISWA', 'PEMBELAJARAN', 'dikembalikan'),
(25, 20250223, '', 1273, '', '2025-02-03', '2025-02-03', '2025-02-03 00:00:00', 1, 'SISWA', 'PEMBELAJARAN', 'dikembalikan'),
(26, 20250227, '', 21, '', '2025-02-03', '2025-02-03', '2025-02-03 00:00:00', 1, 'SISWA', 'PEMBELAJARAN', 'dikembalikan'),
(27, 20250224, '', 1320, '', '2025-02-03', '2025-02-03', '2025-02-03 00:00:00', 1, 'SISWA', 'PEMBELAJARAN', 'dikembalikan'),
(28, 20250221, '', 31, '', '2025-02-03', '2025-02-03', '2025-02-03 00:00:00', 1, 'SISWA', 'PEMBELAJARAN', 'dikembalikan'),
(29, 20250220, '', 36, '', '2025-02-03', '2025-02-03', '0025-01-31 00:00:00', 1, 'SISWA', 'PEMBELAJARAN', 'dikembalikan'),
(30, 20250226, '', 1329, '', '2025-02-03', '2025-02-03', '2025-02-03 00:00:00', 1, 'SISWA', 'PEMBELAJARAN', 'dikembalikan'),
(31, 20250222, '', 1260, '', '2025-02-03', '2025-02-03', '2025-02-03 00:00:00', 1, 'SISWA', 'PEMBELAJARAN', 'dikembalikan'),
(32, 20250184, '', 1386, '', '2025-02-03', '2025-02-03', '2025-02-03 00:00:00', 1, 'SISWA', 'LATIHAN UJIAN', 'dikembalikan'),
(33, 20250218, '', 1872, '', '2025-08-01', '2025-08-01', '2025-08-01 00:00:00', 1, 'GURU', 'PPG', 'dikembalikan'),
(34, 20250186, '', 1871, '', '2025-08-14', '2025-08-14', '2025-08-18 00:00:00', 1, 'GURU', 'MGMP', 'dikembalikan'),
(35, 20250184, '', 84, '', '2025-08-25', '2025-08-05', '2025-08-25 00:00:00', 1, 'SISWA', 'PRAKTIK', 'dikembalikan'),
(36, 20250186, '', 84, '', '2025-08-27', '2025-08-27', '2025-08-28 00:00:00', 1, 'SISWA', 'PRAKTIK\r\n', 'dikembalikan'),
(37, 20250186, '', 1848, '', '2025-09-01', '2025-09-08', '2025-09-02 00:00:00', 1, 'GURU', 'PPG', 'dikembalikan'),
(38, 20250218, '', 1848, '', '2025-09-01', '2025-09-08', '2025-09-30 00:00:00', 1, 'GURU', 'PPG\r\n', 'dikembalikan'),
(39, 20250184, '', 1847, '', '2025-09-03', '2025-09-10', '2025-09-25 00:00:00', 1, 'GURU', 'PRIBADI', 'dikembalikan'),
(40, 20250309, '', 1854, '', '2025-09-03', '2025-09-10', '2025-10-23 00:00:00', 1, 'GURU', 'PPG', 'dikembalikan'),
(41, 20250337, '', 1825, '', '2025-09-04', '2025-09-11', '2025-09-09 00:00:00', 1, 'GURU', '-', 'dikembalikan'),
(42, 20250186, '', 995, '', '2025-09-08', '2025-09-15', '2025-02-08 00:00:00', 1, 'SISWA', 'LAPORAN', 'dikembalikan'),
(43, 20250190, '', 749, '', '2025-09-08', '2025-09-15', '2025-09-08 00:00:00', 1, 'SISWA', 'KESENIAN', 'dikembalikan'),
(44, 20250309, '', 1872, '', '2025-09-27', '2025-10-04', '2025-10-01 00:00:00', 1, 'GURU', 'PPG', 'dikembalikan'),
(45, 20250218, '', 1874, '', '2025-09-29', '2025-10-06', '2025-09-30 00:00:00', 1, 'GURU', 'ZOOM', 'dikembalikan'),
(46, 20250337, '', 452, '', '2025-10-23', '2025-10-30', '2025-10-30 00:00:00', 1, 'SISWA', 'IPJ', 'dikembalikan'),
(47, 20250200, '', 1334, '', '2025-10-30', '2025-11-06', '2025-10-31 00:00:00', 1, 'SISWA', 'LAPORAN', 'dikembalikan'),
(48, 20250199, '', 1334, '', '2025-10-30', '2025-11-06', '2025-10-31 00:00:00', 1, 'SISWA', 'LAPORAN', 'dikembalikan'),
(49, 20250337, '', 1331, '', '2025-11-04', '2025-11-11', '2025-12-10 00:00:00', 1, 'SISWA', 'LPJ', 'dikembalikan'),
(50, 20250337, '', 1331, '', '2025-12-10', '2025-12-17', '2025-12-10 00:00:00', 1, 'SISWA', 'LPJ', 'dikembalikan'),
(51, 20250197, '', 1908, '', '2025-11-03', '2025-11-10', '2025-11-11 00:00:00', 1, 'SISWA', 'TKA', 'dikembalikan'),
(52, 20250309, '', 1874, '', '2025-11-20', '2025-11-27', '2025-11-25 00:00:00', 1, 'GURU', 'PPG', 'dikembalikan'),
(53, 20250186, '', 790, '', '2025-12-10', '2025-12-17', '2026-12-10 00:00:00', 1, 'murid', 'DATA OSIS', 'dikembalikan'),
(54, 20250199, '', 751, '', '2026-01-21', '2026-01-28', '2026-02-25 00:00:00', 1, 'SISWA', 'PROPOSAL', 'dikembalikan'),
(55, 20250337, '', 1820, '', '2026-02-10', '2026-02-17', '2026-03-13 00:00:00', 1, 'GURU', 'KETIK SOAL', 'dikembalikan'),
(56, 20250197, '', 790, '', '2025-03-03', '2025-03-10', '2026-03-31 00:00:00', 1, 'SISWA', 'KEPERLUAN OSIS', 'dikembalikan'),
(57, 20250337, '', 790, '', '2026-04-06', '2026-04-07', '2026-04-07 00:00:00', 1, 'SISWA', 'KEPERLUAN OSIS', 'dikembalikan'),
(58, 20250227, '', 1852, '', '2026-04-06', '2026-04-13', '2026-04-09 00:00:00', 1, 'GURU', 'RECORD VIDEO PPG\r\n', 'dikembalikan'),
(59, 20250228, '', 1852, '', '2026-04-06', '2026-04-13', '2026-04-09 00:00:00', 1, 'GURU', 'RECORD VIDEO PPG', 'dikembalikan'),
(60, 20250309, '', 1852, '', '2026-04-17', '2026-04-24', NULL, 1, 'GURU', 'PPG', 'Dipinjam'),
(61, 20260005, '', 1854, '', '2026-04-17', '2026-04-24', '2026-04-17 00:00:00', 1, 'GURU', 'test', 'dikembalikan');

-- --------------------------------------------------------

--
-- Table structure for table `tbl_riwayat_tambah`
--

CREATE TABLE `tbl_riwayat_tambah` (
  `id` int(11) NOT NULL,
  `id_brg` varchar(50) NOT NULL,
  `nama_brg` varchar(250) NOT NULL,
  `spesifikasi_brg` varchar(250) NOT NULL,
  `merk_brg` varchar(250) NOT NULL,
  `jumlah_tambah` int(11) DEFAULT NULL,
  `tanggal` date DEFAULT NULL,
  `keterangan` text DEFAULT NULL
) ENGINE=InnoDB DEFAULT CHARSET=utf8mb4 COLLATE=utf8mb4_general_ci;

--
-- Dumping data for table `tbl_riwayat_tambah`
--

INSERT INTO `tbl_riwayat_tambah` (`id`, `id_brg`, `nama_brg`, `spesifikasi_brg`, `merk_brg`, `jumlah_tambah`, `tanggal`, `keterangan`) VALUES
(31, '20260001', 'MINI DIAGONAL PLIERS CUTTERS', 'DT-FP 170', 'DETON', 1, '2026-03-03', 'Anggaran 2026'),
(32, '20260002', 'DIAGONAL PLIERS 6\"', '6\"', 'PL-DG0762', 1, '2026-03-03', 'Anggaran 2026'),
(33, '20260003', 'LONG NOSE PLIERS 6\"', 'PL-LN0760', 'TEKIRO', 1, '2026-03-03', 'Anggaran 2026'),
(34, '20250337', 'LAPTOP NO 9', 'AA', 'LENOVO', 1, '2026-03-05', '-'),
(35, '20260004', 'POWER SUPPLY RM850E ', '850W 80+ GOLD – FULL MODULAR', 'CORSAIR ', 1, '2026-04-15', 'BOS TAHAP 1 2026'),
(36, '20260005', 'CASING PC', 'AIR 1000 LITE Black', 'MONTECH', 1, '2026-04-15', 'BOS TAHAP 1 2026'),
(37, '20260006', 'Printer  Epson L3210', 'L3210 ', 'Epson ', 1, '2026-04-15', 'BOS TAHAP 1 2026'),
(38, '20260007', 'SOLDER BLOWER 8586', '8586', 'SMD', 1, '2026-04-15', 'ASTS 2026');

-- --------------------------------------------------------

--
-- Table structure for table `tbl_tiketuser`
--

CREATE TABLE `tbl_tiketuser` (
  `id_tiketuser` int(10) NOT NULL,
  `id_user` int(10) NOT NULL,
  `id_brg` int(10) NOT NULL,
  `tgl_pinjam` date NOT NULL,
  `tujuan_gunabarang` varchar(225) NOT NULL,
  `jumlah` int(50) NOT NULL,
  `status` varchar(50) NOT NULL,
  `tgl_perkiraan_balik` date NOT NULL,
  `nama_lengkap` varchar(250) NOT NULL
) ENGINE=InnoDB DEFAULT CHARSET=utf8mb4 COLLATE=utf8mb4_general_ci;

-- --------------------------------------------------------

--
-- Table structure for table `tb_user`
--

CREATE TABLE `tb_user` (
  `id_user` int(11) NOT NULL,
  `nama_lengkap` varchar(35) NOT NULL,
  `position` varchar(35) NOT NULL,
  `user` char(15) NOT NULL,
  `pass` varchar(225) NOT NULL,
  `email` varchar(100) NOT NULL,
  `no_whatsapp` varchar(13) NOT NULL,
  `temp_lahir` varchar(50) NOT NULL,
  `tgl_lahir` date NOT NULL,
  `alamat_sekarang` varchar(225) NOT NULL,
  `img_profile` varchar(100) NOT NULL,
  `id_level` enum('admin','user') NOT NULL,
  `id_organisasi` enum('GURU','SISWA') NOT NULL
) ENGINE=InnoDB DEFAULT CHARSET=utf8mb4 COLLATE=utf8mb4_general_ci;

--
-- Dumping data for table `tb_user`
--

INSERT INTO `tb_user` (`id_user`, `nama_lengkap`, `position`, `user`, `pass`, `email`, `no_whatsapp`, `temp_lahir`, `tgl_lahir`, `alamat_sekarang`, `img_profile`, `id_level`, `id_organisasi`) VALUES
(1, 'ABDILLAH YAHYA', 'SISWA', '400488', '400488', '400488@gmail.com', '2147483647', 'Pemalang', '2011-09-30', 'Ds. Iser, Kec. Petarukan, Kab. Pemalang, Jawa Tengah                                                                                                            ', '', 'user', 'SISWA'),
(2, 'ADITYA WIJAYA', 'SISWA', '400489', '400489', '400488@gmail.com', '0', 'Pemalang', '2011-09-30', 'Ds. Iser, Kec. Petarukan, Kab. Pemalang, Jawa Tengah                                                                                                            ', '', 'user', 'SISWA'),
(3, 'AIRIN NUR HAFIA', 'SISWA', '400490', '400490', '400488@gmail.com', '0', 'Pemalang', '2011-09-30', 'Ds. Iser, Kec. Petarukan, Kab. Pemalang, Jawa Tengah                                                                                                            ', '', 'user', 'SISWA'),
(4, 'ANGGUN KARISMA', 'SISWA', '400491', '400491', '400488@gmail.com', '0', 'Pemalang', '2011-09-30', 'Ds. Iser, Kec. Petarukan, Kab. Pemalang, Jawa Tengah                                                                                                            ', '', 'user', 'SISWA'),
(5, 'ANISA IRNAWATI AGUSTIN', 'SISWA', '400492', '400492', '400488@gmail.com', '0', 'Pemalang', '2011-09-30', 'Ds. Iser, Kec. Petarukan, Kab. Pemalang, Jawa Tengah                                                                                                            ', '', 'user', 'SISWA'),
(6, 'BAGAS RIZKY FEBIANO', 'SISWA', '400493', '400493', '400488@gmail.com', '0', 'Pemalang', '2011-09-30', 'Ds. Iser, Kec. Petarukan, Kab. Pemalang, Jawa Tengah                                                                                                            ', '', 'user', 'SISWA'),
(7, 'BAMBANG PRAYOGO', 'KETUA KELAS', '400494', '400494', '400488@gmail.com', '0', 'Pemalang', '2011-09-30', 'Ds. Iser, Kec. Petarukan, Kab. Pemalang, Jawa Tengah                                                                                                            ', '', 'user', 'SISWA'),
(8, 'BUNGA ZESILIA', 'SISWA', '400495', '400495', '400488@gmail.com', '0', 'Pemalang', '2011-09-30', 'Ds. Iser, Kec. Petarukan, Kab. Pemalang, Jawa Tengah                                                                                                            ', '', 'user', 'SISWA'),
(9, 'CAHYA NIASIH', 'SISWA', '400496', '400496', '400488@gmail.com', '0', 'Pemalang', '2011-09-30', 'Ds. Iser, Kec. Petarukan, Kab. Pemalang, Jawa Tengah                                                                                                            ', '', 'user', 'SISWA'),
(10, 'CALISTA ARGENTINA', 'SEKRETRIS 1', '400497', '400497', '400488@gmail.com', '0', 'Pemalang', '2011-09-30', 'Ds. Iser, Kec. Petarukan, Kab. Pemalang, Jawa Tengah                                                                                                            ', '', 'user', 'SISWA'),
(11, 'CHIKA MAYSA PUTRI', 'SISWA', '400498', '400498', '400488@gmail.com', '0', 'Pemalang', '2011-09-30', 'Ds. Iser, Kec. Petarukan, Kab. Pemalang, Jawa Tengah                                                                                                            ', '', 'user', 'SISWA'),
(12, 'DIAH AYUNINGRUM', 'SISWA', '400499', '400499', '400488@gmail.com', '0', 'Pemalang', '2011-09-30', 'Ds. Iser, Kec. Petarukan, Kab. Pemalang, Jawa Tengah                                                                                                            ', '', 'user', 'SISWA'),
(13, 'DINDA LESTARI', 'SISWA', '400500', '400500', '400488@gmail.com', '0', 'Pemalang', '2011-09-30', 'Ds. Iser, Kec. Petarukan, Kab. Pemalang, Jawa Tengah                                                                                                            ', '', 'user', 'SISWA'),
(14, 'DIVA JUNI ARIYANTI', 'SISWA', '400501', '400501', '400488@gmail.com', '0', 'Pemalang', '2011-09-30', 'Ds. Iser, Kec. Petarukan, Kab. Pemalang, Jawa Tengah                                                                                                            ', '', 'user', 'SISWA'),
(15, 'DIVA SEKAR KEDATHON', 'SISWA', '400502', '400502', '400488@gmail.com', '0', 'Pemalang', '2011-09-30', 'Ds. Iser, Kec. Petarukan, Kab. Pemalang, Jawa Tengah                                                                                                            ', '', 'user', 'SISWA'),
(16, 'DWI NUR AISAH', 'SISWA', '400503', '400503', '400488@gmail.com', '0', 'Pemalang', '2011-09-30', 'Ds. Iser, Kec. Petarukan, Kab. Pemalang, Jawa Tengah                                                                                                            ', '', 'user', 'SISWA'),
(17, 'FADHIL ROSI ALFASICH', 'SISWA', '400504', '400504', '400488@gmail.com', '0', 'Pemalang', '2011-09-30', 'Ds. Iser, Kec. Petarukan, Kab. Pemalang, Jawa Tengah                                                                                                            ', '', 'user', 'SISWA'),
(18, 'FARISCA NELY AGUSTIN', 'SISWA', '400505', '400505', '400488@gmail.com', '0', 'Pemalang', '2011-09-30', 'Ds. Iser, Kec. Petarukan, Kab. Pemalang, Jawa Tengah                                                                                                            ', '', 'user', 'SISWA'),
(19, 'FIKKA EMAY SHERISTI', 'SISWA', '400506', '400506', '400488@gmail.com', '0', 'Pemalang', '2011-09-30', 'Ds. Iser, Kec. Petarukan, Kab. Pemalang, Jawa Tengah                                                                                                            ', '', 'user', 'SISWA'),
(20, 'JESIKA YENI ERIYANTI', 'SISWA', '400507', '400507', '400488@gmail.com', '0', 'Pemalang', '2011-09-30', 'Ds. Iser, Kec. Petarukan, Kab. Pemalang, Jawa Tengah                                                                                                            ', '', 'user', 'SISWA'),
(21, 'KAYLA DWI HASTITI', 'SISWA', '400508', '400508', '400488@gmail.com', '0', 'Pemalang', '2011-09-30', 'Ds. Iser, Kec. Petarukan, Kab. Pemalang, Jawa Tengah                                                                                                            ', '', 'user', 'SISWA'),
(22, 'KHOZINATUL AIS SI', 'SISWA', '400509', '400509', '400488@gmail.com', '0', 'Pemalang', '2011-09-30', 'Ds. Iser, Kec. Petarukan, Kab. Pemalang, Jawa Tengah                                                                                                            ', '', 'user', 'SISWA'),
(23, 'LINTANG DWI CAHYANI', 'SISWA', '400510', '400510', '400488@gmail.com', '0', 'Pemalang', '2011-09-30', 'Ds. Iser, Kec. Petarukan, Kab. Pemalang, Jawa Tengah                                                                                                            ', '', 'user', 'SISWA'),
(24, 'LISA YULIANAH', 'SISWA', '400511', '400511', '400488@gmail.com', '0', 'Pemalang', '2011-09-30', 'Ds. Iser, Kec. Petarukan, Kab. Pemalang, Jawa Tengah                                                                                                            ', '', 'user', 'SISWA'),
(25, 'MAULANA ISHAQ', 'SISWA', '400512', '400512', '400488@gmail.com', '0', 'Pemalang', '2011-09-30', 'Ds. Iser, Kec. Petarukan, Kab. Pemalang, Jawa Tengah                                                                                                            ', '', 'user', 'SISWA'),
(26, 'MUHAMMAD NAZRIL MAULANA', 'SISWA', '400513', '400513', '400488@gmail.com', '0', 'Pemalang', '2011-09-30', 'Ds. Iser, Kec. Petarukan, Kab. Pemalang, Jawa Tengah                                                                                                            ', '', 'user', 'SISWA'),
(27, 'NABILA FILZA', 'SISWA', '400514', '400514', '400488@gmail.com', '0', 'Pemalang', '2011-09-30', 'Ds. Iser, Kec. Petarukan, Kab. Pemalang, Jawa Tengah                                                                                                            ', '', 'user', 'SISWA'),
(28, 'NADIA APRILIANI', 'SISWA', '400515', '400515', '400488@gmail.com', '0', 'Pemalang', '2011-09-30', 'Ds. Iser, Kec. Petarukan, Kab. Pemalang, Jawa Tengah                                                                                                            ', '', 'user', 'SISWA'),
(29, 'NASETIA LAURISTA', 'SISWA', '400516', '400516', '400488@gmail.com', '0', 'Pemalang', '2011-09-30', 'Ds. Iser, Kec. Petarukan, Kab. Pemalang, Jawa Tengah                                                                                                            ', '', 'user', 'SISWA'),
(30, 'PUTRI SAGITA SEPTIANA', 'SISWA', '400517', '400517', '400488@gmail.com', '0', 'Pemalang', '2011-09-30', 'Ds. Iser, Kec. Petarukan, Kab. Pemalang, Jawa Tengah                                                                                                            ', '', 'user', 'SISWA'),
(31, 'RAHMA AVIFDA', 'SISWA', '400518', '400518', '400488@gmail.com', '0', 'Pemalang', '2011-09-30', 'Ds. Iser, Kec. Petarukan, Kab. Pemalang, Jawa Tengah                                                                                                            ', '', 'user', 'SISWA'),
(32, 'RIZKI RAHMAT DANI', 'SISWA', '400519', '400519', '400488@gmail.com', '0', 'Pemalang', '2011-09-30', 'Ds. Iser, Kec. Petarukan, Kab. Pemalang, Jawa Tengah                                                                                                            ', '', 'user', 'SISWA'),
(33, 'SAFA NURSIAMI', 'BENDAHARA', '400520', '400520', '400488@gmail.com', '0', 'Pemalang', '2011-09-30', 'Ds. Iser, Kec. Petarukan, Kab. Pemalang, Jawa Tengah                                                                                                            ', '', 'user', 'SISWA'),
(34, 'SALWA AISSYABILA', 'SISWA', '400521', '400521', '400488@gmail.com', '0', 'Pemalang', '2011-09-30', 'Ds. Iser, Kec. Petarukan, Kab. Pemalang, Jawa Tengah                                                                                                            ', '', 'user', 'SISWA'),
(35, 'SELVI SEVILATUL AZIZAH', 'SISWA', '400522', '400522', '400488@gmail.com', '0', 'Pemalang', '2011-09-30', 'Ds. Iser, Kec. Petarukan, Kab. Pemalang, Jawa Tengah                                                                                                            ', '', 'user', 'SISWA'),
(36, 'SHERA RAMADHANI', 'SISWA', '400523', '400523', '400488@gmail.com', '0', 'Pemalang', '2011-09-30', 'Ds. Iser, Kec. Petarukan, Kab. Pemalang, Jawa Tengah                                                                                                            ', '', 'user', 'SISWA'),
(37, 'SHILFI BUNGA VANIA', 'SISWA', '400524', '400524', '400488@gmail.com', '0', 'Pemalang', '2011-09-30', 'Ds. Iser, Kec. Petarukan, Kab. Pemalang, Jawa Tengah                                                                                                            ', '', 'user', 'SISWA'),
(38, 'WIDIYANA APRILLIYANI', 'SISWA', '400525', '400525', '400488@gmail.com', '0', 'Pemalang', '2011-09-30', 'Ds. Iser, Kec. Petarukan, Kab. Pemalang, Jawa Tengah                                                                                                            ', '', 'user', 'SISWA'),
(39, 'WIHANI LUTFI HIDAYAH', 'WAKIL KETUA', '400526', '400526', '400488@gmail.com', '0', 'Pemalang', '2011-09-30', 'Ds. Iser, Kec. Petarukan, Kab. Pemalang, Jawa Tengah                                                                                                            ', '', 'user', 'SISWA'),
(40, 'WILDAN AUFA RIZQI', 'SISWA', '400527', '400527', '400488@gmail.com', '0', 'Pemalang', '2011-09-30', 'Ds. Iser, Kec. Petarukan, Kab. Pemalang, Jawa Tengah                                                                                                            ', '', 'user', 'SISWA'),
(41, 'WINARA FALIA PATI MUHID', 'SISWA', '400528', '400528', '400488@gmail.com', '0', 'Pemalang', '2011-09-30', 'Ds. Iser, Kec. Petarukan, Kab. Pemalang, Jawa Tengah                                                                                                            ', '', 'user', 'SISWA'),
(42, 'YENI KUSUMA WARDANI', 'SISWA', '400529', '400529', '400488@gmail.com', '0', 'Pemalang', '2011-09-30', 'Ds. Iser, Kec. Petarukan, Kab. Pemalang, Jawa Tengah                                                                                                            ', '', 'user', 'SISWA'),
(43, 'ADMINISTRATOR', 'ADMIN', 'admin', 'adminrpl', 'administrator@gmail.com', '089643232261', 'Pemalang', '1992-11-03', 'Ds. Tegalmlati, Kec. Petarukan, Kab. Pemalang, Jawa Tengah, Indonesia', '24022025185230indosatkaka.jpg', 'admin', 'GURU'),
(45, '-', 'Walikelas', '031192', '031192', 'codemetik@gmail.com', '089643232261', 'Pemalang', '1992-11-03', 'Ds. Tegalmlati, Kec. Petarukan, Kab. Pemalang, Jawa Tengah                                    ', '', 'user', 'GURU'),
(46, 'AKBAR RAMADHAN YADIANSYAH ', '2', '400612', '400612', '-', '-', 'PEMALANG', '0000-00-00', 'Ds. Iser, Kec. Petarukan, Kab. Pemalang, Jawa Tengah   ', '-', 'user', 'SISWA'),
(47, 'AKMAL PRAYATA', '2', '400613', '400613', '-', '-', 'PEMALANG', '0000-00-00', 'Ds. Iser, Kec. Petarukan, Kab. Pemalang, Jawa Tengah   ', '-', 'user', 'SISWA'),
(48, 'ANISA HANUM DWI SETIYANI', '2', '400614', '400614', '-', '-', 'PEMALANG', '0000-00-00', 'Ds. Iser, Kec. Petarukan, Kab. Pemalang, Jawa Tengah   ', '-', 'user', 'SISWA'),
(49, 'ARDANA PUTRA PRATAMA ', '2', '400615', '400615', '-', '-', 'PEMALANG', '0000-00-00', 'Ds. Iser, Kec. Petarukan, Kab. Pemalang, Jawa Tengah   ', '-', 'user', 'SISWA'),
(50, 'AVITA SETIAROH FEBRIANTI', '2', '400616', '400616', '-', '-', 'PEMALANG', '0000-00-00', 'Ds. Iser, Kec. Petarukan, Kab. Pemalang, Jawa Tengah   ', '-', 'user', 'SISWA'),
(51, 'AZKA AL NEZAR MAWAYAHLA', '2', '400617', '400617', '-', '-', 'PEMALANG', '0000-00-00', 'Ds. Iser, Kec. Petarukan, Kab. Pemalang, Jawa Tengah   ', '-', 'user', 'SISWA'),
(52, 'BELLA AMANDA', '2', '400618', '400618', '-', '-', 'PEMALANG', '0000-00-00', 'Ds. Iser, Kec. Petarukan, Kab. Pemalang, Jawa Tengah   ', '-', 'user', 'SISWA'),
(53, 'DANIANA AGUSTINA', '2', '400619', '400619', '-', '-', 'PEMALANG', '0000-00-00', 'Ds. Iser, Kec. Petarukan, Kab. Pemalang, Jawa Tengah   ', '-', 'user', 'SISWA'),
(54, 'DESI NURMUNIFAH', '2', '400620', '400620', '-', '-', 'PEMALANG', '0000-00-00', 'Ds. Iser, Kec. Petarukan, Kab. Pemalang, Jawa Tengah   ', '-', 'user', 'SISWA'),
(55, 'DIMAS SAPUTRA', '2', '400621', '400621', '-', '-', 'PEMALANG', '0000-00-00', 'Ds. Iser, Kec. Petarukan, Kab. Pemalang, Jawa Tengah   ', '-', 'user', 'SISWA'),
(56, 'DINDA ARIZKHA', '2', '400622', '400622', '-', '-', 'PEMALANG', '0000-00-00', 'Ds. Iser, Kec. Petarukan, Kab. Pemalang, Jawa Tengah   ', '-', 'user', 'SISWA'),
(57, 'FANDY ALVINO DEANOVA', '2', '400623', '400623', '-', '-', 'PEMALANG', '0000-00-00', 'Ds. Iser, Kec. Petarukan, Kab. Pemalang, Jawa Tengah   ', '-', 'user', 'SISWA'),
(58, 'GRACE MEYVELLA IMANUEL', '2', '400624', '400624', '-', '-', 'PEMALANG', '0000-00-00', 'Ds. Iser, Kec. Petarukan, Kab. Pemalang, Jawa Tengah   ', '-', 'user', 'SISWA'),
(59, 'HAFIZHAH ADHELIA', '2', '400625', '400625', '-', '-', 'PEMALANG', '0000-00-00', 'Ds. Iser, Kec. Petarukan, Kab. Pemalang, Jawa Tengah   ', '-', 'user', 'SISWA'),
(60, 'HAPPY CAHAYA AL BUCHORI', '2', '400626', '400626', '-', '-', 'PEMALANG', '0000-00-00', 'Ds. Iser, Kec. Petarukan, Kab. Pemalang, Jawa Tengah   ', '-', 'user', 'SISWA'),
(61, 'HARRY ARDYANSYAH', '2', '400627', '400627', '-', '-', 'PEMALANG', '0000-00-00', 'Ds. Iser, Kec. Petarukan, Kab. Pemalang, Jawa Tengah   ', '-', 'user', 'SISWA'),
(62, 'KAYLA KESHA NASYABIL', '2', '400628', '400628', '-', '-', 'PEMALANG', '0000-00-00', 'Ds. Iser, Kec. Petarukan, Kab. Pemalang, Jawa Tengah   ', '-', 'user', 'SISWA'),
(63, 'KEVIN SBASTYAN', '2', '400629', '400629', '-', '-', 'PEMALANG', '0000-00-00', 'Ds. Iser, Kec. Petarukan, Kab. Pemalang, Jawa Tengah   ', '-', 'user', 'SISWA'),
(64, 'LINGGA DHARMAJAYA', '2', '400630', '400630', '-', '-', 'PEMALANG', '0000-00-00', 'Ds. Iser, Kec. Petarukan, Kab. Pemalang, Jawa Tengah   ', '-', 'user', 'SISWA'),
(65, 'LISNA DIAN SAPUTRI', '2', '400631', '400631', '-', '-', 'PEMALANG', '0000-00-00', 'Ds. Iser, Kec. Petarukan, Kab. Pemalang, Jawa Tengah   ', '-', 'user', 'SISWA'),
(66, 'MUHAMAD FAJAR PRATAMA', '2', '400632', '400632', '-', '-', 'PEMALANG', '0000-00-00', 'Ds. Iser, Kec. Petarukan, Kab. Pemalang, Jawa Tengah   ', '-', 'user', 'SISWA'),
(67, 'NAILA SALMA HANIFAH', '2', '400633', '400633', '-', '-', 'PEMALANG', '0000-00-00', 'Ds. Iser, Kec. Petarukan, Kab. Pemalang, Jawa Tengah   ', '-', 'user', 'SISWA'),
(68, 'NAYLA ANINDITA', '2', '400634', '400634', '-', '-', 'PEMALANG', '0000-00-00', 'Ds. Iser, Kec. Petarukan, Kab. Pemalang, Jawa Tengah   ', '-', 'user', 'SISWA'),
(69, 'NOVI PURWATI', '2', '400635', '400635', '-', '-', 'PEMALANG', '0000-00-00', 'Ds. Iser, Kec. Petarukan, Kab. Pemalang, Jawa Tengah   ', '-', 'user', 'SISWA'),
(70, 'NUR AFRIZAL', '2', '400636', '400636', '-', '-', 'PEMALANG', '0000-00-00', 'Ds. Iser, Kec. Petarukan, Kab. Pemalang, Jawa Tengah   ', '-', 'user', 'SISWA'),
(71, 'PUTRI NUR MEGA PRATIWI', '2', '400637', '400637', '-', '-', 'PEMALANG', '0000-00-00', 'Ds. Iser, Kec. Petarukan, Kab. Pemalang, Jawa Tengah   ', '-', 'user', 'SISWA'),
(72, 'RAHMA FADILLAH', '2', '400638', '400638', '-', '-', 'PEMALANG', '0000-00-00', 'Ds. Iser, Kec. Petarukan, Kab. Pemalang, Jawa Tengah   ', '-', 'user', 'SISWA'),
(73, 'RAHMAT NUR HIDAYAT', '2', '400639', '400639', '-', '-', 'PEMALANG', '0000-00-00', 'Ds. Iser, Kec. Petarukan, Kab. Pemalang, Jawa Tengah   ', '-', 'user', 'SISWA'),
(74, 'REZA ADITYA', '2', '400640', '400640', '-', '-', 'PEMALANG', '0000-00-00', 'Ds. Iser, Kec. Petarukan, Kab. Pemalang, Jawa Tengah   ', '-', 'user', 'SISWA'),
(75, 'RIFKIALDIYAN SYAHRI', '2', '400641', '400641', '-', '-', 'PEMALANG', '0000-00-00', 'Ds. Iser, Kec. Petarukan, Kab. Pemalang, Jawa Tengah   ', '-', 'user', 'SISWA'),
(76, 'RIZQI WILDA NAMIRA', '2', '400642', '400642', '-', '-', 'PEMALANG', '0000-00-00', 'Ds. Iser, Kec. Petarukan, Kab. Pemalang, Jawa Tengah   ', '-', 'user', 'SISWA'),
(77, 'SAIDHATUL RIZQIYAH', '2', '400643', '400643', '-', '-', 'PEMALANG', '0000-00-00', 'Ds. Iser, Kec. Petarukan, Kab. Pemalang, Jawa Tengah   ', '-', 'user', 'SISWA'),
(78, 'SELVA SELA AULIYA', '2', '400644', '400644', '-', '-', 'PEMALANG', '0000-00-00', 'Ds. Iser, Kec. Petarukan, Kab. Pemalang, Jawa Tengah   ', '-', 'user', 'SISWA'),
(79, 'SILVA SALSABILA', '2', '400645', '400645', '-', '-', 'PEMALANG', '0000-00-00', 'Ds. Iser, Kec. Petarukan, Kab. Pemalang, Jawa Tengah   ', '-', 'user', 'SISWA'),
(80, 'SIVA MUSIYAM MELANI', '2', '400646', '400646', '-', '-', 'PEMALANG', '0000-00-00', 'Ds. Iser, Kec. Petarukan, Kab. Pemalang, Jawa Tengah   ', '-', 'user', 'SISWA'),
(81, 'STEVANIA NUR KHAIRUNNISA', '2', '400647', '400647', '-', '-', 'PEMALANG', '0000-00-00', 'Ds. Iser, Kec. Petarukan, Kab. Pemalang, Jawa Tengah   ', '-', 'user', 'SISWA'),
(82, 'WAHYU NUR WAHID', '2', '400648', '400648', '-', '-', 'PEMALANG', '0000-00-00', 'Ds. Iser, Kec. Petarukan, Kab. Pemalang, Jawa Tengah   ', '-', 'user', 'SISWA'),
(83, 'WARIDHO FATIR GANI', '2', '400649', '400649', '-', '-', 'PEMALANG', '0000-00-00', 'Ds. Iser, Kec. Petarukan, Kab. Pemalang, Jawa Tengah   ', '-', 'user', 'SISWA'),
(84, 'WEGA MIRNA SARI', '2', '400650', '400650', '-', '-', 'PEMALANG', '0000-00-00', 'Ds. Iser, Kec. Petarukan, Kab. Pemalang, Jawa Tengah   ', '-', 'user', 'SISWA'),
(85, 'YOGA ARDI PRATAMA', '2', '400651', '400651', '-', '-', 'PEMALANG', '0000-00-00', 'Ds. Iser, Kec. Petarukan, Kab. Pemalang, Jawa Tengah   ', '-', 'user', 'SISWA'),
(86, 'ABDI LANGIT RAMADHAN', '2', '400652', '400652', '-', '-', 'PEMALANG', '0000-00-00', 'Ds. Iser, Kec. Petarukan, Kab. Pemalang, Jawa Tengah   ', '-', 'user', 'SISWA'),
(87, 'AGHITS CHIKO HERGA MELANO', '2', '400653', '400653', '-', '-', 'PEMALANG', '0000-00-00', 'Ds. Iser, Kec. Petarukan, Kab. Pemalang, Jawa Tengah   ', '-', 'user', 'SISWA'),
(88, 'ALIEF FADIL YUDHA WIBOWO', '2', '400654', '400654', '-', '-', 'PEMALANG', '0000-00-00', 'Ds. Iser, Kec. Petarukan, Kab. Pemalang, Jawa Tengah   ', '-', 'user', 'SISWA'),
(89, 'ANDIKA PRIYANTO', '2', '400655', '400655', '-', '-', 'PEMALANG', '0000-00-00', 'Ds. Iser, Kec. Petarukan, Kab. Pemalang, Jawa Tengah   ', '-', 'user', 'SISWA'),
(90, 'CHIKA NUR FAIZA', '2', '400656', '400656', '-', '-', 'PEMALANG', '0000-00-00', 'Ds. Iser, Kec. Petarukan, Kab. Pemalang, Jawa Tengah   ', '-', 'user', 'SISWA'),
(91, 'DEWI PRAMELA HESTI', '2', '400657', '400657', '-', '-', 'PEMALANG', '0000-00-00', 'Ds. Iser, Kec. Petarukan, Kab. Pemalang, Jawa Tengah   ', '-', 'user', 'SISWA'),
(92, 'DHEA AYU UMAIROH ', '2', '400658', '400658', '-', '-', 'PEMALANG', '0000-00-00', 'Ds. Iser, Kec. Petarukan, Kab. Pemalang, Jawa Tengah   ', '-', 'user', 'SISWA'),
(93, 'FADELA LINJIANA', '2', '400659', '400659', '-', '-', 'PEMALANG', '0000-00-00', 'Ds. Iser, Kec. Petarukan, Kab. Pemalang, Jawa Tengah   ', '-', 'user', 'SISWA'),
(94, 'FAHRI PRASTIYO', '2', '400660', '400660', '-', '-', 'PEMALANG', '0000-00-00', 'Ds. Iser, Kec. Petarukan, Kab. Pemalang, Jawa Tengah   ', '-', 'user', 'SISWA'),
(95, 'FARHAN ALAMSYAH', '2', '400661', '400661', '-', '-', 'PEMALANG', '0000-00-00', 'Ds. Iser, Kec. Petarukan, Kab. Pemalang, Jawa Tengah   ', '-', 'user', 'SISWA'),
(96, 'FAVIAN RAFA ABDULLAH', '2', '400662', '400662', '-', '-', 'PEMALANG', '0000-00-00', 'Ds. Iser, Kec. Petarukan, Kab. Pemalang, Jawa Tengah   ', '-', 'user', 'SISWA'),
(97, 'FEBIANA DWI ANGGITA ', '2', '400663', '400663', '-', '-', 'PEMALANG', '0000-00-00', 'Ds. Iser, Kec. Petarukan, Kab. Pemalang, Jawa Tengah   ', '-', 'user', 'SISWA'),
(98, 'FENIQE NURWIBAWATI', '2', '400664', '400664', '-', '-', 'PEMALANG', '0000-00-00', 'Ds. Iser, Kec. Petarukan, Kab. Pemalang, Jawa Tengah   ', '-', 'user', 'SISWA'),
(99, 'FIQO JULI PURYANTO', '2', '400665', '400665', '-', '-', 'PEMALANG', '0000-00-00', 'Ds. Iser, Kec. Petarukan, Kab. Pemalang, Jawa Tengah   ', '-', 'user', 'SISWA'),
(100, 'FITRI RATNA SEPTIANI', '2', '400666', '400666', '-', '-', 'PEMALANG', '0000-00-00', 'Ds. Iser, Kec. Petarukan, Kab. Pemalang, Jawa Tengah   ', '-', 'user', 'SISWA'),
(101, 'FIZA KARTIKA HADIYANTI', '2', '400667', '400667', '-', '-', 'PEMALANG', '0000-00-00', 'Ds. Iser, Kec. Petarukan, Kab. Pemalang, Jawa Tengah   ', '-', 'user', 'SISWA'),
(102, 'GALANG SUKMANA', '2', '400668', '400668', '-', '-', 'PEMALANG', '0000-00-00', 'Ds. Iser, Kec. Petarukan, Kab. Pemalang, Jawa Tengah   ', '-', 'user', 'SISWA'),
(103, 'JESIKA INDRIYANI', '2', '400669', '400669', '-', '-', 'PEMALANG', '0000-00-00', 'Ds. Iser, Kec. Petarukan, Kab. Pemalang, Jawa Tengah   ', '-', 'user', 'SISWA'),
(104, 'JHOSEF CRISYEN MAYLANO', '2', '400670', '400670', '-', '-', 'PEMALANG', '0000-00-00', 'Ds. Iser, Kec. Petarukan, Kab. Pemalang, Jawa Tengah   ', '-', 'user', 'SISWA'),
(105, 'KRISTIAN NANDAR', '2', '400671', '400671', '-', '-', 'PEMALANG', '0000-00-00', 'Ds. Iser, Kec. Petarukan, Kab. Pemalang, Jawa Tengah   ', '-', 'user', 'SISWA'),
(106, 'MIFTAH NURAINI', '2', '400672', '400672', '-', '-', 'PEMALANG', '0000-00-00', 'Ds. Iser, Kec. Petarukan, Kab. Pemalang, Jawa Tengah   ', '-', 'user', 'SISWA'),
(107, 'MUHAMMAD FADIL ANGGIWA', '2', '400673', '400673', '-', '-', 'PEMALANG', '0000-00-00', 'Ds. Iser, Kec. Petarukan, Kab. Pemalang, Jawa Tengah   ', '-', 'user', 'SISWA'),
(108, 'NALA KAREND', '2', '400674', '400674', '-', '-', 'PEMALANG', '0000-00-00', 'Ds. Iser, Kec. Petarukan, Kab. Pemalang, Jawa Tengah   ', '-', 'user', 'SISWA'),
(109, 'NUR AZIM FADLI', '2', '400675', '400675', '-', '-', 'PEMALANG', '0000-00-00', 'Ds. Iser, Kec. Petarukan, Kab. Pemalang, Jawa Tengah   ', '-', 'user', 'SISWA'),
(110, 'RAHMA PANCA SEPTIANA', '2', '400676', '400676', '-', '-', 'PEMALANG', '0000-00-00', 'Ds. Iser, Kec. Petarukan, Kab. Pemalang, Jawa Tengah   ', '-', 'user', 'SISWA'),
(111, 'REGITA SOLEHA NISAH', '2', '400677', '400677', '-', '-', 'PEMALANG', '0000-00-00', 'Ds. Iser, Kec. Petarukan, Kab. Pemalang, Jawa Tengah   ', '-', 'user', 'SISWA'),
(112, 'RIDIA NOVA PUTRI', '2', '400678', '400678', '-', '-', 'PEMALANG', '0000-00-00', 'Ds. Iser, Kec. Petarukan, Kab. Pemalang, Jawa Tengah   ', '-', 'user', 'SISWA'),
(113, 'RIFKI FADOLAH KHAERI', '2', '400679', '400679', '-', '-', 'PEMALANG', '0000-00-00', 'Ds. Iser, Kec. Petarukan, Kab. Pemalang, Jawa Tengah   ', '-', 'user', 'SISWA'),
(114, 'RIZAL LILKHAM ARDIYANTO', '2', '400680', '400680', '-', '-', 'PEMALANG', '0000-00-00', 'Ds. Iser, Kec. Petarukan, Kab. Pemalang, Jawa Tengah   ', '-', 'user', 'SISWA'),
(115, 'RIZKY AKBAR MAULANA', '2', '400681', '400681', '-', '-', 'PEMALANG', '0000-00-00', 'Ds. Iser, Kec. Petarukan, Kab. Pemalang, Jawa Tengah   ', '-', 'user', 'SISWA'),
(116, 'SIFA AULIA', '2', '400682', '400682', '-', '-', 'PEMALANG', '0000-00-00', 'Ds. Iser, Kec. Petarukan, Kab. Pemalang, Jawa Tengah   ', '-', 'user', 'SISWA'),
(117, 'TIANA RISKI ABDILLAH', '2', '400683', '400683', '-', '-', 'PEMALANG', '0000-00-00', 'Ds. Iser, Kec. Petarukan, Kab. Pemalang, Jawa Tengah   ', '-', 'user', 'SISWA'),
(118, 'TIFANNY LAYKHA PUTRI', '2', '400684', '400684', '-', '-', 'PEMALANG', '0000-00-00', 'Ds. Iser, Kec. Petarukan, Kab. Pemalang, Jawa Tengah   ', '-', 'user', 'SISWA'),
(119, 'TOMI MULYADI', '2', '400685', '400685', '-', '-', 'PEMALANG', '0000-00-00', 'Ds. Iser, Kec. Petarukan, Kab. Pemalang, Jawa Tengah   ', '-', 'user', 'SISWA'),
(120, 'VIKA AJI SARIFAH', '2', '400686', '400686', '-', '-', 'PEMALANG', '0000-00-00', 'Ds. Iser, Kec. Petarukan, Kab. Pemalang, Jawa Tengah   ', '-', 'user', 'SISWA'),
(121, 'WILDAN RIZQI HAFIDZ', '2', '400687', '400687', '-', '-', 'PEMALANG', '0000-00-00', 'Ds. Iser, Kec. Petarukan, Kab. Pemalang, Jawa Tengah   ', '-', 'user', 'SISWA'),
(122, 'ZAHRA KAMELIA ANGELITA', '2', '400688', '400688', '-', '-', 'PEMALANG', '0000-00-00', 'Ds. Iser, Kec. Petarukan, Kab. Pemalang, Jawa Tengah   ', '-', 'user', 'SISWA'),
(123, 'ZASKYA NOVIA PUJIATI', '2', '400689', '400689', '-', '-', 'PEMALANG', '0000-00-00', 'Ds. Iser, Kec. Petarukan, Kab. Pemalang, Jawa Tengah   ', '-', 'user', 'SISWA'),
(124, 'ZHICCO FAHREZI SETIAWAN', '2', '400690', '400690', '-', '-', 'PEMALANG', '0000-00-00', 'Ds. Iser, Kec. Petarukan, Kab. Pemalang, Jawa Tengah   ', '-', 'user', 'SISWA'),
(125, 'APRILIA SISHILA WATI', '2', '102149', '102149', '-', '-', 'PEMALANG', '0000-00-00', 'Ds. Iser, Kec. Petarukan, Kab. Pemalang, Jawa Tengah   ', '-', 'user', 'SISWA'),
(126, 'AQUELA AZZAHRA', '2', '102150', '102150', '-', '-', 'PEMALANG', '0000-00-00', 'Ds. Iser, Kec. Petarukan, Kab. Pemalang, Jawa Tengah   ', '-', 'user', 'SISWA'),
(127, 'CAMELIA FEBRIYANTI MULYANI', '2', '102151', '102151', '-', '-', 'PEMALANG', '0000-00-00', 'Ds. Iser, Kec. Petarukan, Kab. Pemalang, Jawa Tengah   ', '-', 'user', 'SISWA'),
(128, 'CINTA ADELIA RAHMA', '2', '102152', '102152', '-', '-', 'PEMALANG', '0000-00-00', 'Ds. Iser, Kec. Petarukan, Kab. Pemalang, Jawa Tengah   ', '-', 'user', 'SISWA'),
(129, 'DINDA AYU WULAN SARI', '2', '102153', '102153', '-', '-', 'PEMALANG', '0000-00-00', 'Ds. Iser, Kec. Petarukan, Kab. Pemalang, Jawa Tengah   ', '-', 'user', 'SISWA'),
(130, 'ELIKA SAPUTRI', '2', '102154', '102154', '-', '-', 'PEMALANG', '0000-00-00', 'Ds. Iser, Kec. Petarukan, Kab. Pemalang, Jawa Tengah   ', '-', 'user', 'SISWA'),
(131, 'FAIZ AKBAR ISKA', '2', '102155', '102155', '-', '-', 'PEMALANG', '0000-00-00', 'Ds. Iser, Kec. Petarukan, Kab. Pemalang, Jawa Tengah   ', '-', 'user', 'SISWA'),
(132, 'FITRIYAH', '2', '102156', '102156', '-', '-', 'PEMALANG', '0000-00-00', 'Ds. Iser, Kec. Petarukan, Kab. Pemalang, Jawa Tengah   ', '-', 'user', 'SISWA'),
(133, 'HAFIZ NUR SIGIT', '2', '102157', '102157', '-', '-', 'PEMALANG', '0000-00-00', 'Ds. Iser, Kec. Petarukan, Kab. Pemalang, Jawa Tengah   ', '-', 'user', 'SISWA'),
(134, 'HANIF ABDUL KHOLIK', '2', '102158', '102158', '-', '-', 'PEMALANG', '0000-00-00', 'Ds. Iser, Kec. Petarukan, Kab. Pemalang, Jawa Tengah   ', '-', 'user', 'SISWA'),
(135, 'ICHA DWI NOVIANI', '2', '102159', '102159', '-', '-', 'PEMALANG', '0000-00-00', 'Ds. Iser, Kec. Petarukan, Kab. Pemalang, Jawa Tengah   ', '-', 'user', 'SISWA'),
(136, 'KELING PUTRA KUSUMA', '2', '102160', '102160', '-', '-', 'PEMALANG', '0000-00-00', 'Ds. Iser, Kec. Petarukan, Kab. Pemalang, Jawa Tengah   ', '-', 'user', 'SISWA'),
(137, 'KEVIN KAVARELA', '2', '102161', '102161', '-', '-', 'PEMALANG', '0000-00-00', 'Ds. Iser, Kec. Petarukan, Kab. Pemalang, Jawa Tengah   ', '-', 'user', 'SISWA'),
(138, 'LASKAR MUHAMMAD HIBRIZI', '2', '102162', '102162', '-', '-', 'PEMALANG', '0000-00-00', 'Ds. Iser, Kec. Petarukan, Kab. Pemalang, Jawa Tengah   ', '-', 'user', 'SISWA'),
(139, 'LINTANG RIZQIANA', '2', '102163', '102163', '-', '-', 'PEMALANG', '0000-00-00', 'Ds. Iser, Kec. Petarukan, Kab. Pemalang, Jawa Tengah   ', '-', 'user', 'SISWA'),
(140, 'LUTFIATUL DESTIA', '2', '102164', '102164', '-', '-', 'PEMALANG', '0000-00-00', 'Ds. Iser, Kec. Petarukan, Kab. Pemalang, Jawa Tengah   ', '-', 'user', 'SISWA'),
(141, 'MEGA PUTRI ASYIFA', '2', '102165', '102165', '-', '-', 'PEMALANG', '0000-00-00', 'Ds. Iser, Kec. Petarukan, Kab. Pemalang, Jawa Tengah   ', '-', 'user', 'SISWA'),
(142, 'MITA PUSPITA SARI', '2', '102166', '102166', '-', '-', 'PEMALANG', '0000-00-00', 'Ds. Iser, Kec. Petarukan, Kab. Pemalang, Jawa Tengah   ', '-', 'user', 'SISWA'),
(143, 'MUFAWIDLUL AMRI', '2', '102167', '102167', '-', '-', 'PEMALANG', '0000-00-00', 'Ds. Iser, Kec. Petarukan, Kab. Pemalang, Jawa Tengah   ', '-', 'user', 'SISWA'),
(144, 'MUHAMAD FALAH HAQIQI', '2', '102168', '102168', '-', '-', 'PEMALANG', '0000-00-00', 'Ds. Iser, Kec. Petarukan, Kab. Pemalang, Jawa Tengah   ', '-', 'user', 'SISWA'),
(145, 'NAIMAH NIKE PRASETIKA', '2', '102169', '102169', '-', '-', 'PEMALANG', '0000-00-00', 'Ds. Iser, Kec. Petarukan, Kab. Pemalang, Jawa Tengah   ', '-', 'user', 'SISWA'),
(146, 'NASYA AULIA FERISKA', '2', '102170', '102170', '-', '-', 'PEMALANG', '0000-00-00', 'Ds. Iser, Kec. Petarukan, Kab. Pemalang, Jawa Tengah   ', '-', 'user', 'SISWA'),
(147, 'NUR ANISA', '2', '102171', '102171', '-', '-', 'PEMALANG', '0000-00-00', 'Ds. Iser, Kec. Petarukan, Kab. Pemalang, Jawa Tengah   ', '-', 'user', 'SISWA'),
(148, 'NYLA MAUHIBAH NAFIAH', '2', '102172', '102172', '-', '-', 'PEMALANG', '0000-00-00', 'Ds. Iser, Kec. Petarukan, Kab. Pemalang, Jawa Tengah   ', '-', 'user', 'SISWA'),
(149, 'OJI SYAHBANI', '2', '102173', '102173', '-', '-', 'PEMALANG', '0000-00-00', 'Ds. Iser, Kec. Petarukan, Kab. Pemalang, Jawa Tengah   ', '-', 'user', 'SISWA'),
(150, 'OKTAVIANA ZILAH', '2', '102174', '102174', '-', '-', 'PEMALANG', '0000-00-00', 'Ds. Iser, Kec. Petarukan, Kab. Pemalang, Jawa Tengah   ', '-', 'user', 'SISWA'),
(151, 'RADITYA TRI RAMA YUDHANTARA', '2', '102175', '102175', '-', '-', 'PEMALANG', '0000-00-00', 'Ds. Iser, Kec. Petarukan, Kab. Pemalang, Jawa Tengah   ', '-', 'user', 'SISWA'),
(152, 'RAMITA YULIANTI', '2', '102176', '102176', '-', '-', 'PEMALANG', '0000-00-00', 'Ds. Iser, Kec. Petarukan, Kab. Pemalang, Jawa Tengah   ', '-', 'user', 'SISWA'),
(153, 'RESTI NURUL KHASANAH', '2', '102177', '102177', '-', '-', 'PEMALANG', '0000-00-00', 'Ds. Iser, Kec. Petarukan, Kab. Pemalang, Jawa Tengah   ', '-', 'user', 'SISWA'),
(154, 'RULLY SATRIA GILBRAM', '2', '102178', '102178', '-', '-', 'PEMALANG', '0000-00-00', 'Ds. Iser, Kec. Petarukan, Kab. Pemalang, Jawa Tengah   ', '-', 'user', 'SISWA'),
(155, 'SRI NUR AENA', '2', '102179', '102179', '-', '-', 'PEMALANG', '0000-00-00', 'Ds. Iser, Kec. Petarukan, Kab. Pemalang, Jawa Tengah   ', '-', 'user', 'SISWA'),
(156, 'TEUKU RIZKI ABDILLAH', '2', '102180', '102180', '-', '-', 'PEMALANG', '0000-00-00', 'Ds. Iser, Kec. Petarukan, Kab. Pemalang, Jawa Tengah   ', '-', 'user', 'SISWA'),
(157, 'VILA ANDIANA', '2', '102181', '102181', '-', '-', 'PEMALANG', '0000-00-00', 'Ds. Iser, Kec. Petarukan, Kab. Pemalang, Jawa Tengah   ', '-', 'user', 'SISWA'),
(158, 'YENI TRI ANGGRAENI', '2', '102182', '102182', '-', '-', 'PEMALANG', '0000-00-00', 'Ds. Iser, Kec. Petarukan, Kab. Pemalang, Jawa Tengah   ', '-', 'user', 'SISWA'),
(159, 'ZAHROTUSITA', '2', '102183', '102183', '-', '-', 'PEMALANG', '0000-00-00', 'Ds. Iser, Kec. Petarukan, Kab. Pemalang, Jawa Tengah   ', '-', 'user', 'SISWA'),
(160, 'ZORA AL NAURACH', '2', '102184', '102184', '-', '-', 'PEMALANG', '0000-00-00', 'Ds. Iser, Kec. Petarukan, Kab. Pemalang, Jawa Tengah   ', '-', 'user', 'SISWA'),
(161, 'ALMULTAZAM', '2', '102185', '102185', '-', '-', 'PEMALANG', '0000-00-00', 'Ds. Iser, Kec. Petarukan, Kab. Pemalang, Jawa Tengah   ', '-', 'user', 'SISWA'),
(162, 'ALVIAN RHEYAN PRATAMA', '2', '102186', '102186', '-', '-', 'PEMALANG', '0000-00-00', 'Ds. Iser, Kec. Petarukan, Kab. Pemalang, Jawa Tengah   ', '-', 'user', 'SISWA'),
(163, 'AMINAH SULVIANA', '2', '102187', '102187', '-', '-', 'PEMALANG', '0000-00-00', 'Ds. Iser, Kec. Petarukan, Kab. Pemalang, Jawa Tengah   ', '-', 'user', 'SISWA'),
(164, 'ANGGUN IFADHLI HARTANTI', '2', '102188', '102188', '-', '-', 'PEMALANG', '0000-00-00', 'Ds. Iser, Kec. Petarukan, Kab. Pemalang, Jawa Tengah   ', '-', 'user', 'SISWA'),
(165, 'APRI LIANTO', '2', '102189', '102189', '-', '-', 'PEMALANG', '0000-00-00', 'Ds. Iser, Kec. Petarukan, Kab. Pemalang, Jawa Tengah   ', '-', 'user', 'SISWA'),
(166, 'APRILIANI', '2', '102190', '102190', '-', '-', 'PEMALANG', '0000-00-00', 'Ds. Iser, Kec. Petarukan, Kab. Pemalang, Jawa Tengah   ', '-', 'user', 'SISWA'),
(167, 'AYU PERMATA SARI', '2', '102191', '102191', '-', '-', 'PEMALANG', '0000-00-00', 'Ds. Iser, Kec. Petarukan, Kab. Pemalang, Jawa Tengah   ', '-', 'user', 'SISWA'),
(168, 'AYU WULANDARI', '2', '102192', '102192', '-', '-', 'PEMALANG', '0000-00-00', 'Ds. Iser, Kec. Petarukan, Kab. Pemalang, Jawa Tengah   ', '-', 'user', 'SISWA'),
(169, 'BAGUS PRATAMA', '2', '102193', '102193', '-', '-', 'PEMALANG', '0000-00-00', 'Ds. Iser, Kec. Petarukan, Kab. Pemalang, Jawa Tengah   ', '-', 'user', 'SISWA'),
(170, 'DAVIAN PUTRA ALFACHRIZI', '2', '102194', '102194', '-', '-', 'PEMALANG', '0000-00-00', 'Ds. Iser, Kec. Petarukan, Kab. Pemalang, Jawa Tengah   ', '-', 'user', 'SISWA'),
(171, 'DHEA ASSYIFA SALLA', '2', '102195', '102195', '-', '-', 'PEMALANG', '0000-00-00', 'Ds. Iser, Kec. Petarukan, Kab. Pemalang, Jawa Tengah   ', '-', 'user', 'SISWA'),
(172, 'DINDA KARTIKA', '2', '102196', '102196', '-', '-', 'PEMALANG', '0000-00-00', 'Ds. Iser, Kec. Petarukan, Kab. Pemalang, Jawa Tengah   ', '-', 'user', 'SISWA'),
(173, 'EFFELYN VALENTHIERI', '2', '102197', '102197', '-', '-', 'PEMALANG', '0000-00-00', 'Ds. Iser, Kec. Petarukan, Kab. Pemalang, Jawa Tengah   ', '-', 'user', 'SISWA'),
(174, 'FAHRI RAMADAN', '2', '102198', '102198', '-', '-', 'PEMALANG', '0000-00-00', 'Ds. Iser, Kec. Petarukan, Kab. Pemalang, Jawa Tengah   ', '-', 'user', 'SISWA'),
(175, 'FRIDA KIRANA', '2', '102199', '102199', '-', '-', 'PEMALANG', '0000-00-00', 'Ds. Iser, Kec. Petarukan, Kab. Pemalang, Jawa Tengah   ', '-', 'user', 'SISWA'),
(176, 'IKA AYU SAPUTRI', '2', '102200', '102200', '-', '-', 'PEMALANG', '0000-00-00', 'Ds. Iser, Kec. Petarukan, Kab. Pemalang, Jawa Tengah   ', '-', 'user', 'SISWA'),
(177, 'MAGHFIROTUL FITRI', '2', '102201', '102201', '-', '-', 'PEMALANG', '0000-00-00', 'Ds. Iser, Kec. Petarukan, Kab. Pemalang, Jawa Tengah   ', '-', 'user', 'SISWA'),
(178, 'MARSHA NICEL VANESCA', '2', '102202', '102202', '-', '-', 'PEMALANG', '0000-00-00', 'Ds. Iser, Kec. Petarukan, Kab. Pemalang, Jawa Tengah   ', '-', 'user', 'SISWA'),
(179, 'MUHAMMAD SYAFIQ', '2', '102203', '102203', '-', '-', 'PEMALANG', '0000-00-00', 'Ds. Iser, Kec. Petarukan, Kab. Pemalang, Jawa Tengah   ', '-', 'user', 'SISWA'),
(180, 'NADIA ATMA RIANI', '2', '102204', '102204', '-', '-', 'PEMALANG', '0000-00-00', 'Ds. Iser, Kec. Petarukan, Kab. Pemalang, Jawa Tengah   ', '-', 'user', 'SISWA'),
(181, 'NATASYA RIFA PURWAJI', '2', '102205', '102205', '-', '-', 'PEMALANG', '0000-00-00', 'Ds. Iser, Kec. Petarukan, Kab. Pemalang, Jawa Tengah   ', '-', 'user', 'SISWA'),
(182, 'NINDIA PUTRI AYU', '2', '102206', '102206', '-', '-', 'PEMALANG', '0000-00-00', 'Ds. Iser, Kec. Petarukan, Kab. Pemalang, Jawa Tengah   ', '-', 'user', 'SISWA'),
(183, 'NITA SETIYANINGRUM', '2', '102207', '102207', '-', '-', 'PEMALANG', '0000-00-00', 'Ds. Iser, Kec. Petarukan, Kab. Pemalang, Jawa Tengah   ', '-', 'user', 'SISWA'),
(184, 'NURLAYLA', '2', '102208', '102208', '-', '-', 'PEMALANG', '0000-00-00', 'Ds. Iser, Kec. Petarukan, Kab. Pemalang, Jawa Tengah   ', '-', 'user', 'SISWA'),
(185, 'PITRI APRILIA', '2', '102209', '102209', '-', '-', 'PEMALANG', '0000-00-00', 'Ds. Iser, Kec. Petarukan, Kab. Pemalang, Jawa Tengah   ', '-', 'user', 'SISWA'),
(186, 'QUENN SYAH SEPTIANA FITRI', '2', '102210', '102210', '-', '-', 'PEMALANG', '0000-00-00', 'Ds. Iser, Kec. Petarukan, Kab. Pemalang, Jawa Tengah   ', '-', 'user', 'SISWA'),
(187, 'RAFKA ZIDAN ALAMSAH', '2', '102211', '102211', '-', '-', 'PEMALANG', '0000-00-00', 'Ds. Iser, Kec. Petarukan, Kab. Pemalang, Jawa Tengah   ', '-', 'user', 'SISWA'),
(188, 'RISA MUTIASA', '2', '102212', '102212', '-', '-', 'PEMALANG', '0000-00-00', 'Ds. Iser, Kec. Petarukan, Kab. Pemalang, Jawa Tengah   ', '-', 'user', 'SISWA'),
(189, 'RIZA AULIA PRATAMA', '2', '102213', '102213', '-', '-', 'PEMALANG', '0000-00-00', 'Ds. Iser, Kec. Petarukan, Kab. Pemalang, Jawa Tengah   ', '-', 'user', 'SISWA'),
(190, 'SALFADILA IIN MURDIASIH', '2', '102214', '102214', '-', '-', 'PEMALANG', '0000-00-00', 'Ds. Iser, Kec. Petarukan, Kab. Pemalang, Jawa Tengah   ', '-', 'user', 'SISWA'),
(191, 'SALSA AMALIA', '2', '102215', '102215', '-', '-', 'PEMALANG', '0000-00-00', 'Ds. Iser, Kec. Petarukan, Kab. Pemalang, Jawa Tengah   ', '-', 'user', 'SISWA'),
(192, 'SILVIA INAYATUL FAIZAH', '2', '102216', '102216', '-', '-', 'PEMALANG', '0000-00-00', 'Ds. Iser, Kec. Petarukan, Kab. Pemalang, Jawa Tengah   ', '-', 'user', 'SISWA'),
(193, 'VINZA NAJUA LOVELY', '2', '102217', '102217', '-', '-', 'PEMALANG', '0000-00-00', 'Ds. Iser, Kec. Petarukan, Kab. Pemalang, Jawa Tengah   ', '-', 'user', 'SISWA'),
(194, 'WISNU SAPUTRA', '2', '102218', '102218', '-', '-', 'PEMALANG', '0000-00-00', 'Ds. Iser, Kec. Petarukan, Kab. Pemalang, Jawa Tengah   ', '-', 'user', 'SISWA'),
(195, 'ZIDAN KAFAFA', '2', '102219', '102219', '-', '-', 'PEMALANG', '0000-00-00', 'Ds. Iser, Kec. Petarukan, Kab. Pemalang, Jawa Tengah   ', '-', 'user', 'SISWA'),
(196, 'ADNAN HARIS SUFI', '2', '205576', '205576', '-', '-', 'PEMALANG', '0000-00-00', 'Ds. Iser, Kec. Petarukan, Kab. Pemalang, Jawa Tengah   ', '-', 'user', 'SISWA'),
(197, 'AHMAD AQIB', '2', '205577', '205577', '-', '-', 'PEMALANG', '0000-00-00', 'Ds. Iser, Kec. Petarukan, Kab. Pemalang, Jawa Tengah   ', '-', 'user', 'SISWA'),
(198, 'AHMAD SYARIF SAPUTRA', '2', '205578', '205578', '-', '-', 'PEMALANG', '0000-00-00', 'Ds. Iser, Kec. Petarukan, Kab. Pemalang, Jawa Tengah   ', '-', 'user', 'SISWA'),
(199, 'ANDHIKA NAFISH HIBRIZI', '2', '205579', '205579', '-', '-', 'PEMALANG', '0000-00-00', 'Ds. Iser, Kec. Petarukan, Kab. Pemalang, Jawa Tengah   ', '-', 'user', 'SISWA'),
(200, 'ANDIKA PRASETYA', '2', '205580', '205580', '-', '-', 'PEMALANG', '0000-00-00', 'Ds. Iser, Kec. Petarukan, Kab. Pemalang, Jawa Tengah   ', '-', 'user', 'SISWA'),
(201, 'ARDIAN ARIF FIRMANSYAH', '2', '205581', '205581', '-', '-', 'PEMALANG', '0000-00-00', 'Ds. Iser, Kec. Petarukan, Kab. Pemalang, Jawa Tengah   ', '-', 'user', 'SISWA'),
(202, 'ARJA RIDHO MUSYAFA', '2', '205582', '205582', '-', '-', 'PEMALANG', '0000-00-00', 'Ds. Iser, Kec. Petarukan, Kab. Pemalang, Jawa Tengah   ', '-', 'user', 'SISWA'),
(203, 'BAKTI DARMAWAN', '2', '205583', '205583', '-', '-', 'PEMALANG', '0000-00-00', 'Ds. Iser, Kec. Petarukan, Kab. Pemalang, Jawa Tengah   ', '-', 'user', 'SISWA'),
(204, 'DEVI SINTYA AULIA', '2', '205584', '205584', '-', '-', 'PEMALANG', '0000-00-00', 'Ds. Iser, Kec. Petarukan, Kab. Pemalang, Jawa Tengah   ', '-', 'user', 'SISWA'),
(205, 'DHANI HERDIANTO', '2', '205585', '205585', '-', '-', 'PEMALANG', '0000-00-00', 'Ds. Iser, Kec. Petarukan, Kab. Pemalang, Jawa Tengah   ', '-', 'user', 'SISWA'),
(206, 'FADHLUR RAHMAN AL KAUSAR', '2', '205586', '205586', '-', '-', 'PEMALANG', '0000-00-00', 'Ds. Iser, Kec. Petarukan, Kab. Pemalang, Jawa Tengah   ', '-', 'user', 'SISWA'),
(207, 'FARHAN ZAKIRUL MUSTOFA', '2', '205587', '205587', '-', '-', 'PEMALANG', '0000-00-00', 'Ds. Iser, Kec. Petarukan, Kab. Pemalang, Jawa Tengah   ', '-', 'user', 'SISWA'),
(208, 'FATWA ADDHIA', '2', '205588', '205588', '-', '-', 'PEMALANG', '0000-00-00', 'Ds. Iser, Kec. Petarukan, Kab. Pemalang, Jawa Tengah   ', '-', 'user', 'SISWA'),
(209, 'FEBTRI NUR ARI', '2', '205589', '205589', '-', '-', 'PEMALANG', '0000-00-00', 'Ds. Iser, Kec. Petarukan, Kab. Pemalang, Jawa Tengah   ', '-', 'user', 'SISWA'),
(210, 'HAFISH FATUR RAFFI', '2', '205590', '205590', '-', '-', 'PEMALANG', '0000-00-00', 'Ds. Iser, Kec. Petarukan, Kab. Pemalang, Jawa Tengah   ', '-', 'user', 'SISWA'),
(211, 'HANIF INDRA LUKMAN', '2', '205591', '205591', '-', '-', 'PEMALANG', '0000-00-00', 'Ds. Iser, Kec. Petarukan, Kab. Pemalang, Jawa Tengah   ', '-', 'user', 'SISWA'),
(212, 'HARDIKA NITAN PRATAMA', '2', '205592', '205592', '-', '-', 'PEMALANG', '0000-00-00', 'Ds. Iser, Kec. Petarukan, Kab. Pemalang, Jawa Tengah   ', '-', 'user', 'SISWA'),
(213, 'JAVAKU INDRA SAPUTRA', '2', '205593', '205593', '-', '-', 'PEMALANG', '0000-00-00', 'Ds. Iser, Kec. Petarukan, Kab. Pemalang, Jawa Tengah   ', '-', 'user', 'SISWA'),
(214, 'KEVIN OKTAVIANTO', '2', '205594', '205594', '-', '-', 'PEMALANG', '0000-00-00', 'Ds. Iser, Kec. Petarukan, Kab. Pemalang, Jawa Tengah   ', '-', 'user', 'SISWA'),
(215, 'MACHROES SHOLEHAN', '2', '205595', '205595', '-', '-', 'PEMALANG', '0000-00-00', 'Ds. Iser, Kec. Petarukan, Kab. Pemalang, Jawa Tengah   ', '-', 'user', 'SISWA'),
(216, 'MEI RATNA SARI', '2', '205596', '205596', '-', '-', 'PEMALANG', '0000-00-00', 'Ds. Iser, Kec. Petarukan, Kab. Pemalang, Jawa Tengah   ', '-', 'user', 'SISWA'),
(217, 'MOHAMMAD AKBAR RAFA SAPUTRA', '2', '205597', '205597', '-', '-', 'PEMALANG', '0000-00-00', 'Ds. Iser, Kec. Petarukan, Kab. Pemalang, Jawa Tengah   ', '-', 'user', 'SISWA'),
(218, 'MUHAMAD BAYU PRATAMA', '2', '205598', '205598', '-', '-', 'PEMALANG', '0000-00-00', 'Ds. Iser, Kec. Petarukan, Kab. Pemalang, Jawa Tengah   ', '-', 'user', 'SISWA'),
(219, 'MUHAMAD YANUAR ADITYA', '2', '205599', '205599', '-', '-', 'PEMALANG', '0000-00-00', 'Ds. Iser, Kec. Petarukan, Kab. Pemalang, Jawa Tengah   ', '-', 'user', 'SISWA'),
(220, 'MUHAMMAD RAFAH ARRASYID AUFA', '2', '205600', '205600', '-', '-', 'PEMALANG', '0000-00-00', 'Ds. Iser, Kec. Petarukan, Kab. Pemalang, Jawa Tengah   ', '-', 'user', 'SISWA'),
(221, 'RAJU NUR RAHMADANI', '2', '205601', '205601', '-', '-', 'PEMALANG', '0000-00-00', 'Ds. Iser, Kec. Petarukan, Kab. Pemalang, Jawa Tengah   ', '-', 'user', 'SISWA'),
(222, 'RAKHA PENOFFA', '2', '205602', '205602', '-', '-', 'PEMALANG', '0000-00-00', 'Ds. Iser, Kec. Petarukan, Kab. Pemalang, Jawa Tengah   ', '-', 'user', 'SISWA'),
(223, 'RAMA IBNU WIGUNA', '2', '205603', '205603', '-', '-', 'PEMALANG', '0000-00-00', 'Ds. Iser, Kec. Petarukan, Kab. Pemalang, Jawa Tengah   ', '-', 'user', 'SISWA'),
(224, 'RESVITA NESIA', '2', '205604', '205604', '-', '-', 'PEMALANG', '0000-00-00', 'Ds. Iser, Kec. Petarukan, Kab. Pemalang, Jawa Tengah   ', '-', 'user', 'SISWA'),
(225, 'RIDHO RAMADANI', '2', '205605', '205605', '-', '-', 'PEMALANG', '0000-00-00', 'Ds. Iser, Kec. Petarukan, Kab. Pemalang, Jawa Tengah   ', '-', 'user', 'SISWA'),
(226, 'RIZIQ ARYA SAUMA', '2', '205606', '205606', '-', '-', 'PEMALANG', '0000-00-00', 'Ds. Iser, Kec. Petarukan, Kab. Pemalang, Jawa Tengah   ', '-', 'user', 'SISWA'),
(227, 'RIZQY MAULANA', '2', '205607', '205607', '-', '-', 'PEMALANG', '0000-00-00', 'Ds. Iser, Kec. Petarukan, Kab. Pemalang, Jawa Tengah   ', '-', 'user', 'SISWA'),
(228, 'RULI RAAFI', '2', '205608', '205608', '-', '-', 'PEMALANG', '0000-00-00', 'Ds. Iser, Kec. Petarukan, Kab. Pemalang, Jawa Tengah   ', '-', 'user', 'SISWA'),
(229, 'SENDI PRASETIYO', '2', '205609', '205609', '-', '-', 'PEMALANG', '0000-00-00', 'Ds. Iser, Kec. Petarukan, Kab. Pemalang, Jawa Tengah   ', '-', 'user', 'SISWA'),
(230, 'SENJA REVANDO AGASTIN', '2', '205610', '205610', '-', '-', 'PEMALANG', '0000-00-00', 'Ds. Iser, Kec. Petarukan, Kab. Pemalang, Jawa Tengah   ', '-', 'user', 'SISWA'),
(231, 'WAHYU PRIYANTO', '2', '205611', '205611', '-', '-', 'PEMALANG', '0000-00-00', 'Ds. Iser, Kec. Petarukan, Kab. Pemalang, Jawa Tengah   ', '-', 'user', 'SISWA'),
(232, 'WINDA WULANDARI ', '2', '205612', '205612', '-', '-', 'PEMALANG', '0000-00-00', 'Ds. Iser, Kec. Petarukan, Kab. Pemalang, Jawa Tengah   ', '-', 'user', 'SISWA'),
(233, 'WISNU ADE FIRMANSYAH', '2', '205613', '205613', '-', '-', 'PEMALANG', '0000-00-00', 'Ds. Iser, Kec. Petarukan, Kab. Pemalang, Jawa Tengah   ', '-', 'user', 'SISWA'),
(234, 'ZIDAN FAIRUS', '2', '205614', '205614', '-', '-', 'PEMALANG', '0000-00-00', 'Ds. Iser, Kec. Petarukan, Kab. Pemalang, Jawa Tengah   ', '-', 'user', 'SISWA'),
(235, 'AHMAD HUSAYNI WARDI', '2', '205615', '205615', '-', '-', 'PEMALANG', '0000-00-00', 'Ds. Iser, Kec. Petarukan, Kab. Pemalang, Jawa Tengah   ', '-', 'user', 'SISWA'),
(236, 'ARDAN AFIFI', '2', '205616', '205616', '-', '-', 'PEMALANG', '0000-00-00', 'Ds. Iser, Kec. Petarukan, Kab. Pemalang, Jawa Tengah   ', '-', 'user', 'SISWA'),
(237, 'AZMI SYIFAUL ANANG', '2', '205617', '205617', '-', '-', 'PEMALANG', '0000-00-00', 'Ds. Iser, Kec. Petarukan, Kab. Pemalang, Jawa Tengah   ', '-', 'user', 'SISWA'),
(238, 'BAGAS GALIH GUNAWAN', '2', '205618', '205618', '-', '-', 'PEMALANG', '0000-00-00', 'Ds. Iser, Kec. Petarukan, Kab. Pemalang, Jawa Tengah   ', '-', 'user', 'SISWA'),
(239, 'BAGUS KURNIAWAN', '2', '205619', '205619', '-', '-', 'PEMALANG', '0000-00-00', 'Ds. Iser, Kec. Petarukan, Kab. Pemalang, Jawa Tengah   ', '-', 'user', 'SISWA'),
(240, 'BISRI MUSTHOFA', '2', '205620', '205620', '-', '-', 'PEMALANG', '0000-00-00', 'Ds. Iser, Kec. Petarukan, Kab. Pemalang, Jawa Tengah   ', '-', 'user', 'SISWA'),
(241, 'DAVA TRI PUJIONO ', '2', '205621', '205621', '-', '-', 'PEMALANG', '0000-00-00', 'Ds. Iser, Kec. Petarukan, Kab. Pemalang, Jawa Tengah   ', '-', 'user', 'SISWA'),
(242, 'DIAZ TRI ADITYASYAH', '2', '205622', '205622', '-', '-', 'PEMALANG', '0000-00-00', 'Ds. Iser, Kec. Petarukan, Kab. Pemalang, Jawa Tengah   ', '-', 'user', 'SISWA'),
(243, 'EDWARD WIRANATA ', '2', '205623', '205623', '-', '-', 'PEMALANG', '0000-00-00', 'Ds. Iser, Kec. Petarukan, Kab. Pemalang, Jawa Tengah   ', '-', 'user', 'SISWA'),
(244, 'FAHMI ARDIANSYAH', '2', '205624', '205624', '-', '-', 'PEMALANG', '0000-00-00', 'Ds. Iser, Kec. Petarukan, Kab. Pemalang, Jawa Tengah   ', '-', 'user', 'SISWA'),
(245, 'FARIS FACHRI MAULANA', '2', '205625', '205625', '-', '-', 'PEMALANG', '0000-00-00', 'Ds. Iser, Kec. Petarukan, Kab. Pemalang, Jawa Tengah   ', '-', 'user', 'SISWA'),
(246, 'FIQRI AFFAN SAMUDRA', '2', '205626', '205626', '-', '-', 'PEMALANG', '0000-00-00', 'Ds. Iser, Kec. Petarukan, Kab. Pemalang, Jawa Tengah   ', '-', 'user', 'SISWA'),
(247, 'HASAN', '2', '205627', '205627', '-', '-', 'PEMALANG', '0000-00-00', 'Ds. Iser, Kec. Petarukan, Kab. Pemalang, Jawa Tengah   ', '-', 'user', 'SISWA'),
(248, 'KEVIN DWI PRAYOGA', '2', '205628', '205628', '-', '-', 'PEMALANG', '0000-00-00', 'Ds. Iser, Kec. Petarukan, Kab. Pemalang, Jawa Tengah   ', '-', 'user', 'SISWA'),
(249, 'LUKMAN NUR HAKIM', '2', '205629', '205629', '-', '-', 'PEMALANG', '0000-00-00', 'Ds. Iser, Kec. Petarukan, Kab. Pemalang, Jawa Tengah   ', '-', 'user', 'SISWA'),
(250, 'LUTFI PRASTIAWAN', '2', '205630', '205630', '-', '-', 'PEMALANG', '0000-00-00', 'Ds. Iser, Kec. Petarukan, Kab. Pemalang, Jawa Tengah   ', '-', 'user', 'SISWA'),
(251, 'MUHAMMAD DHITO PRATAMA', '2', '205631', '205631', '-', '-', 'PEMALANG', '0000-00-00', 'Ds. Iser, Kec. Petarukan, Kab. Pemalang, Jawa Tengah   ', '-', 'user', 'SISWA'),
(252, 'MUHAMMAD LUTFI MUSTOFA', '2', '205632', '205632', '-', '-', 'PEMALANG', '0000-00-00', 'Ds. Iser, Kec. Petarukan, Kab. Pemalang, Jawa Tengah   ', '-', 'user', 'SISWA'),
(253, 'NOFA PRASETIYO', '2', '205633', '205633', '-', '-', 'PEMALANG', '0000-00-00', 'Ds. Iser, Kec. Petarukan, Kab. Pemalang, Jawa Tengah   ', '-', 'user', 'SISWA'),
(254, 'PANJI', '2', '205634', '205634', '-', '-', 'PEMALANG', '0000-00-00', 'Ds. Iser, Kec. Petarukan, Kab. Pemalang, Jawa Tengah   ', '-', 'user', 'SISWA'),
(255, 'PANUNTUN JIWA', '2', '205635', '205635', '-', '-', 'PEMALANG', '0000-00-00', 'Ds. Iser, Kec. Petarukan, Kab. Pemalang, Jawa Tengah   ', '-', 'user', 'SISWA'),
(256, 'PATIH AL KHALIFAH RADIANSYAH', '2', '205636', '205636', '-', '-', 'PEMALANG', '0000-00-00', 'Ds. Iser, Kec. Petarukan, Kab. Pemalang, Jawa Tengah   ', '-', 'user', 'SISWA'),
(257, 'PRIMERO CHICO', '2', '205637', '205637', '-', '-', 'PEMALANG', '0000-00-00', 'Ds. Iser, Kec. Petarukan, Kab. Pemalang, Jawa Tengah   ', '-', 'user', 'SISWA'),
(258, 'RADIT', '2', '205638', '205638', '-', '-', 'PEMALANG', '0000-00-00', 'Ds. Iser, Kec. Petarukan, Kab. Pemalang, Jawa Tengah   ', '-', 'user', 'SISWA'),
(259, 'RANGGA ARDYANSAH SAPUTRA', '2', '205639', '205639', '-', '-', 'PEMALANG', '0000-00-00', 'Ds. Iser, Kec. Petarukan, Kab. Pemalang, Jawa Tengah   ', '-', 'user', 'SISWA'),
(260, 'REFAL YOGIANTORO', '2', '205640', '205640', '-', '-', 'PEMALANG', '0000-00-00', 'Ds. Iser, Kec. Petarukan, Kab. Pemalang, Jawa Tengah   ', '-', 'user', 'SISWA'),
(261, 'REVAL MAHAJANA', '2', '205641', '205641', '-', '-', 'PEMALANG', '0000-00-00', 'Ds. Iser, Kec. Petarukan, Kab. Pemalang, Jawa Tengah   ', '-', 'user', 'SISWA'),
(262, 'RIAN ARMADIANTO', '2', '205642', '205642', '-', '-', 'PEMALANG', '0000-00-00', 'Ds. Iser, Kec. Petarukan, Kab. Pemalang, Jawa Tengah   ', '-', 'user', 'SISWA'),
(263, 'SATRIA AZIZ', '2', '205643', '205643', '-', '-', 'PEMALANG', '0000-00-00', 'Ds. Iser, Kec. Petarukan, Kab. Pemalang, Jawa Tengah   ', '-', 'user', 'SISWA'),
(264, 'TARMUDI', '2', '205644', '205644', '-', '-', 'PEMALANG', '0000-00-00', 'Ds. Iser, Kec. Petarukan, Kab. Pemalang, Jawa Tengah   ', '-', 'user', 'SISWA'),
(265, 'TIAN ADI RETNO ', '2', '205645', '205645', '-', '-', 'PEMALANG', '0000-00-00', 'Ds. Iser, Kec. Petarukan, Kab. Pemalang, Jawa Tengah   ', '-', 'user', 'SISWA'),
(266, 'TREEHUDA WIDYARTO', '2', '205646', '205646', '-', '-', 'PEMALANG', '0000-00-00', 'Ds. Iser, Kec. Petarukan, Kab. Pemalang, Jawa Tengah   ', '-', 'user', 'SISWA');
INSERT INTO `tb_user` (`id_user`, `nama_lengkap`, `position`, `user`, `pass`, `email`, `no_whatsapp`, `temp_lahir`, `tgl_lahir`, `alamat_sekarang`, `img_profile`, `id_level`, `id_organisasi`) VALUES
(267, 'VADLI ADITYA PUTRA PRATAMA', '2', '205647', '205647', '-', '-', 'PEMALANG', '0000-00-00', 'Ds. Iser, Kec. Petarukan, Kab. Pemalang, Jawa Tengah   ', '-', 'user', 'SISWA'),
(268, 'WIDI HARYANTO', '2', '205648', '205648', '-', '-', 'PEMALANG', '0000-00-00', 'Ds. Iser, Kec. Petarukan, Kab. Pemalang, Jawa Tengah   ', '-', 'user', 'SISWA'),
(269, 'WISNU DWI ABIMANYU', '2', '205649', '205649', '-', '-', 'PEMALANG', '0000-00-00', 'Ds. Iser, Kec. Petarukan, Kab. Pemalang, Jawa Tengah   ', '-', 'user', 'SISWA'),
(270, 'ZULVIKAR ARDIANSYAH ALVANI', '2', '205650', '205650', '-', '-', 'PEMALANG', '0000-00-00', 'Ds. Iser, Kec. Petarukan, Kab. Pemalang, Jawa Tengah   ', '-', 'user', 'SISWA'),
(271, 'ABDUL ROZAK', '2', '205651', '205651', '-', '-', 'PEMALANG', '0000-00-00', 'Ds. Iser, Kec. Petarukan, Kab. Pemalang, Jawa Tengah   ', '-', 'user', 'SISWA'),
(272, 'ADIT SAPUTRA', '2', '205652', '205652', '-', '-', 'PEMALANG', '0000-00-00', 'Ds. Iser, Kec. Petarukan, Kab. Pemalang, Jawa Tengah   ', '-', 'user', 'SISWA'),
(273, 'AHMAD RIDHO GUNAWAN', '2', '205653', '205653', '-', '-', 'PEMALANG', '0000-00-00', 'Ds. Iser, Kec. Petarukan, Kab. Pemalang, Jawa Tengah   ', '-', 'user', 'SISWA'),
(274, 'AINUR MUSTAQIM', '2', '205654', '205654', '-', '-', 'PEMALANG', '0000-00-00', 'Ds. Iser, Kec. Petarukan, Kab. Pemalang, Jawa Tengah   ', '-', 'user', 'SISWA'),
(275, 'ALIFIAN FAUZY AKBAR', '2', '205655', '205655', '-', '-', 'PEMALANG', '0000-00-00', 'Ds. Iser, Kec. Petarukan, Kab. Pemalang, Jawa Tengah   ', '-', 'user', 'SISWA'),
(276, 'ALRIZA IRDIANSYAH', '2', '205656', '205656', '-', '-', 'PEMALANG', '0000-00-00', 'Ds. Iser, Kec. Petarukan, Kab. Pemalang, Jawa Tengah   ', '-', 'user', 'SISWA'),
(277, 'ARIEF RISQI WIDAGDO', '2', '205657', '205657', '-', '-', 'PEMALANG', '0000-00-00', 'Ds. Iser, Kec. Petarukan, Kab. Pemalang, Jawa Tengah   ', '-', 'user', 'SISWA'),
(278, 'ARIF SETYAWAN ', '2', '205658', '205658', '-', '-', 'PEMALANG', '0000-00-00', 'Ds. Iser, Kec. Petarukan, Kab. Pemalang, Jawa Tengah   ', '-', 'user', 'SISWA'),
(279, 'BAMBANG MURDIONO ', '2', '205659', '205659', '-', '-', 'PEMALANG', '0000-00-00', 'Ds. Iser, Kec. Petarukan, Kab. Pemalang, Jawa Tengah   ', '-', 'user', 'SISWA'),
(280, 'CORNELIUS GERY NOVIANTO ', '2', '205660', '205660', '-', '-', 'PEMALANG', '0000-00-00', 'Ds. Iser, Kec. Petarukan, Kab. Pemalang, Jawa Tengah   ', '-', 'user', 'SISWA'),
(281, 'DAFFA EMILLYO', '2', '205661', '205661', '-', '-', 'PEMALANG', '0000-00-00', 'Ds. Iser, Kec. Petarukan, Kab. Pemalang, Jawa Tengah   ', '-', 'user', 'SISWA'),
(282, 'DANU WILLSANDY', '2', '205662', '205662', '-', '-', 'PEMALANG', '0000-00-00', 'Ds. Iser, Kec. Petarukan, Kab. Pemalang, Jawa Tengah   ', '-', 'user', 'SISWA'),
(283, 'DENIS DENIARSYAH', '2', '205663', '205663', '-', '-', 'PEMALANG', '0000-00-00', 'Ds. Iser, Kec. Petarukan, Kab. Pemalang, Jawa Tengah   ', '-', 'user', 'SISWA'),
(284, 'DWI PUJI KAMAL ABDUL JAMAL ', '2', '205664', '205664', '-', '-', 'PEMALANG', '0000-00-00', 'Ds. Iser, Kec. Petarukan, Kab. Pemalang, Jawa Tengah   ', '-', 'user', 'SISWA'),
(285, 'FAIZ DARMAWAN ', '2', '205665', '205665', '-', '-', 'PEMALANG', '0000-00-00', 'Ds. Iser, Kec. Petarukan, Kab. Pemalang, Jawa Tengah   ', '-', 'user', 'SISWA'),
(286, 'FARIEH RAYHAN', '2', '205666', '205666', '-', '-', 'PEMALANG', '0000-00-00', 'Ds. Iser, Kec. Petarukan, Kab. Pemalang, Jawa Tengah   ', '-', 'user', 'SISWA'),
(287, 'FERRI AHMAD', '2', '205667', '205667', '-', '-', 'PEMALANG', '0000-00-00', 'Ds. Iser, Kec. Petarukan, Kab. Pemalang, Jawa Tengah   ', '-', 'user', 'SISWA'),
(288, 'FIRMANSYAH NUR PANGESTU', '2', '205668', '205668', '-', '-', 'PEMALANG', '0000-00-00', 'Ds. Iser, Kec. Petarukan, Kab. Pemalang, Jawa Tengah   ', '-', 'user', 'SISWA'),
(289, 'GALANG NOVA SETIA PRATAMA ', '2', '205669', '205669', '-', '-', 'PEMALANG', '0000-00-00', 'Ds. Iser, Kec. Petarukan, Kab. Pemalang, Jawa Tengah   ', '-', 'user', 'SISWA'),
(290, 'GUSFANI PRAMANA', '2', '205670', '205670', '-', '-', 'PEMALANG', '0000-00-00', 'Ds. Iser, Kec. Petarukan, Kab. Pemalang, Jawa Tengah   ', '-', 'user', 'SISWA'),
(291, 'IBNU FIKRI FADILLAH', '2', '205671', '205671', '-', '-', 'PEMALANG', '0000-00-00', 'Ds. Iser, Kec. Petarukan, Kab. Pemalang, Jawa Tengah   ', '-', 'user', 'SISWA'),
(292, 'KHAVIDHOTUL AKMAL', '2', '205672', '205672', '-', '-', 'PEMALANG', '0000-00-00', 'Ds. Iser, Kec. Petarukan, Kab. Pemalang, Jawa Tengah   ', '-', 'user', 'SISWA'),
(293, 'LUTFI DION ARDIANSYAH', '2', '205673', '205673', '-', '-', 'PEMALANG', '0000-00-00', 'Ds. Iser, Kec. Petarukan, Kab. Pemalang, Jawa Tengah   ', '-', 'user', 'SISWA'),
(294, 'MOHAMAD ALFIANSYAH SAPUTRA', '2', '205674', '205674', '-', '-', 'PEMALANG', '0000-00-00', 'Ds. Iser, Kec. Petarukan, Kab. Pemalang, Jawa Tengah   ', '-', 'user', 'SISWA'),
(295, 'MUCHAMMAD BARKAH AZZUHRI', '2', '205675', '205675', '-', '-', 'PEMALANG', '0000-00-00', 'Ds. Iser, Kec. Petarukan, Kab. Pemalang, Jawa Tengah   ', '-', 'user', 'SISWA'),
(296, 'MUHAMAD RIZKI DINATA', '2', '205676', '205676', '-', '-', 'PEMALANG', '0000-00-00', 'Ds. Iser, Kec. Petarukan, Kab. Pemalang, Jawa Tengah   ', '-', 'user', 'SISWA'),
(297, 'MUHAMMAD AL FAIN ALASYAR', '2', '205677', '205677', '-', '-', 'PEMALANG', '0000-00-00', 'Ds. Iser, Kec. Petarukan, Kab. Pemalang, Jawa Tengah   ', '-', 'user', 'SISWA'),
(298, 'MUHAMMAD ANGGA SATRIYO', '2', '205678', '205678', '-', '-', 'PEMALANG', '0000-00-00', 'Ds. Iser, Kec. Petarukan, Kab. Pemalang, Jawa Tengah   ', '-', 'user', 'SISWA'),
(299, 'MUHAMMAD HAIKAL HALIMAN', '2', '205679', '205679', '-', '-', 'PEMALANG', '0000-00-00', 'Ds. Iser, Kec. Petarukan, Kab. Pemalang, Jawa Tengah   ', '-', 'user', 'SISWA'),
(300, 'PAMUNGKAS TRIYAN APRILIANSYAH', '2', '205680', '205680', '-', '-', 'PEMALANG', '0000-00-00', 'Ds. Iser, Kec. Petarukan, Kab. Pemalang, Jawa Tengah   ', '-', 'user', 'SISWA'),
(301, 'RANGGA DWI SUPRAYOGI', '2', '205681', '205681', '-', '-', 'PEMALANG', '0000-00-00', 'Ds. Iser, Kec. Petarukan, Kab. Pemalang, Jawa Tengah   ', '-', 'user', 'SISWA'),
(302, 'RASYA ADITYA NUGRAHA', '2', '205682', '205682', '-', '-', 'PEMALANG', '0000-00-00', 'Ds. Iser, Kec. Petarukan, Kab. Pemalang, Jawa Tengah   ', '-', 'user', 'SISWA'),
(303, 'RIDHO SANTOSO', '2', '205683', '205683', '-', '-', 'PEMALANG', '0000-00-00', 'Ds. Iser, Kec. Petarukan, Kab. Pemalang, Jawa Tengah   ', '-', 'user', 'SISWA'),
(304, 'RIZKI ANGGARA', '2', '205684', '205684', '-', '-', 'PEMALANG', '0000-00-00', 'Ds. Iser, Kec. Petarukan, Kab. Pemalang, Jawa Tengah   ', '-', 'user', 'SISWA'),
(305, 'SUGENG DIYO RAHARJO', '2', '205685', '205685', '-', '-', 'PEMALANG', '0000-00-00', 'Ds. Iser, Kec. Petarukan, Kab. Pemalang, Jawa Tengah   ', '-', 'user', 'SISWA'),
(306, 'TIKWAN ZAKY ALDIANSYAH', '2', '205686', '205686', '-', '-', 'PEMALANG', '0000-00-00', 'Ds. Iser, Kec. Petarukan, Kab. Pemalang, Jawa Tengah   ', '-', 'user', 'SISWA'),
(307, 'ZACKY BARAJA ATHAHILLAH', '2', '205687', '205687', '-', '-', 'PEMALANG', '0000-00-00', 'Ds. Iser, Kec. Petarukan, Kab. Pemalang, Jawa Tengah   ', '-', 'user', 'SISWA'),
(308, 'ABDAN SYAKUR', '2', '205688', '205688', '-', '-', 'PEMALANG', '0000-00-00', 'Ds. Iser, Kec. Petarukan, Kab. Pemalang, Jawa Tengah   ', '-', 'user', 'SISWA'),
(309, 'ADIK SETIAWAN', '2', '205689', '205689', '-', '-', 'PEMALANG', '0000-00-00', 'Ds. Iser, Kec. Petarukan, Kab. Pemalang, Jawa Tengah   ', '-', 'user', 'SISWA'),
(310, 'AFGANY SETIAWAN', '2', '205690', '205690', '-', '-', 'PEMALANG', '0000-00-00', 'Ds. Iser, Kec. Petarukan, Kab. Pemalang, Jawa Tengah   ', '-', 'user', 'SISWA'),
(311, 'AGIS GUSTI PANGESTU', '2', '205691', '205691', '-', '-', 'PEMALANG', '0000-00-00', 'Ds. Iser, Kec. Petarukan, Kab. Pemalang, Jawa Tengah   ', '-', 'user', 'SISWA'),
(312, 'AHMAD MU\'ALTAF', '2', '205692', '205692', '-', '-', 'PEMALANG', '0000-00-00', 'Ds. Iser, Kec. Petarukan, Kab. Pemalang, Jawa Tengah   ', '-', 'user', 'SISWA'),
(313, 'AINUR ROFIK MUSTAQIM', '2', '205693', '205693', '-', '-', 'PEMALANG', '0000-00-00', 'Ds. Iser, Kec. Petarukan, Kab. Pemalang, Jawa Tengah   ', '-', 'user', 'SISWA'),
(314, 'AJI HIDAYATTULLOH', '2', '205694', '205694', '-', '-', 'PEMALANG', '0000-00-00', 'Ds. Iser, Kec. Petarukan, Kab. Pemalang, Jawa Tengah   ', '-', 'user', 'SISWA'),
(315, 'ALVIN DWI SAPUTRA', '2', '205695', '205695', '-', '-', 'PEMALANG', '0000-00-00', 'Ds. Iser, Kec. Petarukan, Kab. Pemalang, Jawa Tengah   ', '-', 'user', 'SISWA'),
(316, 'AQIL  BADAI\' MU\'AFI', '2', '205696', '205696', '-', '-', 'PEMALANG', '0000-00-00', 'Ds. Iser, Kec. Petarukan, Kab. Pemalang, Jawa Tengah   ', '-', 'user', 'SISWA'),
(317, 'ARDIANSYAH MAULANA', '2', '205697', '205697', '-', '-', 'PEMALANG', '0000-00-00', 'Ds. Iser, Kec. Petarukan, Kab. Pemalang, Jawa Tengah   ', '-', 'user', 'SISWA'),
(318, 'DAFA BADAR ANAM', '2', '205698', '205698', '-', '-', 'PEMALANG', '0000-00-00', 'Ds. Iser, Kec. Petarukan, Kab. Pemalang, Jawa Tengah   ', '-', 'user', 'SISWA'),
(319, 'DAVID VILA', '2', '205699', '205699', '-', '-', 'PEMALANG', '0000-00-00', 'Ds. Iser, Kec. Petarukan, Kab. Pemalang, Jawa Tengah   ', '-', 'user', 'SISWA'),
(320, 'DENIS ADE HARIS', '2', '205700', '205700', '-', '-', 'PEMALANG', '0000-00-00', 'Ds. Iser, Kec. Petarukan, Kab. Pemalang, Jawa Tengah   ', '-', 'user', 'SISWA'),
(321, 'DIAZ DJONGGI', '2', '205701', '205701', '-', '-', 'PEMALANG', '0000-00-00', 'Ds. Iser, Kec. Petarukan, Kab. Pemalang, Jawa Tengah   ', '-', 'user', 'SISWA'),
(322, 'DICKA SATRIA PRATAMA', '2', '205702', '205702', '-', '-', 'PEMALANG', '0000-00-00', 'Ds. Iser, Kec. Petarukan, Kab. Pemalang, Jawa Tengah   ', '-', 'user', 'SISWA'),
(323, 'DINO SALUWITO', '2', '205703', '205703', '-', '-', 'PEMALANG', '0000-00-00', 'Ds. Iser, Kec. Petarukan, Kab. Pemalang, Jawa Tengah   ', '-', 'user', 'SISWA'),
(324, 'DWI BINTANG JULIANTO', '2', '205704', '205704', '-', '-', 'PEMALANG', '0000-00-00', 'Ds. Iser, Kec. Petarukan, Kab. Pemalang, Jawa Tengah   ', '-', 'user', 'SISWA'),
(325, 'FINZA FEBRIANO', '2', '205705', '205705', '-', '-', 'PEMALANG', '0000-00-00', 'Ds. Iser, Kec. Petarukan, Kab. Pemalang, Jawa Tengah   ', '-', 'user', 'SISWA'),
(326, 'GANDA BAYU MAULANA PUTRA', '2', '205706', '205706', '-', '-', 'PEMALANG', '0000-00-00', 'Ds. Iser, Kec. Petarukan, Kab. Pemalang, Jawa Tengah   ', '-', 'user', 'SISWA'),
(327, 'HELMI RAFA ALDIANSYAH', '2', '205707', '205707', '-', '-', 'PEMALANG', '0000-00-00', 'Ds. Iser, Kec. Petarukan, Kab. Pemalang, Jawa Tengah   ', '-', 'user', 'SISWA'),
(328, 'IKHSAN KHANAFI', '2', '205708', '205708', '-', '-', 'PEMALANG', '0000-00-00', 'Ds. Iser, Kec. Petarukan, Kab. Pemalang, Jawa Tengah   ', '-', 'user', 'SISWA'),
(329, 'JALALUDIN AR RUMI FADILLAH', '2', '205709', '205709', '-', '-', 'PEMALANG', '0000-00-00', 'Ds. Iser, Kec. Petarukan, Kab. Pemalang, Jawa Tengah   ', '-', 'user', 'SISWA'),
(330, 'JODI SETIAWAN', '2', '205710', '205710', '-', '-', 'PEMALANG', '0000-00-00', 'Ds. Iser, Kec. Petarukan, Kab. Pemalang, Jawa Tengah   ', '-', 'user', 'SISWA'),
(331, 'LUTFI HIDAYAT', '2', '205711', '205711', '-', '-', 'PEMALANG', '0000-00-00', 'Ds. Iser, Kec. Petarukan, Kab. Pemalang, Jawa Tengah   ', '-', 'user', 'SISWA'),
(332, 'MUHAMMAD ABIZAR HARYOWIBOWO', '2', '205712', '205712', '-', '-', 'PEMALANG', '0000-00-00', 'Ds. Iser, Kec. Petarukan, Kab. Pemalang, Jawa Tengah   ', '-', 'user', 'SISWA'),
(333, 'MUHAMMAD ALIEF RAMADHAN', '2', '205713', '205713', '-', '-', 'PEMALANG', '0000-00-00', 'Ds. Iser, Kec. Petarukan, Kab. Pemalang, Jawa Tengah   ', '-', 'user', 'SISWA'),
(334, 'MUHAMMAD ARDIS ALFHARAZI', '2', '205714', '205714', '-', '-', 'PEMALANG', '0000-00-00', 'Ds. Iser, Kec. Petarukan, Kab. Pemalang, Jawa Tengah   ', '-', 'user', 'SISWA'),
(335, 'MUHAMMAD ARIS SAPUTRA', '2', '205715', '205715', '-', '-', 'PEMALANG', '0000-00-00', 'Ds. Iser, Kec. Petarukan, Kab. Pemalang, Jawa Tengah   ', '-', 'user', 'SISWA'),
(336, 'RESTU GUSTI RAMADHAN', '2', '205716', '205716', '-', '-', 'PEMALANG', '0000-00-00', 'Ds. Iser, Kec. Petarukan, Kab. Pemalang, Jawa Tengah   ', '-', 'user', 'SISWA'),
(337, 'RIKA AJI ALFARIZI', '2', '205717', '205717', '-', '-', 'PEMALANG', '0000-00-00', 'Ds. Iser, Kec. Petarukan, Kab. Pemalang, Jawa Tengah   ', '-', 'user', 'SISWA'),
(338, 'SABDA AFDI NUR REIKHAN', '2', '205718', '205718', '-', '-', 'PEMALANG', '0000-00-00', 'Ds. Iser, Kec. Petarukan, Kab. Pemalang, Jawa Tengah   ', '-', 'user', 'SISWA'),
(339, 'SAFRIJALUL GHODI', '2', '205719', '205719', '-', '-', 'PEMALANG', '0000-00-00', 'Ds. Iser, Kec. Petarukan, Kab. Pemalang, Jawa Tengah   ', '-', 'user', 'SISWA'),
(340, 'SANDI NURVI PRATAMA', '2', '205720', '205720', '-', '-', 'PEMALANG', '0000-00-00', 'Ds. Iser, Kec. Petarukan, Kab. Pemalang, Jawa Tengah   ', '-', 'user', 'SISWA'),
(341, 'ULLY SARMADIANTORO', '2', '205721', '205721', '-', '-', 'PEMALANG', '0000-00-00', 'Ds. Iser, Kec. Petarukan, Kab. Pemalang, Jawa Tengah   ', '-', 'user', 'SISWA'),
(342, 'WILLY RAHMADI', '2', '205722', '205722', '-', '-', 'PEMALANG', '0000-00-00', 'Ds. Iser, Kec. Petarukan, Kab. Pemalang, Jawa Tengah   ', '-', 'user', 'SISWA'),
(343, 'YOGI KURNIAWAN', '2', '205723', '205723', '-', '-', 'PEMALANG', '0000-00-00', 'Ds. Iser, Kec. Petarukan, Kab. Pemalang, Jawa Tengah   ', '-', 'user', 'SISWA'),
(344, 'AFNAN YUDHA', '2', '303455', '303455', '-', '-', 'PEMALANG', '0000-00-00', 'Ds. Iser, Kec. Petarukan, Kab. Pemalang, Jawa Tengah   ', '-', 'user', 'SISWA'),
(345, 'AGUNG RAEFAN SAPUTRA', '2', '303456', '303456', '-', '-', 'PEMALANG', '0000-00-00', 'Ds. Iser, Kec. Petarukan, Kab. Pemalang, Jawa Tengah   ', '-', 'user', 'SISWA'),
(346, 'AHMAL NUR ZAMZAM', '2', '303457', '303457', '-', '-', 'PEMALANG', '0000-00-00', 'Ds. Iser, Kec. Petarukan, Kab. Pemalang, Jawa Tengah   ', '-', 'user', 'SISWA'),
(347, 'AL AZY RAFY HIDAYAT ', '2', '303458', '303458', '-', '-', 'PEMALANG', '0000-00-00', 'Ds. Iser, Kec. Petarukan, Kab. Pemalang, Jawa Tengah   ', '-', 'user', 'SISWA'),
(348, 'ALVIN MAULANA ISHAK', '2', '303459', '303459', '-', '-', 'PEMALANG', '0000-00-00', 'Ds. Iser, Kec. Petarukan, Kab. Pemalang, Jawa Tengah   ', '-', 'user', 'SISWA'),
(349, 'ANDIKA CANDRA PRATAMA ', '2', '303460', '303460', '-', '-', 'PEMALANG', '0000-00-00', 'Ds. Iser, Kec. Petarukan, Kab. Pemalang, Jawa Tengah   ', '-', 'user', 'SISWA'),
(350, 'ANDREAN PRASETYA', '2', '303461', '303461', '-', '-', 'PEMALANG', '0000-00-00', 'Ds. Iser, Kec. Petarukan, Kab. Pemalang, Jawa Tengah   ', '-', 'user', 'SISWA'),
(351, 'ASKA ROMADHONI', '2', '303462', '303462', '-', '-', 'PEMALANG', '0000-00-00', 'Ds. Iser, Kec. Petarukan, Kab. Pemalang, Jawa Tengah   ', '-', 'user', 'SISWA'),
(352, 'BUDIONO', '2', '303463', '303463', '-', '-', 'PEMALANG', '0000-00-00', 'Ds. Iser, Kec. Petarukan, Kab. Pemalang, Jawa Tengah   ', '-', 'user', 'SISWA'),
(353, 'DANU KHOYRUN ANAM', '2', '303464', '303464', '-', '-', 'PEMALANG', '0000-00-00', 'Ds. Iser, Kec. Petarukan, Kab. Pemalang, Jawa Tengah   ', '-', 'user', 'SISWA'),
(354, 'DEDE GILANG KURNIAWAN ', '2', '303465', '303465', '-', '-', 'PEMALANG', '0000-00-00', 'Ds. Iser, Kec. Petarukan, Kab. Pemalang, Jawa Tengah   ', '-', 'user', 'SISWA'),
(355, 'DIMAS FRIZZI NUR SETIO', '2', '303466', '303466', '-', '-', 'PEMALANG', '0000-00-00', 'Ds. Iser, Kec. Petarukan, Kab. Pemalang, Jawa Tengah   ', '-', 'user', 'SISWA'),
(356, 'DWI AMAR MARUF', '2', '303467', '303467', '-', '-', 'PEMALANG', '0000-00-00', 'Ds. Iser, Kec. Petarukan, Kab. Pemalang, Jawa Tengah   ', '-', 'user', 'SISWA'),
(357, 'FADJAR FERDI MAULANA', '2', '303468', '303468', '-', '-', 'PEMALANG', '0000-00-00', 'Ds. Iser, Kec. Petarukan, Kab. Pemalang, Jawa Tengah   ', '-', 'user', 'SISWA'),
(358, 'FAHMI YAHYA EKA SETIAWAN', '2', '303469', '303469', '-', '-', 'PEMALANG', '0000-00-00', 'Ds. Iser, Kec. Petarukan, Kab. Pemalang, Jawa Tengah   ', '-', 'user', 'SISWA'),
(359, 'FATHIR HENDRI PRANATA', '2', '303470', '303470', '-', '-', 'PEMALANG', '0000-00-00', 'Ds. Iser, Kec. Petarukan, Kab. Pemalang, Jawa Tengah   ', '-', 'user', 'SISWA'),
(360, 'FATHUL ZIDAN RAMADANI', '2', '303471', '303471', '-', '-', 'PEMALANG', '0000-00-00', 'Ds. Iser, Kec. Petarukan, Kab. Pemalang, Jawa Tengah   ', '-', 'user', 'SISWA'),
(361, 'GALANG WIPUTRA', '2', '303472', '303472', '-', '-', 'PEMALANG', '0000-00-00', 'Ds. Iser, Kec. Petarukan, Kab. Pemalang, Jawa Tengah   ', '-', 'user', 'SISWA'),
(362, 'GALIH MIFTAHUL HUDA', '2', '303473', '303473', '-', '-', 'PEMALANG', '0000-00-00', 'Ds. Iser, Kec. Petarukan, Kab. Pemalang, Jawa Tengah   ', '-', 'user', 'SISWA'),
(363, 'GILANG KHOIRUL NIZZAM', '2', '303474', '303474', '-', '-', 'PEMALANG', '0000-00-00', 'Ds. Iser, Kec. Petarukan, Kab. Pemalang, Jawa Tengah   ', '-', 'user', 'SISWA'),
(364, 'KEVYN AL KHAFIZH', '2', '303475', '303475', '-', '-', 'PEMALANG', '0000-00-00', 'Ds. Iser, Kec. Petarukan, Kab. Pemalang, Jawa Tengah   ', '-', 'user', 'SISWA'),
(365, 'KRISNA ALGA FIKI', '2', '303476', '303476', '-', '-', 'PEMALANG', '0000-00-00', 'Ds. Iser, Kec. Petarukan, Kab. Pemalang, Jawa Tengah   ', '-', 'user', 'SISWA'),
(366, 'MOHAMAD RAFFA GANI PUTRA', '2', '303477', '303477', '-', '-', 'PEMALANG', '0000-00-00', 'Ds. Iser, Kec. Petarukan, Kab. Pemalang, Jawa Tengah   ', '-', 'user', 'SISWA'),
(367, 'MOHAMMAD RAYHAN FADILLAH', '2', '303478', '303478', '-', '-', 'PEMALANG', '0000-00-00', 'Ds. Iser, Kec. Petarukan, Kab. Pemalang, Jawa Tengah   ', '-', 'user', 'SISWA'),
(368, 'MUHAMAD FAJAR MUZAKI', '2', '303479', '303479', '-', '-', 'PEMALANG', '0000-00-00', 'Ds. Iser, Kec. Petarukan, Kab. Pemalang, Jawa Tengah   ', '-', 'user', 'SISWA'),
(369, 'MUHAMAD RHOIS NASYECHUDIN', '2', '303480', '303480', '-', '-', 'PEMALANG', '0000-00-00', 'Ds. Iser, Kec. Petarukan, Kab. Pemalang, Jawa Tengah   ', '-', 'user', 'SISWA'),
(370, 'MUHAMAD RIDHO BASTIYAR', '2', '303481', '303481', '-', '-', 'PEMALANG', '0000-00-00', 'Ds. Iser, Kec. Petarukan, Kab. Pemalang, Jawa Tengah   ', '-', 'user', 'SISWA'),
(371, 'MUHAMMAD RIDHO', '2', '303482', '303482', '-', '-', 'PEMALANG', '0000-00-00', 'Ds. Iser, Kec. Petarukan, Kab. Pemalang, Jawa Tengah   ', '-', 'user', 'SISWA'),
(372, 'MUHAMMAD ZAKY AZKIYA', '2', '303483', '303483', '-', '-', 'PEMALANG', '0000-00-00', 'Ds. Iser, Kec. Petarukan, Kab. Pemalang, Jawa Tengah   ', '-', 'user', 'SISWA'),
(373, 'NAZZILAN ARDHAN FERNANDA', '2', '303484', '303484', '-', '-', 'PEMALANG', '0000-00-00', 'Ds. Iser, Kec. Petarukan, Kab. Pemalang, Jawa Tengah   ', '-', 'user', 'SISWA'),
(374, 'PUTRA ADITYA PERMANA', '2', '303485', '303485', '-', '-', 'PEMALANG', '0000-00-00', 'Ds. Iser, Kec. Petarukan, Kab. Pemalang, Jawa Tengah   ', '-', 'user', 'SISWA'),
(375, 'RADITYA RAJASWA', '2', '303486', '303486', '-', '-', 'PEMALANG', '0000-00-00', 'Ds. Iser, Kec. Petarukan, Kab. Pemalang, Jawa Tengah   ', '-', 'user', 'SISWA'),
(376, 'RAHMAT IZUL FIKRI', '2', '303487', '303487', '-', '-', 'PEMALANG', '0000-00-00', 'Ds. Iser, Kec. Petarukan, Kab. Pemalang, Jawa Tengah   ', '-', 'user', 'SISWA'),
(377, 'RAKA EVANDRA', '2', '303488', '303488', '-', '-', 'PEMALANG', '0000-00-00', 'Ds. Iser, Kec. Petarukan, Kab. Pemalang, Jawa Tengah   ', '-', 'user', 'SISWA'),
(378, 'RIFQIY SAIFUDDIN', '2', '303489', '303489', '-', '-', 'PEMALANG', '0000-00-00', 'Ds. Iser, Kec. Petarukan, Kab. Pemalang, Jawa Tengah   ', '-', 'user', 'SISWA'),
(379, 'RIVAL AFANDI ZAKARIA', '2', '303490', '303490', '-', '-', 'PEMALANG', '0000-00-00', 'Ds. Iser, Kec. Petarukan, Kab. Pemalang, Jawa Tengah   ', '-', 'user', 'SISWA'),
(380, 'RIZQI AHSANUL MUHSIN', '2', '303491', '303491', '-', '-', 'PEMALANG', '0000-00-00', 'Ds. Iser, Kec. Petarukan, Kab. Pemalang, Jawa Tengah   ', '-', 'user', 'SISWA'),
(381, 'SELAMET DEDE MULYANA', '2', '303492', '303492', '-', '-', 'PEMALANG', '0000-00-00', 'Ds. Iser, Kec. Petarukan, Kab. Pemalang, Jawa Tengah   ', '-', 'user', 'SISWA'),
(382, 'SUWENDI FERDIANTO', '2', '303493', '303493', '-', '-', 'PEMALANG', '0000-00-00', 'Ds. Iser, Kec. Petarukan, Kab. Pemalang, Jawa Tengah   ', '-', 'user', 'SISWA'),
(383, 'TIS SENDI PRAYUGA', '2', '303494', '303494', '-', '-', 'PEMALANG', '0000-00-00', 'Ds. Iser, Kec. Petarukan, Kab. Pemalang, Jawa Tengah   ', '-', 'user', 'SISWA'),
(384, 'ABSOR NUR AOFAH', '2', '303495', '303495', '-', '-', 'PEMALANG', '0000-00-00', 'Ds. Iser, Kec. Petarukan, Kab. Pemalang, Jawa Tengah   ', '-', 'user', 'SISWA'),
(385, 'AHMAD ALDI FIRMANSYAH', '2', '303496', '303496', '-', '-', 'PEMALANG', '0000-00-00', 'Ds. Iser, Kec. Petarukan, Kab. Pemalang, Jawa Tengah   ', '-', 'user', 'SISWA'),
(386, 'AKBAR SETIA MUNAR', '2', '303497', '303497', '-', '-', 'PEMALANG', '0000-00-00', 'Ds. Iser, Kec. Petarukan, Kab. Pemalang, Jawa Tengah   ', '-', 'user', 'SISWA'),
(387, 'ALBAR FAREZA', '2', '303498', '303498', '-', '-', 'PEMALANG', '0000-00-00', 'Ds. Iser, Kec. Petarukan, Kab. Pemalang, Jawa Tengah   ', '-', 'user', 'SISWA'),
(388, 'ALFIN BEMISANDI', '2', '303499', '303499', '-', '-', 'PEMALANG', '0000-00-00', 'Ds. Iser, Kec. Petarukan, Kab. Pemalang, Jawa Tengah   ', '-', 'user', 'SISWA'),
(389, 'ALIFA ADIANSYAH DAUD', '2', '303500', '303500', '-', '-', 'PEMALANG', '0000-00-00', 'Ds. Iser, Kec. Petarukan, Kab. Pemalang, Jawa Tengah   ', '-', 'user', 'SISWA'),
(390, 'ANDHIKA AKBAR', '2', '303501', '303501', '-', '-', 'PEMALANG', '0000-00-00', 'Ds. Iser, Kec. Petarukan, Kab. Pemalang, Jawa Tengah   ', '-', 'user', 'SISWA'),
(391, 'ANDIKA PUTRA PRATAMA', '2', '303502', '303502', '-', '-', 'PEMALANG', '0000-00-00', 'Ds. Iser, Kec. Petarukan, Kab. Pemalang, Jawa Tengah   ', '-', 'user', 'SISWA'),
(392, 'ANNAS FIRMANSYAH ', '2', '303503', '303503', '-', '-', 'PEMALANG', '0000-00-00', 'Ds. Iser, Kec. Petarukan, Kab. Pemalang, Jawa Tengah   ', '-', 'user', 'SISWA'),
(393, 'AZRIEL SURYA SANJAYA', '2', '303504', '303504', '-', '-', 'PEMALANG', '0000-00-00', 'Ds. Iser, Kec. Petarukan, Kab. Pemalang, Jawa Tengah   ', '-', 'user', 'SISWA'),
(394, 'BAYU FEBRIANTO', '2', '303505', '303505', '-', '-', 'PEMALANG', '0000-00-00', 'Ds. Iser, Kec. Petarukan, Kab. Pemalang, Jawa Tengah   ', '-', 'user', 'SISWA'),
(395, 'BIMAS SATRIAJI', '2', '303506', '303506', '-', '-', 'PEMALANG', '0000-00-00', 'Ds. Iser, Kec. Petarukan, Kab. Pemalang, Jawa Tengah   ', '-', 'user', 'SISWA'),
(396, 'DAVIN ANGGARA', '2', '303507', '303507', '-', '-', 'PEMALANG', '0000-00-00', 'Ds. Iser, Kec. Petarukan, Kab. Pemalang, Jawa Tengah   ', '-', 'user', 'SISWA'),
(397, 'DHAFA REZKY ADY PRASETYO', '2', '303508', '303508', '-', '-', 'PEMALANG', '0000-00-00', 'Ds. Iser, Kec. Petarukan, Kab. Pemalang, Jawa Tengah   ', '-', 'user', 'SISWA'),
(398, 'DJIGAN AL FADIL', '2', '303509', '303509', '-', '-', 'PEMALANG', '0000-00-00', 'Ds. Iser, Kec. Petarukan, Kab. Pemalang, Jawa Tengah   ', '-', 'user', 'SISWA'),
(399, 'FABRIAN THUNEZ ARMEDIANO', '2', '303510', '303510', '-', '-', 'PEMALANG', '0000-00-00', 'Ds. Iser, Kec. Petarukan, Kab. Pemalang, Jawa Tengah   ', '-', 'user', 'SISWA'),
(400, 'FAHRI WILDAN NUR SALIM', '2', '303511', '303511', '-', '-', 'PEMALANG', '0000-00-00', 'Ds. Iser, Kec. Petarukan, Kab. Pemalang, Jawa Tengah   ', '-', 'user', 'SISWA'),
(401, 'FAJAR NUR AZRIEL', '2', '303512', '303512', '-', '-', 'PEMALANG', '0000-00-00', 'Ds. Iser, Kec. Petarukan, Kab. Pemalang, Jawa Tengah   ', '-', 'user', 'SISWA'),
(402, 'IBNU HAKIM', '2', '303513', '303513', '-', '-', 'PEMALANG', '0000-00-00', 'Ds. Iser, Kec. Petarukan, Kab. Pemalang, Jawa Tengah   ', '-', 'user', 'SISWA'),
(403, 'IQBAL SETYABUDI PRATAMA', '2', '303514', '303514', '-', '-', 'PEMALANG', '0000-00-00', 'Ds. Iser, Kec. Petarukan, Kab. Pemalang, Jawa Tengah   ', '-', 'user', 'SISWA'),
(404, 'KARINA', '2', '303515', '303515', '-', '-', 'PEMALANG', '0000-00-00', 'Ds. Iser, Kec. Petarukan, Kab. Pemalang, Jawa Tengah   ', '-', 'user', 'SISWA'),
(405, 'KEVIN ARDIANSYAH', '2', '303516', '303516', '-', '-', 'PEMALANG', '0000-00-00', 'Ds. Iser, Kec. Petarukan, Kab. Pemalang, Jawa Tengah   ', '-', 'user', 'SISWA'),
(406, 'LUTFIANTO', '2', '303517', '303517', '-', '-', 'PEMALANG', '0000-00-00', 'Ds. Iser, Kec. Petarukan, Kab. Pemalang, Jawa Tengah   ', '-', 'user', 'SISWA'),
(407, 'MOHAMMAD FARHAN MAULANA', '2', '303518', '303518', '-', '-', 'PEMALANG', '0000-00-00', 'Ds. Iser, Kec. Petarukan, Kab. Pemalang, Jawa Tengah   ', '-', 'user', 'SISWA'),
(408, 'MOHAMMAD SULTAN MALIK IBRAHIM', '2', '303519', '303519', '-', '-', 'PEMALANG', '0000-00-00', 'Ds. Iser, Kec. Petarukan, Kab. Pemalang, Jawa Tengah   ', '-', 'user', 'SISWA'),
(409, 'MUHAMAD TOHIRIN', '2', '303520', '303520', '-', '-', 'PEMALANG', '0000-00-00', 'Ds. Iser, Kec. Petarukan, Kab. Pemalang, Jawa Tengah   ', '-', 'user', 'SISWA'),
(410, 'MUHAMMAD AKBAR MAULANA ', '2', '303521', '303521', '-', '-', 'PEMALANG', '0000-00-00', 'Ds. Iser, Kec. Petarukan, Kab. Pemalang, Jawa Tengah   ', '-', 'user', 'SISWA'),
(411, 'MUHAMMAD FATIH MASRUKHAN', '2', '303522', '303522', '-', '-', 'PEMALANG', '0000-00-00', 'Ds. Iser, Kec. Petarukan, Kab. Pemalang, Jawa Tengah   ', '-', 'user', 'SISWA'),
(412, 'MUHAMMAD FATIHN', '2', '303523', '303523', '-', '-', 'PEMALANG', '0000-00-00', 'Ds. Iser, Kec. Petarukan, Kab. Pemalang, Jawa Tengah   ', '-', 'user', 'SISWA'),
(413, 'MUHAMMAD FIRDAN HANIF', '2', '303524', '303524', '-', '-', 'PEMALANG', '0000-00-00', 'Ds. Iser, Kec. Petarukan, Kab. Pemalang, Jawa Tengah   ', '-', 'user', 'SISWA'),
(414, 'MUHAMMAD IKBAL SUBAKTI', '2', '303525', '303525', '-', '-', 'PEMALANG', '0000-00-00', 'Ds. Iser, Kec. Petarukan, Kab. Pemalang, Jawa Tengah   ', '-', 'user', 'SISWA'),
(415, 'MUHAMMAD RAFA JUNAEDI', '2', '303526', '303526', '-', '-', 'PEMALANG', '0000-00-00', 'Ds. Iser, Kec. Petarukan, Kab. Pemalang, Jawa Tengah   ', '-', 'user', 'SISWA'),
(416, 'NAUFAL AVILA ZAKI', '2', '303527', '303527', '-', '-', 'PEMALANG', '0000-00-00', 'Ds. Iser, Kec. Petarukan, Kab. Pemalang, Jawa Tengah   ', '-', 'user', 'SISWA'),
(417, 'PANDU WIRAMERTA', '2', '303528', '303528', '-', '-', 'PEMALANG', '0000-00-00', 'Ds. Iser, Kec. Petarukan, Kab. Pemalang, Jawa Tengah   ', '-', 'user', 'SISWA'),
(418, 'RIKY GUSTIAR PRASETYO', '2', '303529', '303529', '-', '-', 'PEMALANG', '0000-00-00', 'Ds. Iser, Kec. Petarukan, Kab. Pemalang, Jawa Tengah   ', '-', 'user', 'SISWA'),
(419, 'RISQI MAULANA AL AZIZ', '2', '303530', '303530', '-', '-', 'PEMALANG', '0000-00-00', 'Ds. Iser, Kec. Petarukan, Kab. Pemalang, Jawa Tengah   ', '-', 'user', 'SISWA'),
(420, 'SOPAN AJI LAKSANA', '2', '303531', '303531', '-', '-', 'PEMALANG', '0000-00-00', 'Ds. Iser, Kec. Petarukan, Kab. Pemalang, Jawa Tengah   ', '-', 'user', 'SISWA'),
(421, 'TEGAR YUSUF BAHTHIAR', '2', '303532', '303532', '-', '-', 'PEMALANG', '0000-00-00', 'Ds. Iser, Kec. Petarukan, Kab. Pemalang, Jawa Tengah   ', '-', 'user', 'SISWA'),
(422, 'VENI DWI UTARI', '2', '303533', '303533', '-', '-', 'PEMALANG', '0000-00-00', 'Ds. Iser, Kec. Petarukan, Kab. Pemalang, Jawa Tengah   ', '-', 'user', 'SISWA'),
(423, 'ZHAKY ABDIRAMA', '2', '303534', '303534', '-', '-', 'PEMALANG', '0000-00-00', 'Ds. Iser, Kec. Petarukan, Kab. Pemalang, Jawa Tengah   ', '-', 'user', 'SISWA'),
(424, 'ALVIN ANNAS RIZKI', '2', '303535', '303535', '-', '-', 'PEMALANG', '0000-00-00', 'Ds. Iser, Kec. Petarukan, Kab. Pemalang, Jawa Tengah   ', '-', 'user', 'SISWA'),
(425, 'ASRUL SANI', '2', '303536', '303536', '-', '-', 'PEMALANG', '0000-00-00', 'Ds. Iser, Kec. Petarukan, Kab. Pemalang, Jawa Tengah   ', '-', 'user', 'SISWA'),
(426, 'CANDRA ADI NUGROHO', '2', '303537', '303537', '-', '-', 'PEMALANG', '0000-00-00', 'Ds. Iser, Kec. Petarukan, Kab. Pemalang, Jawa Tengah   ', '-', 'user', 'SISWA'),
(427, 'CANDRA DWI PANGESTU', '2', '303538', '303538', '-', '-', 'PEMALANG', '0000-00-00', 'Ds. Iser, Kec. Petarukan, Kab. Pemalang, Jawa Tengah   ', '-', 'user', 'SISWA'),
(428, 'CENDA PRASTIO', '2', '303539', '303539', '-', '-', 'PEMALANG', '0000-00-00', 'Ds. Iser, Kec. Petarukan, Kab. Pemalang, Jawa Tengah   ', '-', 'user', 'SISWA'),
(429, 'DAVID', '2', '303540', '303540', '-', '-', 'PEMALANG', '0000-00-00', 'Ds. Iser, Kec. Petarukan, Kab. Pemalang, Jawa Tengah   ', '-', 'user', 'SISWA'),
(430, 'DIMAS SAPUTRA', '2', '303541', '303541', '-', '-', 'PEMALANG', '0000-00-00', 'Ds. Iser, Kec. Petarukan, Kab. Pemalang, Jawa Tengah   ', '-', 'user', 'SISWA'),
(431, 'ERLAN DWIKA', '2', '303542', '303542', '-', '-', 'PEMALANG', '0000-00-00', 'Ds. Iser, Kec. Petarukan, Kab. Pemalang, Jawa Tengah   ', '-', 'user', 'SISWA'),
(432, 'ERWIN ADI NUGROHO', '2', '303543', '303543', '-', '-', 'PEMALANG', '0000-00-00', 'Ds. Iser, Kec. Petarukan, Kab. Pemalang, Jawa Tengah   ', '-', 'user', 'SISWA'),
(433, 'FAIZIN', '2', '303544', '303544', '-', '-', 'PEMALANG', '0000-00-00', 'Ds. Iser, Kec. Petarukan, Kab. Pemalang, Jawa Tengah   ', '-', 'user', 'SISWA'),
(434, 'FARIS ARDIANTO', '2', '303545', '303545', '-', '-', 'PEMALANG', '0000-00-00', 'Ds. Iser, Kec. Petarukan, Kab. Pemalang, Jawa Tengah   ', '-', 'user', 'SISWA'),
(435, 'FEBRIAN VARESKI', '2', '303546', '303546', '-', '-', 'PEMALANG', '0000-00-00', 'Ds. Iser, Kec. Petarukan, Kab. Pemalang, Jawa Tengah   ', '-', 'user', 'SISWA'),
(436, 'GAYUNG TIRWANA', '2', '303547', '303547', '-', '-', 'PEMALANG', '0000-00-00', 'Ds. Iser, Kec. Petarukan, Kab. Pemalang, Jawa Tengah   ', '-', 'user', 'SISWA'),
(437, 'GILANG PRATAMA', '2', '303548', '303548', '-', '-', 'PEMALANG', '0000-00-00', 'Ds. Iser, Kec. Petarukan, Kab. Pemalang, Jawa Tengah   ', '-', 'user', 'SISWA'),
(438, 'HAFIDZ MUZAKI', '2', '303549', '303549', '-', '-', 'PEMALANG', '0000-00-00', 'Ds. Iser, Kec. Petarukan, Kab. Pemalang, Jawa Tengah   ', '-', 'user', 'SISWA'),
(439, 'HAFIT RISNANDA', '2', '303550', '303550', '-', '-', 'PEMALANG', '0000-00-00', 'Ds. Iser, Kec. Petarukan, Kab. Pemalang, Jawa Tengah   ', '-', 'user', 'SISWA'),
(440, 'HAFIZH IZZUDDIN', '2', '303551', '303551', '-', '-', 'PEMALANG', '0000-00-00', 'Ds. Iser, Kec. Petarukan, Kab. Pemalang, Jawa Tengah   ', '-', 'user', 'SISWA'),
(441, 'HAFIZH ZAIM', '2', '303552', '303552', '-', '-', 'PEMALANG', '0000-00-00', 'Ds. Iser, Kec. Petarukan, Kab. Pemalang, Jawa Tengah   ', '-', 'user', 'SISWA'),
(442, 'JONAHTAN HARKRISTANTO SIHITE', '2', '303553', '303553', '-', '-', 'PEMALANG', '0000-00-00', 'Ds. Iser, Kec. Petarukan, Kab. Pemalang, Jawa Tengah   ', '-', 'user', 'SISWA'),
(443, 'KANZA RAFIF KHAIDAR', '2', '303554', '303554', '-', '-', 'PEMALANG', '0000-00-00', 'Ds. Iser, Kec. Petarukan, Kab. Pemalang, Jawa Tengah   ', '-', 'user', 'SISWA'),
(444, 'MAULANA SOLIKHUL HADI PUTRA', '2', '303555', '303555', '-', '-', 'PEMALANG', '0000-00-00', 'Ds. Iser, Kec. Petarukan, Kab. Pemalang, Jawa Tengah   ', '-', 'user', 'SISWA'),
(445, 'MUHAMAD ARDIANSYAH MAESTRA', '2', '303556', '303556', '-', '-', 'PEMALANG', '0000-00-00', 'Ds. Iser, Kec. Petarukan, Kab. Pemalang, Jawa Tengah   ', '-', 'user', 'SISWA'),
(446, 'MUHAMAD FADIL FAVIAN FERNANDA', '2', '303557', '303557', '-', '-', 'PEMALANG', '0000-00-00', 'Ds. Iser, Kec. Petarukan, Kab. Pemalang, Jawa Tengah   ', '-', 'user', 'SISWA'),
(447, 'MUHAMAD FERI SETIADI SAPUTRA', '2', '303558', '303558', '-', '-', 'PEMALANG', '0000-00-00', 'Ds. Iser, Kec. Petarukan, Kab. Pemalang, Jawa Tengah   ', '-', 'user', 'SISWA'),
(448, 'MUHAMMAD NANDA SAPUTRA', '2', '303559', '303559', '-', '-', 'PEMALANG', '0000-00-00', 'Ds. Iser, Kec. Petarukan, Kab. Pemalang, Jawa Tengah   ', '-', 'user', 'SISWA'),
(449, 'OKY TANUWIJAYA', '2', '303560', '303560', '-', '-', 'PEMALANG', '0000-00-00', 'Ds. Iser, Kec. Petarukan, Kab. Pemalang, Jawa Tengah   ', '-', 'user', 'SISWA'),
(450, 'RAFQI AN NAAFI SAPUTRA', '2', '303561', '303561', '-', '-', 'PEMALANG', '0000-00-00', 'Ds. Iser, Kec. Petarukan, Kab. Pemalang, Jawa Tengah   ', '-', 'user', 'SISWA'),
(451, 'RAKA ARDIAN ABIMANYU', '2', '303562', '303562', '-', '-', 'PEMALANG', '0000-00-00', 'Ds. Iser, Kec. Petarukan, Kab. Pemalang, Jawa Tengah   ', '-', 'user', 'SISWA'),
(452, 'RAMA MUHAMMAD RIFAI', '2', '303563', '303563', '-', '-', 'PEMALANG', '0000-00-00', 'Ds. Iser, Kec. Petarukan, Kab. Pemalang, Jawa Tengah   ', '-', 'user', 'SISWA'),
(453, 'RENAL SAPUTRA ', '2', '303564', '303564', '-', '-', 'PEMALANG', '0000-00-00', 'Ds. Iser, Kec. Petarukan, Kab. Pemalang, Jawa Tengah   ', '-', 'user', 'SISWA'),
(454, 'REZA ARMATA', '2', '303565', '303565', '-', '-', 'PEMALANG', '0000-00-00', 'Ds. Iser, Kec. Petarukan, Kab. Pemalang, Jawa Tengah   ', '-', 'user', 'SISWA'),
(455, 'RIDHO PAMUNGKAS', '2', '303566', '303566', '-', '-', 'PEMALANG', '0000-00-00', 'Ds. Iser, Kec. Petarukan, Kab. Pemalang, Jawa Tengah   ', '-', 'user', 'SISWA'),
(456, 'RIFANDI AKIF HERMAWAN ', '2', '303567', '303567', '-', '-', 'PEMALANG', '0000-00-00', 'Ds. Iser, Kec. Petarukan, Kab. Pemalang, Jawa Tengah   ', '-', 'user', 'SISWA'),
(457, 'RIFKY ILHAMSYAH', '2', '303568', '303568', '-', '-', 'PEMALANG', '0000-00-00', 'Ds. Iser, Kec. Petarukan, Kab. Pemalang, Jawa Tengah   ', '-', 'user', 'SISWA'),
(458, 'RISAL ABDUL HAJI ', '2', '303569', '303569', '-', '-', 'PEMALANG', '0000-00-00', 'Ds. Iser, Kec. Petarukan, Kab. Pemalang, Jawa Tengah   ', '-', 'user', 'SISWA'),
(459, 'RIZKI EKA RAMADHAN', '2', '303570', '303570', '-', '-', 'PEMALANG', '0000-00-00', 'Ds. Iser, Kec. Petarukan, Kab. Pemalang, Jawa Tengah   ', '-', 'user', 'SISWA'),
(460, 'TAUHID FEBRY WIDYANSYAH', '2', '303571', '303571', '-', '-', 'PEMALANG', '0000-00-00', 'Ds. Iser, Kec. Petarukan, Kab. Pemalang, Jawa Tengah   ', '-', 'user', 'SISWA'),
(461, 'TEGAR MUTAMAM AFIKIN', '2', '303572', '303572', '-', '-', 'PEMALANG', '0000-00-00', 'Ds. Iser, Kec. Petarukan, Kab. Pemalang, Jawa Tengah   ', '-', 'user', 'SISWA'),
(462, 'WISNU ANDI SAPUTRA', '2', '303573', '303573', '-', '-', 'PEMALANG', '0000-00-00', 'Ds. Iser, Kec. Petarukan, Kab. Pemalang, Jawa Tengah   ', '-', 'user', 'SISWA'),
(463, 'ZALIKA FAUZUL AKBAR', '2', '303574', '303574', '-', '-', 'PEMALANG', '0000-00-00', 'Ds. Iser, Kec. Petarukan, Kab. Pemalang, Jawa Tengah   ', '-', 'user', 'SISWA'),
(464, 'ADITYA IBNU BATHUTAH', '2', '303575', '303575', '-', '-', 'PEMALANG', '0000-00-00', 'Ds. Iser, Kec. Petarukan, Kab. Pemalang, Jawa Tengah   ', '-', 'user', 'SISWA'),
(465, 'AHNAF SABIWI', '2', '303576', '303576', '-', '-', 'PEMALANG', '0000-00-00', 'Ds. Iser, Kec. Petarukan, Kab. Pemalang, Jawa Tengah   ', '-', 'user', 'SISWA'),
(466, 'ANDREAN TRI WIJAKSONO', '2', '303577', '303577', '-', '-', 'PEMALANG', '0000-00-00', 'Ds. Iser, Kec. Petarukan, Kab. Pemalang, Jawa Tengah   ', '-', 'user', 'SISWA'),
(467, 'ARDHI AL FARABI ', '2', '303578', '303578', '-', '-', 'PEMALANG', '0000-00-00', 'Ds. Iser, Kec. Petarukan, Kab. Pemalang, Jawa Tengah   ', '-', 'user', 'SISWA'),
(468, 'AZKA PUTRA MANGGALA', '2', '303579', '303579', '-', '-', 'PEMALANG', '0000-00-00', 'Ds. Iser, Kec. Petarukan, Kab. Pemalang, Jawa Tengah   ', '-', 'user', 'SISWA'),
(469, 'BARIIRUDIN BASTI', '2', '303580', '303580', '-', '-', 'PEMALANG', '0000-00-00', 'Ds. Iser, Kec. Petarukan, Kab. Pemalang, Jawa Tengah   ', '-', 'user', 'SISWA'),
(470, 'BAYU RIZKY RAMADHAN', '2', '303581', '303581', '-', '-', 'PEMALANG', '0000-00-00', 'Ds. Iser, Kec. Petarukan, Kab. Pemalang, Jawa Tengah   ', '-', 'user', 'SISWA'),
(471, 'DIKA SUKMA PRATAMA', '2', '303582', '303582', '-', '-', 'PEMALANG', '0000-00-00', 'Ds. Iser, Kec. Petarukan, Kab. Pemalang, Jawa Tengah   ', '-', 'user', 'SISWA'),
(472, 'EXZA MAULANA', '2', '303583', '303583', '-', '-', 'PEMALANG', '0000-00-00', 'Ds. Iser, Kec. Petarukan, Kab. Pemalang, Jawa Tengah   ', '-', 'user', 'SISWA'),
(473, 'FATHIR UBAIDILLAH', '2', '303584', '303584', '-', '-', 'PEMALANG', '0000-00-00', 'Ds. Iser, Kec. Petarukan, Kab. Pemalang, Jawa Tengah   ', '-', 'user', 'SISWA'),
(474, 'FERDYAN YUDHA PRATAMA ROZANY', '2', '303585', '303585', '-', '-', 'PEMALANG', '0000-00-00', 'Ds. Iser, Kec. Petarukan, Kab. Pemalang, Jawa Tengah   ', '-', 'user', 'SISWA'),
(475, 'IHSAN NUR ATHA', '2', '303586', '303586', '-', '-', 'PEMALANG', '0000-00-00', 'Ds. Iser, Kec. Petarukan, Kab. Pemalang, Jawa Tengah   ', '-', 'user', 'SISWA'),
(476, 'IZZA ZIYADANIL HAQO', '2', '303587', '303587', '-', '-', 'PEMALANG', '0000-00-00', 'Ds. Iser, Kec. Petarukan, Kab. Pemalang, Jawa Tengah   ', '-', 'user', 'SISWA'),
(477, 'JOVANK DAMARIS RENDA', '2', '303588', '303588', '-', '-', 'PEMALANG', '0000-00-00', 'Ds. Iser, Kec. Petarukan, Kab. Pemalang, Jawa Tengah   ', '-', 'user', 'SISWA'),
(478, 'KAFA AESAR AMIN', '2', '303589', '303589', '-', '-', 'PEMALANG', '0000-00-00', 'Ds. Iser, Kec. Petarukan, Kab. Pemalang, Jawa Tengah   ', '-', 'user', 'SISWA'),
(479, 'KHAIRUL IKMAL PUTRA PRAJA', '2', '303590', '303590', '-', '-', 'PEMALANG', '0000-00-00', 'Ds. Iser, Kec. Petarukan, Kab. Pemalang, Jawa Tengah   ', '-', 'user', 'SISWA'),
(480, 'KHAIRUL KEVIN ARDIANSYAH', '2', '303591', '303591', '-', '-', 'PEMALANG', '0000-00-00', 'Ds. Iser, Kec. Petarukan, Kab. Pemalang, Jawa Tengah   ', '-', 'user', 'SISWA'),
(481, 'MAHEZA AKBAR ARRAFA', '2', '303592', '303592', '-', '-', 'PEMALANG', '0000-00-00', 'Ds. Iser, Kec. Petarukan, Kab. Pemalang, Jawa Tengah   ', '-', 'user', 'SISWA'),
(482, 'MAULANA MALIK IBRAHIM', '2', '303593', '303593', '-', '-', 'PEMALANG', '0000-00-00', 'Ds. Iser, Kec. Petarukan, Kab. Pemalang, Jawa Tengah   ', '-', 'user', 'SISWA'),
(483, 'MAULANA YUSUF ISMAIL', '2', '303594', '303594', '-', '-', 'PEMALANG', '0000-00-00', 'Ds. Iser, Kec. Petarukan, Kab. Pemalang, Jawa Tengah   ', '-', 'user', 'SISWA'),
(484, 'MUHAMAD RIFKY RAMADHAN', '2', '303595', '303595', '-', '-', 'PEMALANG', '0000-00-00', 'Ds. Iser, Kec. Petarukan, Kab. Pemalang, Jawa Tengah   ', '-', 'user', 'SISWA'),
(485, 'MUHAMMAD AGUNG MAULANA', '2', '303596', '303596', '-', '-', 'PEMALANG', '0000-00-00', 'Ds. Iser, Kec. Petarukan, Kab. Pemalang, Jawa Tengah   ', '-', 'user', 'SISWA'),
(486, 'MUHAMMAD ARRIJALU PRAKOSO', '2', '303597', '303597', '-', '-', 'PEMALANG', '0000-00-00', 'Ds. Iser, Kec. Petarukan, Kab. Pemalang, Jawa Tengah   ', '-', 'user', 'SISWA'),
(487, 'MUHAMMAD HAFIF PRAYOGO', '2', '303598', '303598', '-', '-', 'PEMALANG', '0000-00-00', 'Ds. Iser, Kec. Petarukan, Kab. Pemalang, Jawa Tengah   ', '-', 'user', 'SISWA'),
(488, 'MUHAMMAD RAFA LESMANA', '2', '303599', '303599', '-', '-', 'PEMALANG', '0000-00-00', 'Ds. Iser, Kec. Petarukan, Kab. Pemalang, Jawa Tengah   ', '-', 'user', 'SISWA'),
(489, 'RAFA PUTRA ADITIAN', '2', '303600', '303600', '-', '-', 'PEMALANG', '0000-00-00', 'Ds. Iser, Kec. Petarukan, Kab. Pemalang, Jawa Tengah   ', '-', 'user', 'SISWA'),
(490, 'RAFAEL ARDIANTO', '2', '303601', '303601', '-', '-', 'PEMALANG', '0000-00-00', 'Ds. Iser, Kec. Petarukan, Kab. Pemalang, Jawa Tengah   ', '-', 'user', 'SISWA'),
(491, 'REHAN RIZKI OKTAVIAN', '2', '303602', '303602', '-', '-', 'PEMALANG', '0000-00-00', 'Ds. Iser, Kec. Petarukan, Kab. Pemalang, Jawa Tengah   ', '-', 'user', 'SISWA'),
(492, 'RESKI SETIAWAN', '2', '303603', '303603', '-', '-', 'PEMALANG', '0000-00-00', 'Ds. Iser, Kec. Petarukan, Kab. Pemalang, Jawa Tengah   ', '-', 'user', 'SISWA'),
(493, 'REVAN JULIANO PUTRA', '2', '303604', '303604', '-', '-', 'PEMALANG', '0000-00-00', 'Ds. Iser, Kec. Petarukan, Kab. Pemalang, Jawa Tengah   ', '-', 'user', 'SISWA'),
(494, 'RIFQI ARJUNA PRASETIYO', '2', '303605', '303605', '-', '-', 'PEMALANG', '0000-00-00', 'Ds. Iser, Kec. Petarukan, Kab. Pemalang, Jawa Tengah   ', '-', 'user', 'SISWA'),
(495, 'RISKON CHARIRI HANUNGTYAS', '2', '303606', '303606', '-', '-', 'PEMALANG', '0000-00-00', 'Ds. Iser, Kec. Petarukan, Kab. Pemalang, Jawa Tengah   ', '-', 'user', 'SISWA'),
(496, 'SUBALI DEWA SATRIA', '2', '303607', '303607', '-', '-', 'PEMALANG', '0000-00-00', 'Ds. Iser, Kec. Petarukan, Kab. Pemalang, Jawa Tengah   ', '-', 'user', 'SISWA'),
(497, 'SURYA SETIAWAN', '2', '303608', '303608', '-', '-', 'PEMALANG', '0000-00-00', 'Ds. Iser, Kec. Petarukan, Kab. Pemalang, Jawa Tengah   ', '-', 'user', 'SISWA'),
(498, 'TEGAR WIJAYA ROTAMA', '2', '303609', '303609', '-', '-', 'PEMALANG', '0000-00-00', 'Ds. Iser, Kec. Petarukan, Kab. Pemalang, Jawa Tengah   ', '-', 'user', 'SISWA'),
(499, 'TRI RAMA HARDIANSYAH', '2', '303610', '303610', '-', '-', 'PEMALANG', '0000-00-00', 'Ds. Iser, Kec. Petarukan, Kab. Pemalang, Jawa Tengah   ', '-', 'user', 'SISWA'),
(500, 'VAHRI AL IZAIN', '2', '303611', '303611', '-', '-', 'PEMALANG', '0000-00-00', 'Ds. Iser, Kec. Petarukan, Kab. Pemalang, Jawa Tengah   ', '-', 'user', 'SISWA'),
(501, 'WISNU FEBRYAN', '2', '303612', '303612', '-', '-', 'PEMALANG', '0000-00-00', 'Ds. Iser, Kec. Petarukan, Kab. Pemalang, Jawa Tengah   ', '-', 'user', 'SISWA'),
(502, 'ZAKI FIRMANSYAH', '2', '303613', '303613', '-', '-', 'PEMALANG', '0000-00-00', 'Ds. Iser, Kec. Petarukan, Kab. Pemalang, Jawa Tengah   ', '-', 'user', 'SISWA'),
(503, 'ZAKKI AL FARUQ', '2', '303614', '303614', '-', '-', 'PEMALANG', '0000-00-00', 'Ds. Iser, Kec. Petarukan, Kab. Pemalang, Jawa Tengah   ', '-', 'user', 'SISWA'),
(504, 'ZIDAN KHOIRON AL KOULY', '2', '303615', '303615', '-', '-', 'PEMALANG', '0000-00-00', 'Ds. Iser, Kec. Petarukan, Kab. Pemalang, Jawa Tengah   ', '-', 'user', 'SISWA'),
(505, 'ADI FIRMANSYAH', '2', '501150', '501150', '-', '-', 'PEMALANG', '0000-00-00', 'Ds. Iser, Kec. Petarukan, Kab. Pemalang, Jawa Tengah   ', '-', 'user', 'SISWA'),
(506, 'ADI PRADIPTA', '2', '501151', '501151', '-', '-', 'PEMALANG', '0000-00-00', 'Ds. Iser, Kec. Petarukan, Kab. Pemalang, Jawa Tengah   ', '-', 'user', 'SISWA'),
(507, 'ALVIN SETIAWAN', '2', '501152', '501152', '-', '-', 'PEMALANG', '0000-00-00', 'Ds. Iser, Kec. Petarukan, Kab. Pemalang, Jawa Tengah   ', '-', 'user', 'SISWA'),
(508, 'ANDIKA TAUFIK PRATAMA', '2', '501153', '501153', '-', '-', 'PEMALANG', '0000-00-00', 'Ds. Iser, Kec. Petarukan, Kab. Pemalang, Jawa Tengah   ', '-', 'user', 'SISWA'),
(509, 'ARNAND SYAEFULLAH', '2', '501154', '501154', '-', '-', 'PEMALANG', '0000-00-00', 'Ds. Iser, Kec. Petarukan, Kab. Pemalang, Jawa Tengah   ', '-', 'user', 'SISWA'),
(510, 'CHELSI ANGGRAINI ADHIMURTI', '2', '501155', '501155', '-', '-', 'PEMALANG', '0000-00-00', 'Ds. Iser, Kec. Petarukan, Kab. Pemalang, Jawa Tengah   ', '-', 'user', 'SISWA'),
(511, 'EGA PUTRA TRI LESTIANTO', '2', '501156', '501156', '-', '-', 'PEMALANG', '0000-00-00', 'Ds. Iser, Kec. Petarukan, Kab. Pemalang, Jawa Tengah   ', '-', 'user', 'SISWA'),
(512, 'FIRMAN FEBRIYANTO', '2', '501157', '501157', '-', '-', 'PEMALANG', '0000-00-00', 'Ds. Iser, Kec. Petarukan, Kab. Pemalang, Jawa Tengah   ', '-', 'user', 'SISWA'),
(513, 'GAVIN ARZA SATRIYA', '2', '501158', '501158', '-', '-', 'PEMALANG', '0000-00-00', 'Ds. Iser, Kec. Petarukan, Kab. Pemalang, Jawa Tengah   ', '-', 'user', 'SISWA'),
(514, 'GHAFFENDI AL GHOZALI', '2', '501159', '501159', '-', '-', 'PEMALANG', '0000-00-00', 'Ds. Iser, Kec. Petarukan, Kab. Pemalang, Jawa Tengah   ', '-', 'user', 'SISWA'),
(515, 'GILANG HAMIZAN HANANIA', '2', '501160', '501160', '-', '-', 'PEMALANG', '0000-00-00', 'Ds. Iser, Kec. Petarukan, Kab. Pemalang, Jawa Tengah   ', '-', 'user', 'SISWA'),
(516, 'GILANG PUTRA PRATAMA', '2', '501161', '501161', '-', '-', 'PEMALANG', '0000-00-00', 'Ds. Iser, Kec. Petarukan, Kab. Pemalang, Jawa Tengah   ', '-', 'user', 'SISWA'),
(517, 'HAMKA BAYHAQI', '2', '501162', '501162', '-', '-', 'PEMALANG', '0000-00-00', 'Ds. Iser, Kec. Petarukan, Kab. Pemalang, Jawa Tengah   ', '-', 'user', 'SISWA'),
(518, 'ILHAM RESKYARTO', '2', '501163', '501163', '-', '-', 'PEMALANG', '0000-00-00', 'Ds. Iser, Kec. Petarukan, Kab. Pemalang, Jawa Tengah   ', '-', 'user', 'SISWA'),
(519, 'IPNU PUTRA LESTARI', '2', '501164', '501164', '-', '-', 'PEMALANG', '0000-00-00', 'Ds. Iser, Kec. Petarukan, Kab. Pemalang, Jawa Tengah   ', '-', 'user', 'SISWA'),
(520, 'IRFA MAULANA HAMID', '2', '501165', '501165', '-', '-', 'PEMALANG', '0000-00-00', 'Ds. Iser, Kec. Petarukan, Kab. Pemalang, Jawa Tengah   ', '-', 'user', 'SISWA'),
(521, 'JIDDAN HASBI MAULANA', '2', '501166', '501166', '-', '-', 'PEMALANG', '0000-00-00', 'Ds. Iser, Kec. Petarukan, Kab. Pemalang, Jawa Tengah   ', '-', 'user', 'SISWA'),
(522, 'JULIANTO ERIK SYAHPUTRA', '2', '501167', '501167', '-', '-', 'PEMALANG', '0000-00-00', 'Ds. Iser, Kec. Petarukan, Kab. Pemalang, Jawa Tengah   ', '-', 'user', 'SISWA'),
(523, 'KARINA NOVITASARI', '2', '501168', '501168', '-', '-', 'PEMALANG', '0000-00-00', 'Ds. Iser, Kec. Petarukan, Kab. Pemalang, Jawa Tengah   ', '-', 'user', 'SISWA'),
(524, 'MAULID NUR FADILLAH', '2', '501169', '501169', '-', '-', 'PEMALANG', '0000-00-00', 'Ds. Iser, Kec. Petarukan, Kab. Pemalang, Jawa Tengah   ', '-', 'user', 'SISWA'),
(525, 'MIFTAH AFIF AYUBI', '2', '501170', '501170', '-', '-', 'PEMALANG', '0000-00-00', 'Ds. Iser, Kec. Petarukan, Kab. Pemalang, Jawa Tengah   ', '-', 'user', 'SISWA'),
(526, 'MISBAUL MU\'ARIF', '2', '501171', '501171', '-', '-', 'PEMALANG', '0000-00-00', 'Ds. Iser, Kec. Petarukan, Kab. Pemalang, Jawa Tengah   ', '-', 'user', 'SISWA'),
(527, 'MUHAMAD JALBAR ROZAK', '2', '501172', '501172', '-', '-', 'PEMALANG', '0000-00-00', 'Ds. Iser, Kec. Petarukan, Kab. Pemalang, Jawa Tengah   ', '-', 'user', 'SISWA'),
(528, 'MUHAMMAD JAELANI', '2', '501173', '501173', '-', '-', 'PEMALANG', '0000-00-00', 'Ds. Iser, Kec. Petarukan, Kab. Pemalang, Jawa Tengah   ', '-', 'user', 'SISWA'),
(529, 'MUHAMMAD KHAIDAR ALFAZ', '2', '501174', '501174', '-', '-', 'PEMALANG', '0000-00-00', 'Ds. Iser, Kec. Petarukan, Kab. Pemalang, Jawa Tengah   ', '-', 'user', 'SISWA'),
(530, 'MUHAMMAD RAYHAN ', '2', '501175', '501175', '-', '-', 'PEMALANG', '0000-00-00', 'Ds. Iser, Kec. Petarukan, Kab. Pemalang, Jawa Tengah   ', '-', 'user', 'SISWA'),
(531, 'NITA KURNIATI', '2', '501176', '501176', '-', '-', 'PEMALANG', '0000-00-00', 'Ds. Iser, Kec. Petarukan, Kab. Pemalang, Jawa Tengah   ', '-', 'user', 'SISWA'),
(532, 'NURKHOLIK', '2', '501177', '501177', '-', '-', 'PEMALANG', '0000-00-00', 'Ds. Iser, Kec. Petarukan, Kab. Pemalang, Jawa Tengah   ', '-', 'user', 'SISWA'),
(533, 'NURUL LATIFAH', '2', '501178', '501178', '-', '-', 'PEMALANG', '0000-00-00', 'Ds. Iser, Kec. Petarukan, Kab. Pemalang, Jawa Tengah   ', '-', 'user', 'SISWA'),
(534, 'REZA SEBASTIAN', '2', '501179', '501179', '-', '-', 'PEMALANG', '0000-00-00', 'Ds. Iser, Kec. Petarukan, Kab. Pemalang, Jawa Tengah   ', '-', 'user', 'SISWA'),
(535, 'RISKI KUSUMA', '2', '501180', '501180', '-', '-', 'PEMALANG', '0000-00-00', 'Ds. Iser, Kec. Petarukan, Kab. Pemalang, Jawa Tengah   ', '-', 'user', 'SISWA'),
(536, 'SAFINA DWI LESTARI', '2', '501181', '501181', '-', '-', 'PEMALANG', '0000-00-00', 'Ds. Iser, Kec. Petarukan, Kab. Pemalang, Jawa Tengah   ', '-', 'user', 'SISWA'),
(537, 'SETIAJI ZENA PAMBUDI', '2', '501182', '501182', '-', '-', 'PEMALANG', '0000-00-00', 'Ds. Iser, Kec. Petarukan, Kab. Pemalang, Jawa Tengah   ', '-', 'user', 'SISWA'),
(538, 'SLAMET TRIO RAHARJO', '2', '501183', '501183', '-', '-', 'PEMALANG', '0000-00-00', 'Ds. Iser, Kec. Petarukan, Kab. Pemalang, Jawa Tengah   ', '-', 'user', 'SISWA'),
(539, 'SOFYAN MUFTIL ANAM', '2', '501184', '501184', '-', '-', 'PEMALANG', '0000-00-00', 'Ds. Iser, Kec. Petarukan, Kab. Pemalang, Jawa Tengah   ', '-', 'user', 'SISWA'),
(540, 'SYAHRUL IRAWAN', '2', '501185', '501185', '-', '-', 'PEMALANG', '0000-00-00', 'Ds. Iser, Kec. Petarukan, Kab. Pemalang, Jawa Tengah   ', '-', 'user', 'SISWA'),
(541, 'SYAIFUL ALIF', '2', '501186', '501186', '-', '-', 'PEMALANG', '0000-00-00', 'Ds. Iser, Kec. Petarukan, Kab. Pemalang, Jawa Tengah   ', '-', 'user', 'SISWA'),
(542, 'TOMMY ALI', '2', '501187', '501187', '-', '-', 'PEMALANG', '0000-00-00', 'Ds. Iser, Kec. Petarukan, Kab. Pemalang, Jawa Tengah   ', '-', 'user', 'SISWA'),
(543, 'WILDAN KRISNA MAULANA', '2', '501188', '501188', '-', '-', 'PEMALANG', '0000-00-00', 'Ds. Iser, Kec. Petarukan, Kab. Pemalang, Jawa Tengah   ', '-', 'user', 'SISWA'),
(544, 'WISNU WIJAYA', '2', '501189', '501189', '-', '-', 'PEMALANG', '0000-00-00', 'Ds. Iser, Kec. Petarukan, Kab. Pemalang, Jawa Tengah   ', '-', 'user', 'SISWA'),
(545, 'ABID AKHSANI', '2', '501190', '501190', '-', '-', 'PEMALANG', '0000-00-00', 'Ds. Iser, Kec. Petarukan, Kab. Pemalang, Jawa Tengah   ', '-', 'user', 'SISWA'),
(546, 'ALDIANSYAH PRATAMAA', '2', '501191', '501191', '-', '-', 'PEMALANG', '0000-00-00', 'Ds. Iser, Kec. Petarukan, Kab. Pemalang, Jawa Tengah   ', '-', 'user', 'SISWA'),
(547, 'ANDHIKA BAGUS PRATAMA', '2', '501192', '501192', '-', '-', 'PEMALANG', '0000-00-00', 'Ds. Iser, Kec. Petarukan, Kab. Pemalang, Jawa Tengah   ', '-', 'user', 'SISWA'),
(548, 'ANDIKA ANIZAAR', '2', '501193', '501193', '-', '-', 'PEMALANG', '0000-00-00', 'Ds. Iser, Kec. Petarukan, Kab. Pemalang, Jawa Tengah   ', '-', 'user', 'SISWA'),
(549, 'ARIS KHOIRUL MAULANA', '2', '501194', '501194', '-', '-', 'PEMALANG', '0000-00-00', 'Ds. Iser, Kec. Petarukan, Kab. Pemalang, Jawa Tengah   ', '-', 'user', 'SISWA'),
(550, 'ARZEYHAN QYAN RAMADHAN', '2', '501195', '501195', '-', '-', 'PEMALANG', '0000-00-00', 'Ds. Iser, Kec. Petarukan, Kab. Pemalang, Jawa Tengah   ', '-', 'user', 'SISWA'),
(551, 'BAGAS SAPTO AJI', '2', '501196', '501196', '-', '-', 'PEMALANG', '0000-00-00', 'Ds. Iser, Kec. Petarukan, Kab. Pemalang, Jawa Tengah   ', '-', 'user', 'SISWA'),
(552, 'BAYU SETIANSYAH', '2', '501197', '501197', '-', '-', 'PEMALANG', '0000-00-00', 'Ds. Iser, Kec. Petarukan, Kab. Pemalang, Jawa Tengah   ', '-', 'user', 'SISWA'),
(553, 'DENIS EVAN PRAYOGI', '2', '501198', '501198', '-', '-', 'PEMALANG', '0000-00-00', 'Ds. Iser, Kec. Petarukan, Kab. Pemalang, Jawa Tengah   ', '-', 'user', 'SISWA'),
(554, 'DIAZ RAFA RAMADHAN', '2', '501199', '501199', '-', '-', 'PEMALANG', '0000-00-00', 'Ds. Iser, Kec. Petarukan, Kab. Pemalang, Jawa Tengah   ', '-', 'user', 'SISWA'),
(555, 'DWI FEBRIYAN', '2', '501200', '501200', '-', '-', 'PEMALANG', '0000-00-00', 'Ds. Iser, Kec. Petarukan, Kab. Pemalang, Jawa Tengah   ', '-', 'user', 'SISWA'),
(556, 'DZAKI AHMAD JUNAEDI', '2', '501201', '501201', '-', '-', 'PEMALANG', '0000-00-00', 'Ds. Iser, Kec. Petarukan, Kab. Pemalang, Jawa Tengah   ', '-', 'user', 'SISWA'),
(557, 'FAQIH ALI MUGHNI', '2', '501202', '501202', '-', '-', 'PEMALANG', '0000-00-00', 'Ds. Iser, Kec. Petarukan, Kab. Pemalang, Jawa Tengah   ', '-', 'user', 'SISWA'),
(558, 'GALANG KASATRIYA', '2', '501203', '501203', '-', '-', 'PEMALANG', '0000-00-00', 'Ds. Iser, Kec. Petarukan, Kab. Pemalang, Jawa Tengah   ', '-', 'user', 'SISWA'),
(559, 'HAIKAL ARDIANSYAH', '2', '501204', '501204', '-', '-', 'PEMALANG', '0000-00-00', 'Ds. Iser, Kec. Petarukan, Kab. Pemalang, Jawa Tengah   ', '-', 'user', 'SISWA'),
(560, 'HUSNIN DZIKRO', '2', '501205', '501205', '-', '-', 'PEMALANG', '0000-00-00', 'Ds. Iser, Kec. Petarukan, Kab. Pemalang, Jawa Tengah   ', '-', 'user', 'SISWA');
INSERT INTO `tb_user` (`id_user`, `nama_lengkap`, `position`, `user`, `pass`, `email`, `no_whatsapp`, `temp_lahir`, `tgl_lahir`, `alamat_sekarang`, `img_profile`, `id_level`, `id_organisasi`) VALUES
(561, 'INSANI SUSANTO PUTRA', '2', '501206', '501206', '-', '-', 'PEMALANG', '0000-00-00', 'Ds. Iser, Kec. Petarukan, Kab. Pemalang, Jawa Tengah   ', '-', 'user', 'SISWA'),
(562, 'KEMAL HERMANTO', '2', '501207', '501207', '-', '-', 'PEMALANG', '0000-00-00', 'Ds. Iser, Kec. Petarukan, Kab. Pemalang, Jawa Tengah   ', '-', 'user', 'SISWA'),
(563, 'KHOIRUL ANAM', '2', '501208', '501208', '-', '-', 'PEMALANG', '0000-00-00', 'Ds. Iser, Kec. Petarukan, Kab. Pemalang, Jawa Tengah   ', '-', 'user', 'SISWA'),
(564, 'KOIS SYUHDI', '2', '501209', '501209', '-', '-', 'PEMALANG', '0000-00-00', 'Ds. Iser, Kec. Petarukan, Kab. Pemalang, Jawa Tengah   ', '-', 'user', 'SISWA'),
(565, 'LUTFI FAID RAFFI', '2', '501210', '501210', '-', '-', 'PEMALANG', '0000-00-00', 'Ds. Iser, Kec. Petarukan, Kab. Pemalang, Jawa Tengah   ', '-', 'user', 'SISWA'),
(566, 'LUTFI GHANI UTOMO', '2', '501211', '501211', '-', '-', 'PEMALANG', '0000-00-00', 'Ds. Iser, Kec. Petarukan, Kab. Pemalang, Jawa Tengah   ', '-', 'user', 'SISWA'),
(567, 'MOH LUTFI HAKIM', '2', '501212', '501212', '-', '-', 'PEMALANG', '0000-00-00', 'Ds. Iser, Kec. Petarukan, Kab. Pemalang, Jawa Tengah   ', '-', 'user', 'SISWA'),
(568, 'MUCHAMAD YAFII\'HIBATULLAH', '2', '501213', '501213', '-', '-', 'PEMALANG', '0000-00-00', 'Ds. Iser, Kec. Petarukan, Kab. Pemalang, Jawa Tengah   ', '-', 'user', 'SISWA'),
(569, 'MUHAMMAD FADIL ALFINZA', '2', '501214', '501214', '-', '-', 'PEMALANG', '0000-00-00', 'Ds. Iser, Kec. Petarukan, Kab. Pemalang, Jawa Tengah   ', '-', 'user', 'SISWA'),
(570, 'MUHAMMAD RAFA SAPUTRA', '2', '501215', '501215', '-', '-', 'PEMALANG', '0000-00-00', 'Ds. Iser, Kec. Petarukan, Kab. Pemalang, Jawa Tengah   ', '-', 'user', 'SISWA'),
(571, 'NAUFAL RIDHO SYAHPUTRA', '2', '501216', '501216', '-', '-', 'PEMALANG', '0000-00-00', 'Ds. Iser, Kec. Petarukan, Kab. Pemalang, Jawa Tengah   ', '-', 'user', 'SISWA'),
(572, 'NAUFAL YAAFI ROMADHON', '2', '501217', '501217', '-', '-', 'PEMALANG', '0000-00-00', 'Ds. Iser, Kec. Petarukan, Kab. Pemalang, Jawa Tengah   ', '-', 'user', 'SISWA'),
(573, 'NOVAL HUSAIN ABDILLAH', '2', '501218', '501218', '-', '-', 'PEMALANG', '0000-00-00', 'Ds. Iser, Kec. Petarukan, Kab. Pemalang, Jawa Tengah   ', '-', 'user', 'SISWA'),
(574, 'NOVAL RAGIL RIOS', '2', '501219', '501219', '-', '-', 'PEMALANG', '0000-00-00', 'Ds. Iser, Kec. Petarukan, Kab. Pemalang, Jawa Tengah   ', '-', 'user', 'SISWA'),
(575, 'PUTRA BRAYEN ALVIANO', '2', '501220', '501220', '-', '-', 'PEMALANG', '0000-00-00', 'Ds. Iser, Kec. Petarukan, Kab. Pemalang, Jawa Tengah   ', '-', 'user', 'SISWA'),
(576, 'RAFA ADIRANSYAH', '2', '501221', '501221', '-', '-', 'PEMALANG', '0000-00-00', 'Ds. Iser, Kec. Petarukan, Kab. Pemalang, Jawa Tengah   ', '-', 'user', 'SISWA'),
(577, 'RAFI MAULANA', '2', '501222', '501222', '-', '-', 'PEMALANG', '0000-00-00', 'Ds. Iser, Kec. Petarukan, Kab. Pemalang, Jawa Tengah   ', '-', 'user', 'SISWA'),
(578, 'RAYHAN AJI SYAHFITRAH', '2', '501223', '501223', '-', '-', 'PEMALANG', '0000-00-00', 'Ds. Iser, Kec. Petarukan, Kab. Pemalang, Jawa Tengah   ', '-', 'user', 'SISWA'),
(579, 'RESTU ADI KUSUMA', '2', '501224', '501224', '-', '-', 'PEMALANG', '0000-00-00', 'Ds. Iser, Kec. Petarukan, Kab. Pemalang, Jawa Tengah   ', '-', 'user', 'SISWA'),
(580, 'SYAFIQ AUFA AL HAKIM', '2', '501225', '501225', '-', '-', 'PEMALANG', '0000-00-00', 'Ds. Iser, Kec. Petarukan, Kab. Pemalang, Jawa Tengah   ', '-', 'user', 'SISWA'),
(581, 'VAREL DWI WICAKSONO', '2', '501226', '501226', '-', '-', 'PEMALANG', '0000-00-00', 'Ds. Iser, Kec. Petarukan, Kab. Pemalang, Jawa Tengah   ', '-', 'user', 'SISWA'),
(582, 'YUS NUR ERMANSYAH', '2', '501227', '501227', '-', '-', 'PEMALANG', '0000-00-00', 'Ds. Iser, Kec. Petarukan, Kab. Pemalang, Jawa Tengah   ', '-', 'user', 'SISWA'),
(583, 'ZAENAL MUSTOFA', '2', '501228', '501228', '-', '-', 'PEMALANG', '0000-00-00', 'Ds. Iser, Kec. Petarukan, Kab. Pemalang, Jawa Tengah   ', '-', 'user', 'SISWA'),
(584, 'ZAHRO ARIFIAN GUSTI', '2', '501229', '501229', '-', '-', 'PEMALANG', '0000-00-00', 'Ds. Iser, Kec. Petarukan, Kab. Pemalang, Jawa Tengah   ', '-', 'user', 'SISWA'),
(585, 'ALVIN RIZKY PRATAMA', '2', '501230', '501230', '-', '-', 'PEMALANG', '0000-00-00', 'Ds. Iser, Kec. Petarukan, Kab. Pemalang, Jawa Tengah   ', '-', 'user', 'SISWA'),
(586, 'ALWAN DWI ZAM ZAMI', '2', '501231', '501231', '-', '-', 'PEMALANG', '0000-00-00', 'Ds. Iser, Kec. Petarukan, Kab. Pemalang, Jawa Tengah   ', '-', 'user', 'SISWA'),
(587, 'ARKA PRAMUDIKA AL KATIRI ', '2', '501232', '501232', '-', '-', 'PEMALANG', '0000-00-00', 'Ds. Iser, Kec. Petarukan, Kab. Pemalang, Jawa Tengah   ', '-', 'user', 'SISWA'),
(588, 'CAHYA ADI SAPUTRA', '2', '501233', '501233', '-', '-', 'PEMALANG', '0000-00-00', 'Ds. Iser, Kec. Petarukan, Kab. Pemalang, Jawa Tengah   ', '-', 'user', 'SISWA'),
(589, 'CANDRA DWI SAPUTRA', '2', '501234', '501234', '-', '-', 'PEMALANG', '0000-00-00', 'Ds. Iser, Kec. Petarukan, Kab. Pemalang, Jawa Tengah   ', '-', 'user', 'SISWA'),
(590, 'DEVANNO REYHAN ALGHIFARY', '2', '501235', '501235', '-', '-', 'PEMALANG', '0000-00-00', 'Ds. Iser, Kec. Petarukan, Kab. Pemalang, Jawa Tengah   ', '-', 'user', 'SISWA'),
(591, 'DHAVA ADITIA', '2', '501236', '501236', '-', '-', 'PEMALANG', '0000-00-00', 'Ds. Iser, Kec. Petarukan, Kab. Pemalang, Jawa Tengah   ', '-', 'user', 'SISWA'),
(592, 'DHIMAS EGAR TIFANI', '2', '501237', '501237', '-', '-', 'PEMALANG', '0000-00-00', 'Ds. Iser, Kec. Petarukan, Kab. Pemalang, Jawa Tengah   ', '-', 'user', 'SISWA'),
(593, 'DWI DARMA MULYA', '2', '501238', '501238', '-', '-', 'PEMALANG', '0000-00-00', 'Ds. Iser, Kec. Petarukan, Kab. Pemalang, Jawa Tengah   ', '-', 'user', 'SISWA'),
(594, 'EKA RENDI AGUSTIAN', '2', '501239', '501239', '-', '-', 'PEMALANG', '0000-00-00', 'Ds. Iser, Kec. Petarukan, Kab. Pemalang, Jawa Tengah   ', '-', 'user', 'SISWA'),
(595, 'FARDA AROFIQ RIFQI', '2', '501240', '501240', '-', '-', 'PEMALANG', '0000-00-00', 'Ds. Iser, Kec. Petarukan, Kab. Pemalang, Jawa Tengah   ', '-', 'user', 'SISWA'),
(596, 'FARIS PRASTAMA', '2', '501241', '501241', '-', '-', 'PEMALANG', '0000-00-00', 'Ds. Iser, Kec. Petarukan, Kab. Pemalang, Jawa Tengah   ', '-', 'user', 'SISWA'),
(597, 'GALIH JAVAS SAPUTRA', '2', '501242', '501242', '-', '-', 'PEMALANG', '0000-00-00', 'Ds. Iser, Kec. Petarukan, Kab. Pemalang, Jawa Tengah   ', '-', 'user', 'SISWA'),
(598, 'HAFIS ZAKI RASYA ALBAIHAQI', '2', '501243', '501243', '-', '-', 'PEMALANG', '0000-00-00', 'Ds. Iser, Kec. Petarukan, Kab. Pemalang, Jawa Tengah   ', '-', 'user', 'SISWA'),
(599, 'HANUNG INDRA SETIAWAN', '2', '501244', '501244', '-', '-', 'PEMALANG', '0000-00-00', 'Ds. Iser, Kec. Petarukan, Kab. Pemalang, Jawa Tengah   ', '-', 'user', 'SISWA'),
(600, 'IKHSAN NUR RIDHO', '2', '501245', '501245', '-', '-', 'PEMALANG', '0000-00-00', 'Ds. Iser, Kec. Petarukan, Kab. Pemalang, Jawa Tengah   ', '-', 'user', 'SISWA'),
(601, 'IMAN ANDIKA SAPUTRA', '2', '501246', '501246', '-', '-', 'PEMALANG', '0000-00-00', 'Ds. Iser, Kec. Petarukan, Kab. Pemalang, Jawa Tengah   ', '-', 'user', 'SISWA'),
(602, 'JONI PRIYANTO', '2', '501247', '501247', '-', '-', 'PEMALANG', '0000-00-00', 'Ds. Iser, Kec. Petarukan, Kab. Pemalang, Jawa Tengah   ', '-', 'user', 'SISWA'),
(603, 'KHOIRUL ANWAR MUSHAFA', '2', '501248', '501248', '-', '-', 'PEMALANG', '0000-00-00', 'Ds. Iser, Kec. Petarukan, Kab. Pemalang, Jawa Tengah   ', '-', 'user', 'SISWA'),
(604, 'MICHAEL PUTRA WIJAYA', '2', '501249', '501249', '-', '-', 'PEMALANG', '0000-00-00', 'Ds. Iser, Kec. Petarukan, Kab. Pemalang, Jawa Tengah   ', '-', 'user', 'SISWA'),
(605, 'MOCHAMAD ARUN TSAQIF ', '2', '501250', '501250', '-', '-', 'PEMALANG', '0000-00-00', 'Ds. Iser, Kec. Petarukan, Kab. Pemalang, Jawa Tengah   ', '-', 'user', 'SISWA'),
(606, 'MUHAMAD ALI RAHMATULLAH', '2', '501251', '501251', '-', '-', 'PEMALANG', '0000-00-00', 'Ds. Iser, Kec. Petarukan, Kab. Pemalang, Jawa Tengah   ', '-', 'user', 'SISWA'),
(607, 'MUHAMAD HANIFAN', '2', '501252', '501252', '-', '-', 'PEMALANG', '0000-00-00', 'Ds. Iser, Kec. Petarukan, Kab. Pemalang, Jawa Tengah   ', '-', 'user', 'SISWA'),
(608, 'MUHAMAD LUTHFI AJI', '2', '501253', '501253', '-', '-', 'PEMALANG', '0000-00-00', 'Ds. Iser, Kec. Petarukan, Kab. Pemalang, Jawa Tengah   ', '-', 'user', 'SISWA'),
(609, 'MUHAMMAD IRZA AROSSY', '2', '501254', '501254', '-', '-', 'PEMALANG', '0000-00-00', 'Ds. Iser, Kec. Petarukan, Kab. Pemalang, Jawa Tengah   ', '-', 'user', 'SISWA'),
(610, 'MUHAMMAD KHAFID FIRMANSYAH', '2', '501255', '501255', '-', '-', 'PEMALANG', '0000-00-00', 'Ds. Iser, Kec. Petarukan, Kab. Pemalang, Jawa Tengah   ', '-', 'user', 'SISWA'),
(611, 'MUHAMMAD KHUSNI FAHMI AL KHAZIM', '2', '501256', '501256', '-', '-', 'PEMALANG', '0000-00-00', 'Ds. Iser, Kec. Petarukan, Kab. Pemalang, Jawa Tengah   ', '-', 'user', 'SISWA'),
(612, 'MUHAMMAD NUR RIDHO', '2', '501257', '501257', '-', '-', 'PEMALANG', '0000-00-00', 'Ds. Iser, Kec. Petarukan, Kab. Pemalang, Jawa Tengah   ', '-', 'user', 'SISWA'),
(613, 'MUHAMMAD YENHAN DWI PRATAMA', '2', '501258', '501258', '-', '-', 'PEMALANG', '0000-00-00', 'Ds. Iser, Kec. Petarukan, Kab. Pemalang, Jawa Tengah   ', '-', 'user', 'SISWA'),
(614, 'MUQODIMUL FARH', '2', '501259', '501259', '-', '-', 'PEMALANG', '0000-00-00', 'Ds. Iser, Kec. Petarukan, Kab. Pemalang, Jawa Tengah   ', '-', 'user', 'SISWA'),
(615, 'NAUVAL AFIF MAULANA DZAKY', '2', '501260', '501260', '-', '-', 'PEMALANG', '0000-00-00', 'Ds. Iser, Kec. Petarukan, Kab. Pemalang, Jawa Tengah   ', '-', 'user', 'SISWA'),
(616, 'PUTRA SYAWALUDIN ', '2', '501261', '501261', '-', '-', 'PEMALANG', '0000-00-00', 'Ds. Iser, Kec. Petarukan, Kab. Pemalang, Jawa Tengah   ', '-', 'user', 'SISWA'),
(617, 'RADITHYA PRAYOGA', '2', '501262', '501262', '-', '-', 'PEMALANG', '0000-00-00', 'Ds. Iser, Kec. Petarukan, Kab. Pemalang, Jawa Tengah   ', '-', 'user', 'SISWA'),
(618, 'RAFA ANDHIKA SETIYADI', '2', '501263', '501263', '-', '-', 'PEMALANG', '0000-00-00', 'Ds. Iser, Kec. Petarukan, Kab. Pemalang, Jawa Tengah   ', '-', 'user', 'SISWA'),
(619, 'RAFAEL MOZART MAGANDHI', '2', '501264', '501264', '-', '-', 'PEMALANG', '0000-00-00', 'Ds. Iser, Kec. Petarukan, Kab. Pemalang, Jawa Tengah   ', '-', 'user', 'SISWA'),
(620, 'RAFI ARDIYANSYAH', '2', '501265', '501265', '-', '-', 'PEMALANG', '0000-00-00', 'Ds. Iser, Kec. Petarukan, Kab. Pemalang, Jawa Tengah   ', '-', 'user', 'SISWA'),
(621, 'RENDYANSYAH', '2', '501266', '501266', '-', '-', 'PEMALANG', '0000-00-00', 'Ds. Iser, Kec. Petarukan, Kab. Pemalang, Jawa Tengah   ', '-', 'user', 'SISWA'),
(622, 'RIDHO FAQEH MAULIDITO', '2', '501267', '501267', '-', '-', 'PEMALANG', '0000-00-00', 'Ds. Iser, Kec. Petarukan, Kab. Pemalang, Jawa Tengah   ', '-', 'user', 'SISWA'),
(623, 'SAIF AYUNG ALFISIN', '2', '501268', '501268', '-', '-', 'PEMALANG', '0000-00-00', 'Ds. Iser, Kec. Petarukan, Kab. Pemalang, Jawa Tengah   ', '-', 'user', 'SISWA'),
(624, 'SYAHRIL LATIF FADILLATUL UMAM', '2', '501269', '501269', '-', '-', 'PEMALANG', '0000-00-00', 'Ds. Iser, Kec. Petarukan, Kab. Pemalang, Jawa Tengah   ', '-', 'user', 'SISWA'),
(625, 'ADI RIZWAN AKBAR', '2', '501270', '501270', '-', '-', 'PEMALANG', '0000-00-00', 'Ds. Iser, Kec. Petarukan, Kab. Pemalang, Jawa Tengah   ', '-', 'user', 'SISWA'),
(626, 'ADITYA PRASETYO', '2', '501271', '501271', '-', '-', 'PEMALANG', '0000-00-00', 'Ds. Iser, Kec. Petarukan, Kab. Pemalang, Jawa Tengah   ', '-', 'user', 'SISWA'),
(627, 'AKBAR DWI DIRGANTARA', '2', '501272', '501272', '-', '-', 'PEMALANG', '0000-00-00', 'Ds. Iser, Kec. Petarukan, Kab. Pemalang, Jawa Tengah   ', '-', 'user', 'SISWA'),
(628, 'AKHNAF FAIQ FAUZAN', '2', '501273', '501273', '-', '-', 'PEMALANG', '0000-00-00', 'Ds. Iser, Kec. Petarukan, Kab. Pemalang, Jawa Tengah   ', '-', 'user', 'SISWA'),
(629, 'ALIEF DIYU GHIFARI', '2', '501274', '501274', '-', '-', 'PEMALANG', '0000-00-00', 'Ds. Iser, Kec. Petarukan, Kab. Pemalang, Jawa Tengah   ', '-', 'user', 'SISWA'),
(630, 'ALIF MUSTOFA', '2', '501275', '501275', '-', '-', 'PEMALANG', '0000-00-00', 'Ds. Iser, Kec. Petarukan, Kab. Pemalang, Jawa Tengah   ', '-', 'user', 'SISWA'),
(631, 'ANANDA ASHARI', '2', '501276', '501276', '-', '-', 'PEMALANG', '0000-00-00', 'Ds. Iser, Kec. Petarukan, Kab. Pemalang, Jawa Tengah   ', '-', 'user', 'SISWA'),
(632, 'ARTAWAN IRYANTO KAYANA', '2', '501277', '501277', '-', '-', 'PEMALANG', '0000-00-00', 'Ds. Iser, Kec. Petarukan, Kab. Pemalang, Jawa Tengah   ', '-', 'user', 'SISWA'),
(633, 'ARYA BADAI SANJAYA', '2', '501278', '501278', '-', '-', 'PEMALANG', '0000-00-00', 'Ds. Iser, Kec. Petarukan, Kab. Pemalang, Jawa Tengah   ', '-', 'user', 'SISWA'),
(634, 'AZ ZAHRA ADYA WULAN NAJWA', '2', '501279', '501279', '-', '-', 'PEMALANG', '0000-00-00', 'Ds. Iser, Kec. Petarukan, Kab. Pemalang, Jawa Tengah   ', '-', 'user', 'SISWA'),
(635, 'BAGUS DARMAWAN', '2', '501280', '501280', '-', '-', 'PEMALANG', '0000-00-00', 'Ds. Iser, Kec. Petarukan, Kab. Pemalang, Jawa Tengah   ', '-', 'user', 'SISWA'),
(636, 'CANDRA NANDA SAPUTRA', '2', '501281', '501281', '-', '-', 'PEMALANG', '0000-00-00', 'Ds. Iser, Kec. Petarukan, Kab. Pemalang, Jawa Tengah   ', '-', 'user', 'SISWA'),
(637, 'DANU AL VICKY', '2', '501282', '501282', '-', '-', 'PEMALANG', '0000-00-00', 'Ds. Iser, Kec. Petarukan, Kab. Pemalang, Jawa Tengah   ', '-', 'user', 'SISWA'),
(638, 'DIDI MULYONO', '2', '501283', '501283', '-', '-', 'PEMALANG', '0000-00-00', 'Ds. Iser, Kec. Petarukan, Kab. Pemalang, Jawa Tengah   ', '-', 'user', 'SISWA'),
(639, 'DIMAS PRATAMA ARDIANSYAH', '2', '501284', '501284', '-', '-', 'PEMALANG', '0000-00-00', 'Ds. Iser, Kec. Petarukan, Kab. Pemalang, Jawa Tengah   ', '-', 'user', 'SISWA'),
(640, 'FADIL OKTA DWI MAULANA', '2', '501285', '501285', '-', '-', 'PEMALANG', '0000-00-00', 'Ds. Iser, Kec. Petarukan, Kab. Pemalang, Jawa Tengah   ', '-', 'user', 'SISWA'),
(641, 'FARHAN ARIFIYANTO', '2', '501286', '501286', '-', '-', 'PEMALANG', '0000-00-00', 'Ds. Iser, Kec. Petarukan, Kab. Pemalang, Jawa Tengah   ', '-', 'user', 'SISWA'),
(642, 'FEBRI RIDHO FIRMANSYAH', '2', '501287', '501287', '-', '-', 'PEMALANG', '0000-00-00', 'Ds. Iser, Kec. Petarukan, Kab. Pemalang, Jawa Tengah   ', '-', 'user', 'SISWA'),
(643, 'FERDI KURNIAWAN', '2', '501288', '501288', '-', '-', 'PEMALANG', '0000-00-00', 'Ds. Iser, Kec. Petarukan, Kab. Pemalang, Jawa Tengah   ', '-', 'user', 'SISWA'),
(644, 'HAFIZH VALENTINO GYBASTIAN', '2', '501289', '501289', '-', '-', 'PEMALANG', '0000-00-00', 'Ds. Iser, Kec. Petarukan, Kab. Pemalang, Jawa Tengah   ', '-', 'user', 'SISWA'),
(645, 'HARFAH DEWI ANJANI', '2', '501290', '501290', '-', '-', 'PEMALANG', '0000-00-00', 'Ds. Iser, Kec. Petarukan, Kab. Pemalang, Jawa Tengah   ', '-', 'user', 'SISWA'),
(646, 'IZHAR BAROKAH', '2', '501291', '501291', '-', '-', 'PEMALANG', '0000-00-00', 'Ds. Iser, Kec. Petarukan, Kab. Pemalang, Jawa Tengah   ', '-', 'user', 'SISWA'),
(647, 'KHOIRUL AZMI', '2', '501292', '501292', '-', '-', 'PEMALANG', '0000-00-00', 'Ds. Iser, Kec. Petarukan, Kab. Pemalang, Jawa Tengah   ', '-', 'user', 'SISWA'),
(648, 'KLARA MAYA ENJELA', '2', '501293', '501293', '-', '-', 'PEMALANG', '0000-00-00', 'Ds. Iser, Kec. Petarukan, Kab. Pemalang, Jawa Tengah   ', '-', 'user', 'SISWA'),
(649, 'MISBAKHUL MUNIR', '2', '501294', '501294', '-', '-', 'PEMALANG', '0000-00-00', 'Ds. Iser, Kec. Petarukan, Kab. Pemalang, Jawa Tengah   ', '-', 'user', 'SISWA'),
(650, 'MOCHAMMAD FADIL ALANSYAH', '2', '501295', '501295', '-', '-', 'PEMALANG', '0000-00-00', 'Ds. Iser, Kec. Petarukan, Kab. Pemalang, Jawa Tengah   ', '-', 'user', 'SISWA'),
(651, 'MUHAMAD KAMALUKI', '2', '501296', '501296', '-', '-', 'PEMALANG', '0000-00-00', 'Ds. Iser, Kec. Petarukan, Kab. Pemalang, Jawa Tengah   ', '-', 'user', 'SISWA'),
(652, 'MUHAMMAD AZZEN YURDHO', '2', '501297', '501297', '-', '-', 'PEMALANG', '0000-00-00', 'Ds. Iser, Kec. Petarukan, Kab. Pemalang, Jawa Tengah   ', '-', 'user', 'SISWA'),
(653, 'RESTU IMANUDIN', '2', '501298', '501298', '-', '-', 'PEMALANG', '0000-00-00', 'Ds. Iser, Kec. Petarukan, Kab. Pemalang, Jawa Tengah   ', '-', 'user', 'SISWA'),
(654, 'RIEMBA THEJA ARROEM', '2', '501299', '501299', '-', '-', 'PEMALANG', '0000-00-00', 'Ds. Iser, Kec. Petarukan, Kab. Pemalang, Jawa Tengah   ', '-', 'user', 'SISWA'),
(655, 'RIFKI PURBO ASMORO', '2', '501300', '501300', '-', '-', 'PEMALANG', '0000-00-00', 'Ds. Iser, Kec. Petarukan, Kab. Pemalang, Jawa Tengah   ', '-', 'user', 'SISWA'),
(656, 'RIZKI ADETIA', '2', '501301', '501301', '-', '-', 'PEMALANG', '0000-00-00', 'Ds. Iser, Kec. Petarukan, Kab. Pemalang, Jawa Tengah   ', '-', 'user', 'SISWA'),
(657, 'RIZKI FAJAR IMAM', '2', '501302', '501302', '-', '-', 'PEMALANG', '0000-00-00', 'Ds. Iser, Kec. Petarukan, Kab. Pemalang, Jawa Tengah   ', '-', 'user', 'SISWA'),
(658, 'SLAMET BAYU SAPUTRA', '2', '501303', '501303', '-', '-', 'PEMALANG', '0000-00-00', 'Ds. Iser, Kec. Petarukan, Kab. Pemalang, Jawa Tengah   ', '-', 'user', 'SISWA'),
(659, 'SULTAN AGUNG', '2', '501304', '501304', '-', '-', 'PEMALANG', '0000-00-00', 'Ds. Iser, Kec. Petarukan, Kab. Pemalang, Jawa Tengah   ', '-', 'user', 'SISWA'),
(660, 'TASYA SAPTI APRILIANI', '2', '501305', '501305', '-', '-', 'PEMALANG', '0000-00-00', 'Ds. Iser, Kec. Petarukan, Kab. Pemalang, Jawa Tengah   ', '-', 'user', 'SISWA'),
(661, 'WISNU NAJIB', '2', '501306', '501306', '-', '-', 'PEMALANG', '0000-00-00', 'Ds. Iser, Kec. Petarukan, Kab. Pemalang, Jawa Tengah   ', '-', 'user', 'SISWA'),
(662, 'YUDA HIDAYAT', '2', '501307', '501307', '-', '-', 'PEMALANG', '0000-00-00', 'Ds. Iser, Kec. Petarukan, Kab. Pemalang, Jawa Tengah   ', '-', 'user', 'SISWA'),
(663, 'ZAENAL ARIFIN', '2', '501308', '501308', '-', '-', 'PEMALANG', '0000-00-00', 'Ds. Iser, Kec. Petarukan, Kab. Pemalang, Jawa Tengah   ', '-', 'user', 'SISWA'),
(664, 'ZAYANUL AIMAN', '2', '501309', '501309', '-', '-', 'PEMALANG', '0000-00-00', 'Ds. Iser, Kec. Petarukan, Kab. Pemalang, Jawa Tengah   ', '-', 'user', 'SISWA'),
(665, 'AGUNG RAHMADANI', '2', '501033', '501033', '-', '-', 'PEMALANG', '0000-00-00', 'Ds. Iser, Kec. Petarukan, Kab. Pemalang, Jawa Tengah   ', '-', 'user', 'SISWA'),
(666, 'AHMAD WILDAN TAUFIK', '2', '500998', '500998', '-', '-', 'PEMALANG', '0000-00-00', 'Ds. Iser, Kec. Petarukan, Kab. Pemalang, Jawa Tengah   ', '-', 'user', 'SISWA'),
(667, 'AKHMAD FATIH ATHO ILLAH', '2', '501035', '501035', '-', '-', 'PEMALANG', '0000-00-00', 'Ds. Iser, Kec. Petarukan, Kab. Pemalang, Jawa Tengah   ', '-', 'user', 'SISWA'),
(668, 'ANANDA DIMAS PRAYOGA', '2', '501036', '501036', '-', '-', 'PEMALANG', '0000-00-00', 'Ds. Iser, Kec. Petarukan, Kab. Pemalang, Jawa Tengah   ', '-', 'user', 'SISWA'),
(669, 'ARDIANSYAH SATRIA PERDANA', '2', '501076', '501076', '-', '-', 'PEMALANG', '0000-00-00', 'Ds. Iser, Kec. Petarukan, Kab. Pemalang, Jawa Tengah   ', '-', 'user', 'SISWA'),
(670, 'ARIF DWI AJI SAPUTRA', '2', '501077', '501077', '-', '-', 'PEMALANG', '0000-00-00', 'Ds. Iser, Kec. Petarukan, Kab. Pemalang, Jawa Tengah   ', '-', 'user', 'SISWA'),
(671, 'ASEP ILHAM', '2', '501040', '501040', '-', '-', 'PEMALANG', '0000-00-00', 'Ds. Iser, Kec. Petarukan, Kab. Pemalang, Jawa Tengah   ', '-', 'user', 'SISWA'),
(672, 'BAGAS WIDIYANTO', '2', '501041', '501041', '-', '-', 'PEMALANG', '0000-00-00', 'Ds. Iser, Kec. Petarukan, Kab. Pemalang, Jawa Tengah   ', '-', 'user', 'SISWA'),
(673, 'BAGUS SYAPUTRA ROMADHANI', '2', '501042', '501042', '-', '-', 'PEMALANG', '0000-00-00', 'Ds. Iser, Kec. Petarukan, Kab. Pemalang, Jawa Tengah   ', '-', 'user', 'SISWA'),
(674, 'BINTANG AULIA', '2', '501043', '501043', '-', '-', 'PEMALANG', '0000-00-00', 'Ds. Iser, Kec. Petarukan, Kab. Pemalang, Jawa Tengah   ', '-', 'user', 'SISWA'),
(675, 'DIKA PRATAMA', '2', '501121', '501121', '-', '-', 'PEMALANG', '0000-00-00', 'Ds. Iser, Kec. Petarukan, Kab. Pemalang, Jawa Tengah   ', '-', 'user', 'SISWA'),
(676, 'DJATMIKO ZUHRI RAMADHANI', '2', '501123', '501123', '-', '-', 'PEMALANG', '0000-00-00', 'Ds. Iser, Kec. Petarukan, Kab. Pemalang, Jawa Tengah   ', '-', 'user', 'SISWA'),
(677, 'FAHRI MAY HAMZAH', '2', '501124', '501124', '-', '-', 'PEMALANG', '0000-00-00', 'Ds. Iser, Kec. Petarukan, Kab. Pemalang, Jawa Tengah   ', '-', 'user', 'SISWA'),
(678, 'FAJAR ADIT FIRMANSYAH', '2', '501126', '501126', '-', '-', 'PEMALANG', '0000-00-00', 'Ds. Iser, Kec. Petarukan, Kab. Pemalang, Jawa Tengah   ', '-', 'user', 'SISWA'),
(679, 'FARID MAULANA', '2', '501127', '501127', '-', '-', 'PEMALANG', '0000-00-00', 'Ds. Iser, Kec. Petarukan, Kab. Pemalang, Jawa Tengah   ', '-', 'user', 'SISWA'),
(680, 'FIRZAH ADITYA', '2', '501129', '501129', '-', '-', 'PEMALANG', '0000-00-00', 'Ds. Iser, Kec. Petarukan, Kab. Pemalang, Jawa Tengah   ', '-', 'user', 'SISWA'),
(681, 'GUNTUR PAMUNGKAS ARDIANSAH', '2', '501130', '501130', '-', '-', 'PEMALANG', '0000-00-00', 'Ds. Iser, Kec. Petarukan, Kab. Pemalang, Jawa Tengah   ', '-', 'user', 'SISWA'),
(682, 'HAMZAH ABDUL MAJID', '2', '501132', '501132', '-', '-', 'PEMALANG', '0000-00-00', 'Ds. Iser, Kec. Petarukan, Kab. Pemalang, Jawa Tengah   ', '-', 'user', 'SISWA'),
(683, 'MIRZA ALI MUHAMAD RIDHO', '2', '501135', '501135', '-', '-', 'PEMALANG', '0000-00-00', 'Ds. Iser, Kec. Petarukan, Kab. Pemalang, Jawa Tengah   ', '-', 'user', 'SISWA'),
(684, 'MOHAMAD AMIRUL IZAMI', '2', '501095', '501095', '-', '-', 'PEMALANG', '0000-00-00', 'Ds. Iser, Kec. Petarukan, Kab. Pemalang, Jawa Tengah   ', '-', 'user', 'SISWA'),
(685, 'MUHAMAD NUZUL ARDHAN', '2', '501019', '501019', '-', '-', 'PEMALANG', '0000-00-00', 'Ds. Iser, Kec. Petarukan, Kab. Pemalang, Jawa Tengah   ', '-', 'user', 'SISWA'),
(686, 'MUHAMMAD ICHYA ULUMUDIN', '2', '501139', '501139', '-', '-', 'PEMALANG', '0000-00-00', 'Ds. Iser, Kec. Petarukan, Kab. Pemalang, Jawa Tengah   ', '-', 'user', 'SISWA'),
(687, 'MUHAMMAD KURNIA SANDI SAPUTRA', '2', '501100', '501100', '-', '-', 'PEMALANG', '0000-00-00', 'Ds. Iser, Kec. Petarukan, Kab. Pemalang, Jawa Tengah   ', '-', 'user', 'SISWA'),
(688, 'MUHAMMAD RIZKI', '2', '501102', '501102', '-', '-', 'PEMALANG', '0000-00-00', 'Ds. Iser, Kec. Petarukan, Kab. Pemalang, Jawa Tengah   ', '-', 'user', 'SISWA'),
(689, 'MUHAMMAD RIZQI ABDILLATUL AKBAR', '2', '501103', '501103', '-', '-', 'PEMALANG', '0000-00-00', 'Ds. Iser, Kec. Petarukan, Kab. Pemalang, Jawa Tengah   ', '-', 'user', 'SISWA'),
(690, 'MUHAMMAD SUBHAN MAULANA YUSUF', '2', '501104', '501104', '-', '-', 'PEMALANG', '0000-00-00', 'Ds. Iser, Kec. Petarukan, Kab. Pemalang, Jawa Tengah   ', '-', 'user', 'SISWA'),
(691, 'NAZWA AMELIA PUTRI ', '2', '501062', '501062', '-', '-', 'PEMALANG', '0000-00-00', 'Ds. Iser, Kec. Petarukan, Kab. Pemalang, Jawa Tengah   ', '-', 'user', 'SISWA'),
(692, 'ONDO MUSTOFO', '2', '501105', '501105', '-', '-', 'PEMALANG', '0000-00-00', 'Ds. Iser, Kec. Petarukan, Kab. Pemalang, Jawa Tengah   ', '-', 'user', 'SISWA'),
(693, 'RADIT SAPUTRA', '2', '501106', '501106', '-', '-', 'PEMALANG', '0000-00-00', 'Ds. Iser, Kec. Petarukan, Kab. Pemalang, Jawa Tengah   ', '-', 'user', 'SISWA'),
(694, 'RANDHI AGUSTIAR', '2', '501023', '501023', '-', '-', 'PEMALANG', '0000-00-00', 'Ds. Iser, Kec. Petarukan, Kab. Pemalang, Jawa Tengah   ', '-', 'user', 'SISWA'),
(695, 'RANGGA SETIAWAN', '2', '501024', '501024', '-', '-', 'PEMALANG', '0000-00-00', 'Ds. Iser, Kec. Petarukan, Kab. Pemalang, Jawa Tengah   ', '-', 'user', 'SISWA'),
(696, 'RANU DWI ANUGRAH', '2', '501107', '501107', '-', '-', 'PEMALANG', '0000-00-00', 'Ds. Iser, Kec. Petarukan, Kab. Pemalang, Jawa Tengah   ', '-', 'user', 'SISWA'),
(697, 'REIKHAN AGUS ARROHMAN ', '2', '501025', '501025', '-', '-', 'PEMALANG', '0000-00-00', 'Ds. Iser, Kec. Petarukan, Kab. Pemalang, Jawa Tengah   ', '-', 'user', 'SISWA'),
(698, 'RIO ARGA SAPUTRA', '2', '501027', '501027', '-', '-', 'PEMALANG', '0000-00-00', 'Ds. Iser, Kec. Petarukan, Kab. Pemalang, Jawa Tengah   ', '-', 'user', 'SISWA'),
(699, 'RIZAL KHAERUL SYAIF', '2', '501108', '501108', '-', '-', 'PEMALANG', '0000-00-00', 'Ds. Iser, Kec. Petarukan, Kab. Pemalang, Jawa Tengah   ', '-', 'user', 'SISWA'),
(700, 'TYO PURNOMO', '2', '501110', '501110', '-', '-', 'PEMALANG', '0000-00-00', 'Ds. Iser, Kec. Petarukan, Kab. Pemalang, Jawa Tengah   ', '-', 'user', 'SISWA'),
(701, 'WISNU CAHYO', '2', '501111', '501111', '-', '-', 'PEMALANG', '0000-00-00', 'Ds. Iser, Kec. Petarukan, Kab. Pemalang, Jawa Tengah   ', '-', 'user', 'SISWA'),
(702, 'WISNU SAPUTRA', '2', '501071', '501071', '-', '-', 'PEMALANG', '0000-00-00', 'Ds. Iser, Kec. Petarukan, Kab. Pemalang, Jawa Tengah   ', '-', 'user', 'SISWA'),
(703, 'ADITYA ARYANTO', '2', '501112', '501112', '-', '-', 'PEMALANG', '0000-00-00', 'Ds. Iser, Kec. Petarukan, Kab. Pemalang, Jawa Tengah   ', '-', 'user', 'SISWA'),
(704, 'AEGHESTA BUMI PRATAMA', '2', '501113', '501113', '-', '-', 'PEMALANG', '0000-00-00', 'Ds. Iser, Kec. Petarukan, Kab. Pemalang, Jawa Tengah   ', '-', 'user', 'SISWA'),
(705, 'AHMAD SAIFUL ROHMAN', '2', '501074', '501074', '-', '-', 'PEMALANG', '0000-00-00', 'Ds. Iser, Kec. Petarukan, Kab. Pemalang, Jawa Tengah   ', '-', 'user', 'SISWA'),
(706, 'ALDIMAS AUFAR HAKIM', '2', '501075', '501075', '-', '-', 'PEMALANG', '0000-00-00', 'Ds. Iser, Kec. Petarukan, Kab. Pemalang, Jawa Tengah   ', '-', 'user', 'SISWA'),
(707, 'ARIF FATH HAMZAH', '2', '501078', '501078', '-', '-', 'PEMALANG', '0000-00-00', 'Ds. Iser, Kec. Petarukan, Kab. Pemalang, Jawa Tengah   ', '-', 'user', 'SISWA'),
(708, 'ARRAFA AQSHA LAZUARDU YURNIAWAN', '2', '501118', '501118', '-', '-', 'PEMALANG', '0000-00-00', 'Ds. Iser, Kec. Petarukan, Kab. Pemalang, Jawa Tengah   ', '-', 'user', 'SISWA'),
(709, 'BANGGA ABDE NEGARA', '2', '501119', '501119', '-', '-', 'PEMALANG', '0000-00-00', 'Ds. Iser, Kec. Petarukan, Kab. Pemalang, Jawa Tengah   ', '-', 'user', 'SISWA'),
(710, 'BUDIANTORO', '2', '501079', '501079', '-', '-', 'PEMALANG', '0000-00-00', 'Ds. Iser, Kec. Petarukan, Kab. Pemalang, Jawa Tengah   ', '-', 'user', 'SISWA'),
(711, 'CANDRA AGUSTIYAN', '2', '501120', '501120', '-', '-', 'PEMALANG', '0000-00-00', 'Ds. Iser, Kec. Petarukan, Kab. Pemalang, Jawa Tengah   ', '-', 'user', 'SISWA'),
(712, 'DAVID TRITIAN', '2', '501083', '501083', '-', '-', 'PEMALANG', '0000-00-00', 'Ds. Iser, Kec. Petarukan, Kab. Pemalang, Jawa Tengah   ', '-', 'user', 'SISWA'),
(713, 'DEDE EKO SAPUTRA', '2', '501084', '501084', '-', '-', 'PEMALANG', '0000-00-00', 'Ds. Iser, Kec. Petarukan, Kab. Pemalang, Jawa Tengah   ', '-', 'user', 'SISWA'),
(714, 'DIMAS HADI PAMUNGKAS', '2', '501046', '501046', '-', '-', 'PEMALANG', '0000-00-00', 'Ds. Iser, Kec. Petarukan, Kab. Pemalang, Jawa Tengah   ', '-', 'user', 'SISWA'),
(715, 'DIMAS SAPUTRA', '2', '501122', '501122', '-', '-', 'PEMALANG', '0000-00-00', 'Ds. Iser, Kec. Petarukan, Kab. Pemalang, Jawa Tengah   ', '-', 'user', 'SISWA'),
(716, 'DIYAS WINTORO', '2', '501007', '501007', '-', '-', 'PEMALANG', '0000-00-00', 'Ds. Iser, Kec. Petarukan, Kab. Pemalang, Jawa Tengah   ', '-', 'user', 'SISWA'),
(717, 'DWI PRAYOGA', '2', '501008', '501008', '-', '-', 'PEMALANG', '0000-00-00', 'Ds. Iser, Kec. Petarukan, Kab. Pemalang, Jawa Tengah   ', '-', 'user', 'SISWA'),
(718, 'FATARAS MIFTAHUL ARLIKO', '2', '501010', '501010', '-', '-', 'PEMALANG', '0000-00-00', 'Ds. Iser, Kec. Petarukan, Kab. Pemalang, Jawa Tengah   ', '-', 'user', 'SISWA'),
(719, 'HANNAN ADIVIAN', '2', '501011', '501011', '-', '-', 'PEMALANG', '0000-00-00', 'Ds. Iser, Kec. Petarukan, Kab. Pemalang, Jawa Tengah   ', '-', 'user', 'SISWA'),
(720, 'IBNU FADILLAH', '2', '501012', '501012', '-', '-', 'PEMALANG', '0000-00-00', 'Ds. Iser, Kec. Petarukan, Kab. Pemalang, Jawa Tengah   ', '-', 'user', 'SISWA'),
(721, 'IFAN FIRMANZAH', '2', '501052', '501052', '-', '-', 'PEMALANG', '0000-00-00', 'Ds. Iser, Kec. Petarukan, Kab. Pemalang, Jawa Tengah   ', '-', 'user', 'SISWA'),
(722, 'ILHAM DWI SAPUTRA', '2', '501089', '501089', '-', '-', 'PEMALANG', '0000-00-00', 'Ds. Iser, Kec. Petarukan, Kab. Pemalang, Jawa Tengah   ', '-', 'user', 'SISWA'),
(723, 'INAYATUL MAULA ANDIVA ', '2', '501013', '501013', '-', '-', 'PEMALANG', '0000-00-00', 'Ds. Iser, Kec. Petarukan, Kab. Pemalang, Jawa Tengah   ', '-', 'user', 'SISWA'),
(724, 'INDRA RAMADHANI', '2', '501014', '501014', '-', '-', 'PEMALANG', '0000-00-00', 'Ds. Iser, Kec. Petarukan, Kab. Pemalang, Jawa Tengah   ', '-', 'user', 'SISWA'),
(725, 'KRISTOPE DUGARI', '2', '501016', '501016', '-', '-', 'PEMALANG', '0000-00-00', 'Ds. Iser, Kec. Petarukan, Kab. Pemalang, Jawa Tengah   ', '-', 'user', 'SISWA'),
(726, 'LUTFI ROMADHONI', '2', '501092', '501092', '-', '-', 'PEMALANG', '0000-00-00', 'Ds. Iser, Kec. Petarukan, Kab. Pemalang, Jawa Tengah   ', '-', 'user', 'SISWA'),
(727, 'MIQDAM HIDAYAT ILYANI', '2', '501017', '501017', '-', '-', 'PEMALANG', '0000-00-00', 'Ds. Iser, Kec. Petarukan, Kab. Pemalang, Jawa Tengah   ', '-', 'user', 'SISWA'),
(728, 'MOHAMMAD ZAKI FAHMI', '2', '501055', '501055', '-', '-', 'PEMALANG', '0000-00-00', 'Ds. Iser, Kec. Petarukan, Kab. Pemalang, Jawa Tengah   ', '-', 'user', 'SISWA'),
(729, 'MUHAMAD ABIM MA\'ARUF', '2', '501056', '501056', '-', '-', 'PEMALANG', '0000-00-00', 'Ds. Iser, Kec. Petarukan, Kab. Pemalang, Jawa Tengah   ', '-', 'user', 'SISWA'),
(730, 'MUHAMAD ARBIANSYAH', '2', '501018', '501018', '-', '-', 'PEMALANG', '0000-00-00', 'Ds. Iser, Kec. Petarukan, Kab. Pemalang, Jawa Tengah   ', '-', 'user', 'SISWA'),
(731, 'MUHAMAD MUIZZ SAPUTRA', '2', '501057', '501057', '-', '-', 'PEMALANG', '0000-00-00', 'Ds. Iser, Kec. Petarukan, Kab. Pemalang, Jawa Tengah   ', '-', 'user', 'SISWA'),
(732, 'MUHAMAD NAZMIZUL ARIEF', '2', '501058', '501058', '-', '-', 'PEMALANG', '0000-00-00', 'Ds. Iser, Kec. Petarukan, Kab. Pemalang, Jawa Tengah   ', '-', 'user', 'SISWA'),
(733, 'MUHAMAD TEGAR AFRIANSYAH', '2', '501060', '501060', '-', '-', 'PEMALANG', '0000-00-00', 'Ds. Iser, Kec. Petarukan, Kab. Pemalang, Jawa Tengah   ', '-', 'user', 'SISWA'),
(734, 'MUHAMMAD NUR KHOLIQ', '2', '501101', '501101', '-', '-', 'PEMALANG', '0000-00-00', 'Ds. Iser, Kec. Petarukan, Kab. Pemalang, Jawa Tengah   ', '-', 'user', 'SISWA'),
(735, 'RAFIDTA AHNAF ENDUWIRA', '2', '501140', '501140', '-', '-', 'PEMALANG', '0000-00-00', 'Ds. Iser, Kec. Petarukan, Kab. Pemalang, Jawa Tengah   ', '-', 'user', 'SISWA'),
(736, 'RIDHO PANGESTU', '2', '501026', '501026', '-', '-', 'PEMALANG', '0000-00-00', 'Ds. Iser, Kec. Petarukan, Kab. Pemalang, Jawa Tengah   ', '-', 'user', 'SISWA'),
(737, 'RIZKI HADI MUBAROH', '2', '501109', '501109', '-', '-', 'PEMALANG', '0000-00-00', 'Ds. Iser, Kec. Petarukan, Kab. Pemalang, Jawa Tengah   ', '-', 'user', 'SISWA'),
(738, 'TEGAR IRAWAN', '2', '501030', '501030', '-', '-', 'PEMALANG', '0000-00-00', 'Ds. Iser, Kec. Petarukan, Kab. Pemalang, Jawa Tengah   ', '-', 'user', 'SISWA'),
(739, 'TRI ATMOJO', '2', '501031', '501031', '-', '-', 'PEMALANG', '0000-00-00', 'Ds. Iser, Kec. Petarukan, Kab. Pemalang, Jawa Tengah   ', '-', 'user', 'SISWA'),
(740, 'ABULAIS MUHAMMAD LABIB HAKIM', '2', '400570', '400570', '-', '-', 'PEMALANG', '0000-00-00', 'Ds. Iser, Kec. Petarukan, Kab. Pemalang, Jawa Tengah   ', '-', 'user', 'SISWA'),
(741, 'AFNI INDAH RARAMONTIS', '2', '400572', '400572', '-', '-', 'PEMALANG', '0000-00-00', 'Ds. Iser, Kec. Petarukan, Kab. Pemalang, Jawa Tengah   ', '-', 'user', 'SISWA'),
(742, 'AIRA HIDAYATUL NADHIFAH', '2', '400574', '400574', '-', '-', 'PEMALANG', '0000-00-00', 'Ds. Iser, Kec. Petarukan, Kab. Pemalang, Jawa Tengah   ', '-', 'user', 'SISWA'),
(743, 'ALIFIAH CHYNTIA AYU PRAMESWARI ', '2', '400530', '400530', '-', '-', 'PEMALANG', '0000-00-00', 'Ds. Iser, Kec. Petarukan, Kab. Pemalang, Jawa Tengah   ', '-', 'user', 'SISWA'),
(744, 'ALINKA MAKAILA', '2', '400532', '400532', '-', '-', 'PEMALANG', '0000-00-00', 'Ds. Iser, Kec. Petarukan, Kab. Pemalang, Jawa Tengah   ', '-', 'user', 'SISWA'),
(745, 'ANDHIKA ', '2', '400577', '400577', '-', '-', 'PEMALANG', '0000-00-00', 'Ds. Iser, Kec. Petarukan, Kab. Pemalang, Jawa Tengah   ', '-', 'user', 'SISWA'),
(746, 'ANGGITA TRI FADILA', '2', '400533', '400533', '-', '-', 'PEMALANG', '0000-00-00', 'Ds. Iser, Kec. Petarukan, Kab. Pemalang, Jawa Tengah   ', '-', 'user', 'SISWA'),
(747, 'ANISATUL ASZIZAH', '2', '400578', '400578', '-', '-', 'PEMALANG', '0000-00-00', 'Ds. Iser, Kec. Petarukan, Kab. Pemalang, Jawa Tengah   ', '-', 'user', 'SISWA'),
(748, 'ASYIFA KRISNANTA', '2', '400580', '400580', '-', '-', 'PEMALANG', '0000-00-00', 'Ds. Iser, Kec. Petarukan, Kab. Pemalang, Jawa Tengah   ', '-', 'user', 'SISWA'),
(749, 'AZRIEL RASYA ADITYA', '2', '400535', '400535', '-', '-', 'PEMALANG', '0000-00-00', 'Ds. Iser, Kec. Petarukan, Kab. Pemalang, Jawa Tengah   ', '-', 'user', 'SISWA'),
(750, 'CIKA NOVITASARI', '2', '400582', '400582', '-', '-', 'PEMALANG', '0000-00-00', 'Ds. Iser, Kec. Petarukan, Kab. Pemalang, Jawa Tengah   ', '-', 'user', 'SISWA'),
(751, 'CLEOFATRA LINGGAR AYU', '2', '400539', '400539', '-', '-', 'PEMALANG', '0000-00-00', 'Ds. Iser, Kec. Petarukan, Kab. Pemalang, Jawa Tengah   ', '-', 'user', 'SISWA'),
(752, 'DELA SETYANI PURWANINGSIH', '2', '400540', '400540', '-', '-', 'PEMALANG', '0000-00-00', 'Ds. Iser, Kec. Petarukan, Kab. Pemalang, Jawa Tengah   ', '-', 'user', 'SISWA'),
(753, 'DEWI NOOR ANGGRAINI', '2', '400541', '400541', '-', '-', 'PEMALANG', '0000-00-00', 'Ds. Iser, Kec. Petarukan, Kab. Pemalang, Jawa Tengah   ', '-', 'user', 'SISWA'),
(754, 'DINI AMALIA RIZKI', '2', '400542', '400542', '-', '-', 'PEMALANG', '0000-00-00', 'Ds. Iser, Kec. Petarukan, Kab. Pemalang, Jawa Tengah   ', '-', 'user', 'SISWA'),
(755, 'DISHA ANDIN NASYITA PUTRI', '2', '400543', '400543', '-', '-', 'PEMALANG', '0000-00-00', 'Ds. Iser, Kec. Petarukan, Kab. Pemalang, Jawa Tengah   ', '-', 'user', 'SISWA'),
(756, 'ESTU NILAM ANJANI', '2', '400584', '400584', '-', '-', 'PEMALANG', '0000-00-00', 'Ds. Iser, Kec. Petarukan, Kab. Pemalang, Jawa Tengah   ', '-', 'user', 'SISWA'),
(757, 'FARAS SETIAWAN', '2', '400544', '400544', '-', '-', 'PEMALANG', '0000-00-00', 'Ds. Iser, Kec. Petarukan, Kab. Pemalang, Jawa Tengah   ', '-', 'user', 'SISWA'),
(758, 'FEBRIYANI', '2', '400587', '400587', '-', '-', 'PEMALANG', '0000-00-00', 'Ds. Iser, Kec. Petarukan, Kab. Pemalang, Jawa Tengah   ', '-', 'user', 'SISWA'),
(759, 'HANY RUSTRININGRUM', '2', '400588', '400588', '-', '-', 'PEMALANG', '0000-00-00', 'Ds. Iser, Kec. Petarukan, Kab. Pemalang, Jawa Tengah   ', '-', 'user', 'SISWA'),
(760, 'KANZA KIRARA', '2', '400548', '400548', '-', '-', 'PEMALANG', '0000-00-00', 'Ds. Iser, Kec. Petarukan, Kab. Pemalang, Jawa Tengah   ', '-', 'user', 'SISWA'),
(761, 'KARINA WAHYUNINGRUM', '2', '400589', '400589', '-', '-', 'PEMALANG', '0000-00-00', 'Ds. Iser, Kec. Petarukan, Kab. Pemalang, Jawa Tengah   ', '-', 'user', 'SISWA'),
(762, 'KIRAN MEISAROH', '2', '400550', '400550', '-', '-', 'PEMALANG', '0000-00-00', 'Ds. Iser, Kec. Petarukan, Kab. Pemalang, Jawa Tengah   ', '-', 'user', 'SISWA'),
(763, 'KIRANA DWI YUNIKO', '2', '400591', '400591', '-', '-', 'PEMALANG', '0000-00-00', 'Ds. Iser, Kec. Petarukan, Kab. Pemalang, Jawa Tengah   ', '-', 'user', 'SISWA'),
(764, 'LENNORA YUDI PUTRI', '2', '400592', '400592', '-', '-', 'PEMALANG', '0000-00-00', 'Ds. Iser, Kec. Petarukan, Kab. Pemalang, Jawa Tengah   ', '-', 'user', 'SISWA'),
(765, 'LUKMAN FATIH ASYAHBANI', '2', '400593', '400593', '-', '-', 'PEMALANG', '0000-00-00', 'Ds. Iser, Kec. Petarukan, Kab. Pemalang, Jawa Tengah   ', '-', 'user', 'SISWA'),
(766, 'M. HAFIDZ MUZAKI', '2', '400551', '400551', '-', '-', 'PEMALANG', '0000-00-00', 'Ds. Iser, Kec. Petarukan, Kab. Pemalang, Jawa Tengah   ', '-', 'user', 'SISWA'),
(767, 'MAELANI MOZA ANDINI', '2', '400594', '400594', '-', '-', 'PEMALANG', '0000-00-00', 'Ds. Iser, Kec. Petarukan, Kab. Pemalang, Jawa Tengah   ', '-', 'user', 'SISWA'),
(768, 'NAJWA RESTU ALYA', '2', '400554', '400554', '-', '-', 'PEMALANG', '0000-00-00', 'Ds. Iser, Kec. Petarukan, Kab. Pemalang, Jawa Tengah   ', '-', 'user', 'SISWA'),
(769, 'NUR ATIKA', '2', '400598', '400598', '-', '-', 'PEMALANG', '0000-00-00', 'Ds. Iser, Kec. Petarukan, Kab. Pemalang, Jawa Tengah   ', '-', 'user', 'SISWA'),
(770, 'RIFAQOH KHAYURIZZA', '2', '400600', '400600', '-', '-', 'PEMALANG', '0000-00-00', 'Ds. Iser, Kec. Petarukan, Kab. Pemalang, Jawa Tengah   ', '-', 'user', 'SISWA'),
(771, 'SALIK DINILLAH ', '2', '400559', '400559', '-', '-', 'PEMALANG', '0000-00-00', 'Ds. Iser, Kec. Petarukan, Kab. Pemalang, Jawa Tengah   ', '-', 'user', 'SISWA'),
(772, 'SUCI MAELANI', '2', '400560', '400560', '-', '-', 'PEMALANG', '0000-00-00', 'Ds. Iser, Kec. Petarukan, Kab. Pemalang, Jawa Tengah   ', '-', 'user', 'SISWA'),
(773, 'SYIFA RAHMADANI', '2', '400562', '400562', '-', '-', 'PEMALANG', '0000-00-00', 'Ds. Iser, Kec. Petarukan, Kab. Pemalang, Jawa Tengah   ', '-', 'user', 'SISWA'),
(774, 'TAMAMUZZAD LINAILISALSABIIL ', '2', '400564', '400564', '-', '-', 'PEMALANG', '0000-00-00', 'Ds. Iser, Kec. Petarukan, Kab. Pemalang, Jawa Tengah   ', '-', 'user', 'SISWA'),
(775, 'TAMARA DWI ALFA', '2', '400603', '400603', '-', '-', 'PEMALANG', '0000-00-00', 'Ds. Iser, Kec. Petarukan, Kab. Pemalang, Jawa Tengah   ', '-', 'user', 'SISWA'),
(776, 'VITA YUNIA RAHMAWATI', '2', '400604', '400604', '-', '-', 'PEMALANG', '0000-00-00', 'Ds. Iser, Kec. Petarukan, Kab. Pemalang, Jawa Tengah   ', '-', 'user', 'SISWA'),
(777, 'WILLI ASTUTI', '2', '400565', '400565', '-', '-', 'PEMALANG', '0000-00-00', 'Ds. Iser, Kec. Petarukan, Kab. Pemalang, Jawa Tengah   ', '-', 'user', 'SISWA'),
(778, 'ZAINAP ZALZAH', '2', '400568', '400568', '-', '-', 'PEMALANG', '0000-00-00', 'Ds. Iser, Kec. Petarukan, Kab. Pemalang, Jawa Tengah   ', '-', 'user', 'SISWA'),
(779, 'ZASKIA SAFIRA', '2', '400609', '400609', '-', '-', 'PEMALANG', '0000-00-00', 'Ds. Iser, Kec. Petarukan, Kab. Pemalang, Jawa Tengah   ', '-', 'user', 'SISWA'),
(780, 'ZIFAUL AZIZAH', '2', '400611', '400611', '-', '-', 'PEMALANG', '0000-00-00', 'Ds. Iser, Kec. Petarukan, Kab. Pemalang, Jawa Tengah   ', '-', 'user', 'SISWA'),
(781, 'ADINDA TITIS LARASATI', '2', '400571', '400571', '-', '-', 'PEMALANG', '0000-00-00', 'Ds. Iser, Kec. Petarukan, Kab. Pemalang, Jawa Tengah   ', '-', 'user', 'SISWA'),
(782, 'AHMAD IKSAN', '2', '400573', '400573', '-', '-', 'PEMALANG', '0000-00-00', 'Ds. Iser, Kec. Petarukan, Kab. Pemalang, Jawa Tengah   ', '-', 'user', 'SISWA'),
(783, 'AJIP RIFA\'I ILHAM', '2', '400575', '400575', '-', '-', 'PEMALANG', '0000-00-00', 'Ds. Iser, Kec. Petarukan, Kab. Pemalang, Jawa Tengah   ', '-', 'user', 'SISWA'),
(784, 'ALIKA AVRINAJUA', '2', '400531', '400531', '-', '-', 'PEMALANG', '0000-00-00', 'Ds. Iser, Kec. Petarukan, Kab. Pemalang, Jawa Tengah   ', '-', 'user', 'SISWA'),
(785, 'AMELIA NANDA SAFITRI', '2', '400576', '400576', '-', '-', 'PEMALANG', '0000-00-00', 'Ds. Iser, Kec. Petarukan, Kab. Pemalang, Jawa Tengah   ', '-', 'user', 'SISWA'),
(786, 'ANJAS FARADILA', '2', '400534', '400534', '-', '-', 'PEMALANG', '0000-00-00', 'Ds. Iser, Kec. Petarukan, Kab. Pemalang, Jawa Tengah   ', '-', 'user', 'SISWA'),
(787, 'APRILIA PUTRI INANDA', '2', '400579', '400579', '-', '-', 'PEMALANG', '0000-00-00', 'Ds. Iser, Kec. Petarukan, Kab. Pemalang, Jawa Tengah   ', '-', 'user', 'SISWA'),
(788, 'AZZAHRA ARIFATUL NISSA', '2', '400581', '400581', '-', '-', 'PEMALANG', '0000-00-00', 'Ds. Iser, Kec. Petarukan, Kab. Pemalang, Jawa Tengah   ', '-', 'user', 'SISWA'),
(789, 'AZZARA AULA KIRANIA', '2', '400536', '400536', '-', '-', 'PEMALANG', '0000-00-00', 'Ds. Iser, Kec. Petarukan, Kab. Pemalang, Jawa Tengah   ', '-', 'user', 'SISWA'),
(790, 'CANTIKA JULIANTI', '2', '400537', '400537', '-', '-', 'PEMALANG', '0000-00-00', 'Ds. Iser, Kec. Petarukan, Kab. Pemalang, Jawa Tengah   ', '-', 'user', 'SISWA'),
(791, 'CHENOA RIZQY SYARIEF', '2', '400538', '400538', '-', '-', 'PEMALANG', '0000-00-00', 'Ds. Iser, Kec. Petarukan, Kab. Pemalang, Jawa Tengah   ', '-', 'user', 'SISWA'),
(792, 'CITRA MEI LESTARI', '2', '400583', '400583', '-', '-', 'PEMALANG', '0000-00-00', 'Ds. Iser, Kec. Petarukan, Kab. Pemalang, Jawa Tengah   ', '-', 'user', 'SISWA'),
(793, 'FAIZ HAFUZA MANZIEY', '2', '400585', '400585', '-', '-', 'PEMALANG', '0000-00-00', 'Ds. Iser, Kec. Petarukan, Kab. Pemalang, Jawa Tengah   ', '-', 'user', 'SISWA'),
(794, 'FAREZKI  YUSUF AUFARSYA', '2', '400586', '400586', '-', '-', 'PEMALANG', '0000-00-00', 'Ds. Iser, Kec. Petarukan, Kab. Pemalang, Jawa Tengah   ', '-', 'user', 'SISWA'),
(795, 'HAFIZ AFAN ARDIANSYAH', '2', '400545', '400545', '-', '-', 'PEMALANG', '0000-00-00', 'Ds. Iser, Kec. Petarukan, Kab. Pemalang, Jawa Tengah   ', '-', 'user', 'SISWA'),
(796, 'IKHSAN GALIH SAPUTRA', '2', '400546', '400546', '-', '-', 'PEMALANG', '0000-00-00', 'Ds. Iser, Kec. Petarukan, Kab. Pemalang, Jawa Tengah   ', '-', 'user', 'SISWA'),
(797, 'ISMI KHOERUNNISA', '2', '400547', '400547', '-', '-', 'PEMALANG', '0000-00-00', 'Ds. Iser, Kec. Petarukan, Kab. Pemalang, Jawa Tengah   ', '-', 'user', 'SISWA'),
(798, 'KHIKMATUL LATIFAH', '2', '400549', '400549', '-', '-', 'PEMALANG', '0000-00-00', 'Ds. Iser, Kec. Petarukan, Kab. Pemalang, Jawa Tengah   ', '-', 'user', 'SISWA'),
(799, 'KHOIRUNISA', '2', '400590', '400590', '-', '-', 'PEMALANG', '0000-00-00', 'Ds. Iser, Kec. Petarukan, Kab. Pemalang, Jawa Tengah   ', '-', 'user', 'SISWA'),
(800, 'MELVIN ZAINUL BAHTIAR', '2', '400595', '400595', '-', '-', 'PEMALANG', '0000-00-00', 'Ds. Iser, Kec. Petarukan, Kab. Pemalang, Jawa Tengah   ', '-', 'user', 'SISWA'),
(801, 'MUHAMMAD HISYAM ADNAN ', '2', '400552', '400552', '-', '-', 'PEMALANG', '0000-00-00', 'Ds. Iser, Kec. Petarukan, Kab. Pemalang, Jawa Tengah   ', '-', 'user', 'SISWA'),
(802, 'MUTIA ARIFAH', '2', '400596', '400596', '-', '-', 'PEMALANG', '0000-00-00', 'Ds. Iser, Kec. Petarukan, Kab. Pemalang, Jawa Tengah   ', '-', 'user', 'SISWA'),
(803, 'NAELILA DWI LESTARI ', '2', '400597', '400597', '-', '-', 'PEMALANG', '0000-00-00', 'Ds. Iser, Kec. Petarukan, Kab. Pemalang, Jawa Tengah   ', '-', 'user', 'SISWA'),
(804, 'NAILA LISDIAN ELYSIA', '2', '400553', '400553', '-', '-', 'PEMALANG', '0000-00-00', 'Ds. Iser, Kec. Petarukan, Kab. Pemalang, Jawa Tengah   ', '-', 'user', 'SISWA'),
(805, 'NINGGARA AFIFAH', '2', '400555', '400555', '-', '-', 'PEMALANG', '0000-00-00', 'Ds. Iser, Kec. Petarukan, Kab. Pemalang, Jawa Tengah   ', '-', 'user', 'SISWA'),
(806, 'RAHMATYA NAJWA ANDINI', '2', '400599', '400599', '-', '-', 'PEMALANG', '0000-00-00', 'Ds. Iser, Kec. Petarukan, Kab. Pemalang, Jawa Tengah   ', '-', 'user', 'SISWA'),
(807, 'REVALINO ADYA PRADITIYA', '2', '400557', '400557', '-', '-', 'PEMALANG', '0000-00-00', 'Ds. Iser, Kec. Petarukan, Kab. Pemalang, Jawa Tengah   ', '-', 'user', 'SISWA'),
(808, 'RIZKY PUTRA RAMADHAN', '2', '400601', '400601', '-', '-', 'PEMALANG', '0000-00-00', 'Ds. Iser, Kec. Petarukan, Kab. Pemalang, Jawa Tengah   ', '-', 'user', 'SISWA'),
(809, 'RUSUH NOFENDA PRAKOSO', '2', '400558', '400558', '-', '-', 'PEMALANG', '0000-00-00', 'Ds. Iser, Kec. Petarukan, Kab. Pemalang, Jawa Tengah   ', '-', 'user', 'SISWA'),
(810, 'SALSA SABILAH', '2', '400602', '400602', '-', '-', 'PEMALANG', '0000-00-00', 'Ds. Iser, Kec. Petarukan, Kab. Pemalang, Jawa Tengah   ', '-', 'user', 'SISWA'),
(811, 'SYAFINATU SYARIFAH', '2', '400561', '400561', '-', '-', 'PEMALANG', '0000-00-00', 'Ds. Iser, Kec. Petarukan, Kab. Pemalang, Jawa Tengah   ', '-', 'user', 'SISWA'),
(812, 'SYIFANAZILA TUZZAHRO', '2', '400563', '400563', '-', '-', 'PEMALANG', '0000-00-00', 'Ds. Iser, Kec. Petarukan, Kab. Pemalang, Jawa Tengah   ', '-', 'user', 'SISWA'),
(813, 'WIDIA INTAN MEILANI', '2', '400605', '400605', '-', '-', 'PEMALANG', '0000-00-00', 'Ds. Iser, Kec. Petarukan, Kab. Pemalang, Jawa Tengah   ', '-', 'user', 'SISWA'),
(814, 'WILDAN FAIZ NUROHMAN', '2', '400606', '400606', '-', '-', 'PEMALANG', '0000-00-00', 'Ds. Iser, Kec. Petarukan, Kab. Pemalang, Jawa Tengah   ', '-', 'user', 'SISWA'),
(815, 'WINDI ADELIA', '2', '400566', '400566', '-', '-', 'PEMALANG', '0000-00-00', 'Ds. Iser, Kec. Petarukan, Kab. Pemalang, Jawa Tengah   ', '-', 'user', 'SISWA'),
(816, 'YANUR FAJRIYAH', '2', '400607', '400607', '-', '-', 'PEMALANG', '0000-00-00', 'Ds. Iser, Kec. Petarukan, Kab. Pemalang, Jawa Tengah   ', '-', 'user', 'SISWA'),
(817, 'YASMIN PUTRI AULIAH', '2', '400567', '400567', '-', '-', 'PEMALANG', '0000-00-00', 'Ds. Iser, Kec. Petarukan, Kab. Pemalang, Jawa Tengah   ', '-', 'user', 'SISWA'),
(818, 'ZAENATUL KHAFIZAH', '2', '400608', '400608', '-', '-', 'PEMALANG', '0000-00-00', 'Ds. Iser, Kec. Petarukan, Kab. Pemalang, Jawa Tengah   ', '-', 'user', 'SISWA'),
(819, 'ZASKIA FATAHRANI', '2', '400569', '400569', '-', '-', 'PEMALANG', '0000-00-00', 'Ds. Iser, Kec. Petarukan, Kab. Pemalang, Jawa Tengah   ', '-', 'user', 'SISWA'),
(820, 'ZAZKIYAH NUR FA\'IZAH ', '2', '400610', '400610', '-', '-', 'PEMALANG', '0000-00-00', 'Ds. Iser, Kec. Petarukan, Kab. Pemalang, Jawa Tengah   ', '-', 'user', 'SISWA'),
(821, 'AINI AFRILIYA', '2', '102078', '102078', '-', '-', 'PEMALANG', '0000-00-00', 'Ds. Iser, Kec. Petarukan, Kab. Pemalang, Jawa Tengah   ', '-', 'user', 'SISWA'),
(822, 'AINUN LINTANG', '2', '102079', '102079', '-', '-', 'PEMALANG', '0000-00-00', 'Ds. Iser, Kec. Petarukan, Kab. Pemalang, Jawa Tengah   ', '-', 'user', 'SISWA'),
(823, 'ALFA RISMAN PRASETYO', '2', '102115', '102115', '-', '-', 'PEMALANG', '0000-00-00', 'Ds. Iser, Kec. Petarukan, Kab. Pemalang, Jawa Tengah   ', '-', 'user', 'SISWA'),
(824, 'AMANDA RIA RIZKIANI', '2', '102082', '102082', '-', '-', 'PEMALANG', '0000-00-00', 'Ds. Iser, Kec. Petarukan, Kab. Pemalang, Jawa Tengah   ', '-', 'user', 'SISWA'),
(825, 'AZRIL ARKANDYA PASHA', '2', '102085', '102085', '-', '-', 'PEMALANG', '0000-00-00', 'Ds. Iser, Kec. Petarukan, Kab. Pemalang, Jawa Tengah   ', '-', 'user', 'SISWA'),
(826, 'CINTHIYA RAHMADANI', '2', '102087', '102087', '-', '-', 'PEMALANG', '0000-00-00', 'Ds. Iser, Kec. Petarukan, Kab. Pemalang, Jawa Tengah   ', '-', 'user', 'SISWA'),
(827, 'DAVID MAULANA ', '2', '102117', '102117', '-', '-', 'PEMALANG', '0000-00-00', 'Ds. Iser, Kec. Petarukan, Kab. Pemalang, Jawa Tengah   ', '-', 'user', 'SISWA'),
(828, 'DEWI ILMI ANISA', '2', '102088', '102088', '-', '-', 'PEMALANG', '0000-00-00', 'Ds. Iser, Kec. Petarukan, Kab. Pemalang, Jawa Tengah   ', '-', 'user', 'SISWA'),
(829, 'DIVA RAMADHANI', '2', '102090', '102090', '-', '-', 'PEMALANG', '0000-00-00', 'Ds. Iser, Kec. Petarukan, Kab. Pemalang, Jawa Tengah   ', '-', 'user', 'SISWA'),
(830, 'FRANDIAN TUNGGAL PRATAMA', '2', '102123', '102123', '-', '-', 'PEMALANG', '0000-00-00', 'Ds. Iser, Kec. Petarukan, Kab. Pemalang, Jawa Tengah   ', '-', 'user', 'SISWA'),
(831, 'INGGRI MEY SUGIANINGRUM', '2', '102091', '102091', '-', '-', 'PEMALANG', '0000-00-00', 'Ds. Iser, Kec. Petarukan, Kab. Pemalang, Jawa Tengah   ', '-', 'user', 'SISWA'),
(832, 'INTAN ISNAENI ', '2', '102092', '102092', '-', '-', 'PEMALANG', '0000-00-00', 'Ds. Iser, Kec. Petarukan, Kab. Pemalang, Jawa Tengah   ', '-', 'user', 'SISWA'),
(833, 'JOKO NARDI SANTOSO', '2', '102093', '102093', '-', '-', 'PEMALANG', '0000-00-00', 'Ds. Iser, Kec. Petarukan, Kab. Pemalang, Jawa Tengah   ', '-', 'user', 'SISWA'),
(834, 'JUMAROH', '2', '102125', '102125', '-', '-', 'PEMALANG', '0000-00-00', 'Ds. Iser, Kec. Petarukan, Kab. Pemalang, Jawa Tengah   ', '-', 'user', 'SISWA'),
(835, 'LIA AVHELINA', '2', '102126', '102126', '-', '-', 'PEMALANG', '0000-00-00', 'Ds. Iser, Kec. Petarukan, Kab. Pemalang, Jawa Tengah   ', '-', 'user', 'SISWA'),
(836, 'MOHAMMAD JAELANI', '2', '102127', '102127', '-', '-', 'PEMALANG', '0000-00-00', 'Ds. Iser, Kec. Petarukan, Kab. Pemalang, Jawa Tengah   ', '-', 'user', 'SISWA'),
(837, 'MUHAMMAD RAIHAN FADILAH', '2', '102128', '102128', '-', '-', 'PEMALANG', '0000-00-00', 'Ds. Iser, Kec. Petarukan, Kab. Pemalang, Jawa Tengah   ', '-', 'user', 'SISWA'),
(838, 'NABILA DEVI RIYANTI', '2', '102098', '102098', '-', '-', 'PEMALANG', '0000-00-00', 'Ds. Iser, Kec. Petarukan, Kab. Pemalang, Jawa Tengah   ', '-', 'user', 'SISWA'),
(839, 'NAJWA HIJRIYANAH', '2', '102129', '102129', '-', '-', 'PEMALANG', '0000-00-00', 'Ds. Iser, Kec. Petarukan, Kab. Pemalang, Jawa Tengah   ', '-', 'user', 'SISWA'),
(840, 'NIKHLATU ZAKIYAH', '2', '102130', '102130', '-', '-', 'PEMALANG', '0000-00-00', 'Ds. Iser, Kec. Petarukan, Kab. Pemalang, Jawa Tengah   ', '-', 'user', 'SISWA'),
(841, 'NUR INTAN ADININGTYAS PRATIWI', '2', '102131', '102131', '-', '-', 'PEMALANG', '0000-00-00', 'Ds. Iser, Kec. Petarukan, Kab. Pemalang, Jawa Tengah   ', '-', 'user', 'SISWA'),
(842, 'RADITYA RISLANA', '2', '102100', '102100', '-', '-', 'PEMALANG', '0000-00-00', 'Ds. Iser, Kec. Petarukan, Kab. Pemalang, Jawa Tengah   ', '-', 'user', 'SISWA'),
(843, 'RAVI ASNAN DIHARJO', '2', '102101', '102101', '-', '-', 'PEMALANG', '0000-00-00', 'Ds. Iser, Kec. Petarukan, Kab. Pemalang, Jawa Tengah   ', '-', 'user', 'SISWA'),
(844, 'REISAH NANDA KHAIRUNISA', '2', '102132', '102132', '-', '-', 'PEMALANG', '0000-00-00', 'Ds. Iser, Kec. Petarukan, Kab. Pemalang, Jawa Tengah   ', '-', 'user', 'SISWA'),
(845, 'REVANO EZA FARISKI', '2', '102133', '102133', '-', '-', 'PEMALANG', '0000-00-00', 'Ds. Iser, Kec. Petarukan, Kab. Pemalang, Jawa Tengah   ', '-', 'user', 'SISWA'),
(846, 'RIANI APRITA LESTARI', '2', '102134', '102134', '-', '-', 'PEMALANG', '0000-00-00', 'Ds. Iser, Kec. Petarukan, Kab. Pemalang, Jawa Tengah   ', '-', 'user', 'SISWA'),
(847, 'RIYANTI', '2', '102135', '102135', '-', '-', 'PEMALANG', '0000-00-00', 'Ds. Iser, Kec. Petarukan, Kab. Pemalang, Jawa Tengah   ', '-', 'user', 'SISWA'),
(848, 'RIZA JATI ABDILLAH ', '2', '102136', '102136', '-', '-', 'PEMALANG', '0000-00-00', 'Ds. Iser, Kec. Petarukan, Kab. Pemalang, Jawa Tengah   ', '-', 'user', 'SISWA'),
(849, 'SABILA NUR AL RIZQI', '2', '102105', '102105', '-', '-', 'PEMALANG', '0000-00-00', 'Ds. Iser, Kec. Petarukan, Kab. Pemalang, Jawa Tengah   ', '-', 'user', 'SISWA'),
(850, 'SALSABILA ZETA AMRIA AURORA', '2', '102106', '102106', '-', '-', 'PEMALANG', '0000-00-00', 'Ds. Iser, Kec. Petarukan, Kab. Pemalang, Jawa Tengah   ', '-', 'user', 'SISWA'),
(851, 'SHEZA OKTADIANTI', '2', '102107', '102107', '-', '-', 'PEMALANG', '0000-00-00', 'Ds. Iser, Kec. Petarukan, Kab. Pemalang, Jawa Tengah   ', '-', 'user', 'SISWA'),
(852, 'SUCI FADHILA AGUSTIN', '2', '102108', '102108', '-', '-', 'PEMALANG', '0000-00-00', 'Ds. Iser, Kec. Petarukan, Kab. Pemalang, Jawa Tengah   ', '-', 'user', 'SISWA'),
(853, 'VITA LAILATUL NASIFAH', '2', '102109', '102109', '-', '-', 'PEMALANG', '0000-00-00', 'Ds. Iser, Kec. Petarukan, Kab. Pemalang, Jawa Tengah   ', '-', 'user', 'SISWA'),
(854, 'WIDI AULIA KHASANAH', '2', '102148', '102148', '-', '-', 'PEMALANG', '0000-00-00', 'Ds. Iser, Kec. Petarukan, Kab. Pemalang, Jawa Tengah   ', '-', 'user', 'SISWA');
INSERT INTO `tb_user` (`id_user`, `nama_lengkap`, `position`, `user`, `pass`, `email`, `no_whatsapp`, `temp_lahir`, `tgl_lahir`, `alamat_sekarang`, `img_profile`, `id_level`, `id_organisasi`) VALUES
(855, 'AHMAD HISYAM', '2', '102113', '102113', '-', '-', 'PEMALANG', '0000-00-00', 'Ds. Iser, Kec. Petarukan, Kab. Pemalang, Jawa Tengah   ', '-', 'user', 'SISWA'),
(856, 'AIRIN STEFANISYAH', '2', '102080', '102080', '-', '-', 'PEMALANG', '0000-00-00', 'Ds. Iser, Kec. Petarukan, Kab. Pemalang, Jawa Tengah   ', '-', 'user', 'SISWA'),
(857, 'ALAN MODI RAMDANI', '2', '102114', '102114', '-', '-', 'PEMALANG', '0000-00-00', 'Ds. Iser, Kec. Petarukan, Kab. Pemalang, Jawa Tengah   ', '-', 'user', 'SISWA'),
(858, 'ALFATH BAGUS SATRIO', '2', '102116', '102116', '-', '-', 'PEMALANG', '0000-00-00', 'Ds. Iser, Kec. Petarukan, Kab. Pemalang, Jawa Tengah   ', '-', 'user', 'SISWA'),
(859, 'ALYA FAATIN ISNAENI', '2', '102081', '102081', '-', '-', 'PEMALANG', '0000-00-00', 'Ds. Iser, Kec. Petarukan, Kab. Pemalang, Jawa Tengah   ', '-', 'user', 'SISWA'),
(860, 'ARI FIRMANSYAH', '2', '102083', '102083', '-', '-', 'PEMALANG', '0000-00-00', 'Ds. Iser, Kec. Petarukan, Kab. Pemalang, Jawa Tengah   ', '-', 'user', 'SISWA'),
(861, 'AZKA ADMAL', '2', '102084', '102084', '-', '-', 'PEMALANG', '0000-00-00', 'Ds. Iser, Kec. Petarukan, Kab. Pemalang, Jawa Tengah   ', '-', 'user', 'SISWA'),
(862, 'CINTA ADELIA', '2', '102086', '102086', '-', '-', 'PEMALANG', '0000-00-00', 'Ds. Iser, Kec. Petarukan, Kab. Pemalang, Jawa Tengah   ', '-', 'user', 'SISWA'),
(863, 'DINDA ALIYANTI', '2', '102118', '102118', '-', '-', 'PEMALANG', '0000-00-00', 'Ds. Iser, Kec. Petarukan, Kab. Pemalang, Jawa Tengah   ', '-', 'user', 'SISWA'),
(864, 'DINDA AYU LESTARI', '2', '102089', '102089', '-', '-', 'PEMALANG', '0000-00-00', 'Ds. Iser, Kec. Petarukan, Kab. Pemalang, Jawa Tengah   ', '-', 'user', 'SISWA'),
(865, 'EFI SUSANTI', '2', '102119', '102119', '-', '-', 'PEMALANG', '0000-00-00', 'Ds. Iser, Kec. Petarukan, Kab. Pemalang, Jawa Tengah   ', '-', 'user', 'SISWA'),
(866, 'ELSA SHAVA REGINA', '2', '102120', '102120', '-', '-', 'PEMALANG', '0000-00-00', 'Ds. Iser, Kec. Petarukan, Kab. Pemalang, Jawa Tengah   ', '-', 'user', 'SISWA'),
(867, 'FARELLINO GULTOM', '2', '303431', '303431', '-', '-', 'PEMALANG', '0000-00-00', 'Ds. Iser, Kec. Petarukan, Kab. Pemalang, Jawa Tengah   ', '-', 'user', 'SISWA'),
(868, 'FERNI NUR AZIZAH', '2', '102122', '102122', '-', '-', 'PEMALANG', '0000-00-00', 'Ds. Iser, Kec. Petarukan, Kab. Pemalang, Jawa Tengah   ', '-', 'user', 'SISWA'),
(869, 'IDEVAN HUTAMA', '2', '102124', '102124', '-', '-', 'PEMALANG', '0000-00-00', 'Ds. Iser, Kec. Petarukan, Kab. Pemalang, Jawa Tengah   ', '-', 'user', 'SISWA'),
(870, 'KHARISSA PUTRI AMALIA DARMAWAN', '2', '102094', '102094', '-', '-', 'PEMALANG', '0000-00-00', 'Ds. Iser, Kec. Petarukan, Kab. Pemalang, Jawa Tengah   ', '-', 'user', 'SISWA'),
(871, 'LATIZA ZALFA ALIFA', '2', '102095', '102095', '-', '-', 'PEMALANG', '0000-00-00', 'Ds. Iser, Kec. Petarukan, Kab. Pemalang, Jawa Tengah   ', '-', 'user', 'SISWA'),
(872, 'MOCHAMAD AKBAR SUSENO ', '2', '102096', '102096', '-', '-', 'PEMALANG', '0000-00-00', 'Ds. Iser, Kec. Petarukan, Kab. Pemalang, Jawa Tengah   ', '-', 'user', 'SISWA'),
(873, 'MUHAMAD FAIZ ALAUDIN ZANGKY', '2', '102097', '102097', '-', '-', 'PEMALANG', '0000-00-00', 'Ds. Iser, Kec. Petarukan, Kab. Pemalang, Jawa Tengah   ', '-', 'user', 'SISWA'),
(874, 'RADITYA EGA HERNANDA', '2', '102099', '102099', '-', '-', 'PEMALANG', '0000-00-00', 'Ds. Iser, Kec. Petarukan, Kab. Pemalang, Jawa Tengah   ', '-', 'user', 'SISWA'),
(875, 'RESTIANI HIKMA SAPUTRI', '2', '102102', '102102', '-', '-', 'PEMALANG', '0000-00-00', 'Ds. Iser, Kec. Petarukan, Kab. Pemalang, Jawa Tengah   ', '-', 'user', 'SISWA'),
(876, 'REVA FADILLA ', '2', '102103', '102103', '-', '-', 'PEMALANG', '0000-00-00', 'Ds. Iser, Kec. Petarukan, Kab. Pemalang, Jawa Tengah   ', '-', 'user', 'SISWA'),
(877, 'RISKIYA ADHA DWIANTI', '2', '102104', '102104', '-', '-', 'PEMALANG', '0000-00-00', 'Ds. Iser, Kec. Petarukan, Kab. Pemalang, Jawa Tengah   ', '-', 'user', 'SISWA'),
(878, 'ROKHMATUS SAFA\'AH ', '2', '102138', '102138', '-', '-', 'PEMALANG', '0000-00-00', 'Ds. Iser, Kec. Petarukan, Kab. Pemalang, Jawa Tengah   ', '-', 'user', 'SISWA'),
(879, 'SATRIA DEWA ARJUNA', '2', '102139', '102139', '-', '-', 'PEMALANG', '0000-00-00', 'Ds. Iser, Kec. Petarukan, Kab. Pemalang, Jawa Tengah   ', '-', 'user', 'SISWA'),
(880, 'SYAKIRA NUR FATIKHAK', '2', '102141', '102141', '-', '-', 'PEMALANG', '0000-00-00', 'Ds. Iser, Kec. Petarukan, Kab. Pemalang, Jawa Tengah   ', '-', 'user', 'SISWA'),
(881, 'TANTRI PUSPITA NINGRUM', '2', '102143', '102143', '-', '-', 'PEMALANG', '0000-00-00', 'Ds. Iser, Kec. Petarukan, Kab. Pemalang, Jawa Tengah   ', '-', 'user', 'SISWA'),
(882, 'TASYA SEKAR ARUM', '2', '102144', '102144', '-', '-', 'PEMALANG', '0000-00-00', 'Ds. Iser, Kec. Petarukan, Kab. Pemalang, Jawa Tengah   ', '-', 'user', 'SISWA'),
(883, 'TASYA WIDIYANTI', '2', '102145', '102145', '-', '-', 'PEMALANG', '0000-00-00', 'Ds. Iser, Kec. Petarukan, Kab. Pemalang, Jawa Tengah   ', '-', 'user', 'SISWA'),
(884, 'TRI CITRA PANGESTU ', '2', '102146', '102146', '-', '-', 'PEMALANG', '0000-00-00', 'Ds. Iser, Kec. Petarukan, Kab. Pemalang, Jawa Tengah   ', '-', 'user', 'SISWA'),
(885, 'WAHYU TRI GUNADI ', '2', '102147', '102147', '-', '-', 'PEMALANG', '0000-00-00', 'Ds. Iser, Kec. Petarukan, Kab. Pemalang, Jawa Tengah   ', '-', 'user', 'SISWA'),
(886, 'WISNU ALIYANSYAH', '2', '102110', '102110', '-', '-', 'PEMALANG', '0000-00-00', 'Ds. Iser, Kec. Petarukan, Kab. Pemalang, Jawa Tengah   ', '-', 'user', 'SISWA'),
(887, 'WULAN SAFITRI', '2', '102111', '102111', '-', '-', 'PEMALANG', '0000-00-00', 'Ds. Iser, Kec. Petarukan, Kab. Pemalang, Jawa Tengah   ', '-', 'user', 'SISWA'),
(888, 'YOGA PRATAMA', '2', '102112', '102112', '-', '-', 'PEMALANG', '0000-00-00', 'Ds. Iser, Kec. Petarukan, Kab. Pemalang, Jawa Tengah   ', '-', 'user', 'SISWA'),
(889, 'ABILA DWITAMA YOPI', '2', '205540', '205540', '-', '-', 'PEMALANG', '0000-00-00', 'Ds. Iser, Kec. Petarukan, Kab. Pemalang, Jawa Tengah   ', '-', 'user', 'SISWA'),
(890, 'ADIT FADHILAH', '2', '205431', '205431', '-', '-', 'PEMALANG', '0000-00-00', 'Ds. Iser, Kec. Petarukan, Kab. Pemalang, Jawa Tengah   ', '-', 'user', 'SISWA'),
(891, 'ADITYA KURNIAWAN', '2', '205505', '205505', '-', '-', 'PEMALANG', '0000-00-00', 'Ds. Iser, Kec. Petarukan, Kab. Pemalang, Jawa Tengah   ', '-', 'user', 'SISWA'),
(892, 'AHMAD NUR FAUZAN', '2', '205468', '205468', '-', '-', 'PEMALANG', '0000-00-00', 'Ds. Iser, Kec. Petarukan, Kab. Pemalang, Jawa Tengah   ', '-', 'user', 'SISWA'),
(893, 'AHMAD RAFINO', '2', '205542', '205542', '-', '-', 'PEMALANG', '0000-00-00', 'Ds. Iser, Kec. Petarukan, Kab. Pemalang, Jawa Tengah   ', '-', 'user', 'SISWA'),
(894, 'ALMIRA EDIES MAULIDA', '2', '205470', '205470', '-', '-', 'PEMALANG', '0000-00-00', 'Ds. Iser, Kec. Petarukan, Kab. Pemalang, Jawa Tengah   ', '-', 'user', 'SISWA'),
(895, 'ALVIN SAPUTRA', '2', '205543', '205543', '-', '-', 'PEMALANG', '0000-00-00', 'Ds. Iser, Kec. Petarukan, Kab. Pemalang, Jawa Tengah   ', '-', 'user', 'SISWA'),
(896, 'ARIP YULIANTO', '2', '205472', '205472', '-', '-', 'PEMALANG', '0000-00-00', 'Ds. Iser, Kec. Petarukan, Kab. Pemalang, Jawa Tengah   ', '-', 'user', 'SISWA'),
(897, 'AUNDRA ISWANDI', '2', '205511', '205511', '-', '-', 'PEMALANG', '0000-00-00', 'Ds. Iser, Kec. Petarukan, Kab. Pemalang, Jawa Tengah   ', '-', 'user', 'SISWA'),
(898, 'BANIILA IBRAHIMOVIC', '2', '205438', '205438', '-', '-', 'PEMALANG', '0000-00-00', 'Ds. Iser, Kec. Petarukan, Kab. Pemalang, Jawa Tengah   ', '-', 'user', 'SISWA'),
(899, 'DAFA OKTA REZA', '2', '205512', '205512', '-', '-', 'PEMALANG', '0000-00-00', 'Ds. Iser, Kec. Petarukan, Kab. Pemalang, Jawa Tengah   ', '-', 'user', 'SISWA'),
(900, 'FA\'IZ MUBAROK', '2', '205552', '205552', '-', '-', 'PEMALANG', '0000-00-00', 'Ds. Iser, Kec. Petarukan, Kab. Pemalang, Jawa Tengah   ', '-', 'user', 'SISWA'),
(901, 'FICO FIRMANDA', '2', '205555', '205555', '-', '-', 'PEMALANG', '0000-00-00', 'Ds. Iser, Kec. Petarukan, Kab. Pemalang, Jawa Tengah   ', '-', 'user', 'SISWA'),
(902, 'GILANG AUDI REFIAN', '2', '205520', '205520', '-', '-', 'PEMALANG', '0000-00-00', 'Ds. Iser, Kec. Petarukan, Kab. Pemalang, Jawa Tengah   ', '-', 'user', 'SISWA'),
(903, 'GITO PURNOMO', '2', '205445', '205445', '-', '-', 'PEMALANG', '0000-00-00', 'Ds. Iser, Kec. Petarukan, Kab. Pemalang, Jawa Tengah   ', '-', 'user', 'SISWA'),
(904, 'MAWANG SUGIONO', '2', '205449', '205449', '-', '-', 'PEMALANG', '0000-00-00', 'Ds. Iser, Kec. Petarukan, Kab. Pemalang, Jawa Tengah   ', '-', 'user', 'SISWA'),
(905, 'MUHAMAD RIZKI SANDIKA PRADANA', '2', '205529', '205529', '-', '-', 'PEMALANG', '0000-00-00', 'Ds. Iser, Kec. Petarukan, Kab. Pemalang, Jawa Tengah   ', '-', 'user', 'SISWA'),
(906, 'MUHAMMAD ARFAN FAKHREZA', '2', '205531', '205531', '-', '-', 'PEMALANG', '0000-00-00', 'Ds. Iser, Kec. Petarukan, Kab. Pemalang, Jawa Tengah   ', '-', 'user', 'SISWA'),
(907, 'MUHAMMAD DAVIN BRILIANSYAH', '2', '205453', '205453', '-', '-', 'PEMALANG', '0000-00-00', 'Ds. Iser, Kec. Petarukan, Kab. Pemalang, Jawa Tengah   ', '-', 'user', 'SISWA'),
(908, 'MUHAMMAD RIFKI JULIANTO', '2', '205563', '205563', '-', '-', 'PEMALANG', '0000-00-00', 'Ds. Iser, Kec. Petarukan, Kab. Pemalang, Jawa Tengah   ', '-', 'user', 'SISWA'),
(909, 'MURRENO BARANI FAJAR', '2', '205565', '205565', '-', '-', 'PEMALANG', '0000-00-00', 'Ds. Iser, Kec. Petarukan, Kab. Pemalang, Jawa Tengah   ', '-', 'user', 'SISWA'),
(910, 'MUTIARA SHANNEN AQEELA', '2', '205454', '205454', '-', '-', 'PEMALANG', '0000-00-00', 'Ds. Iser, Kec. Petarukan, Kab. Pemalang, Jawa Tengah   ', '-', 'user', 'SISWA'),
(911, 'NUR ARIZKY', '2', '205491', '205491', '-', '-', 'PEMALANG', '0000-00-00', 'Ds. Iser, Kec. Petarukan, Kab. Pemalang, Jawa Tengah   ', '-', 'user', 'SISWA'),
(912, 'NURIKHSAN', '2', '205455', '205455', '-', '-', 'PEMALANG', '0000-00-00', 'Ds. Iser, Kec. Petarukan, Kab. Pemalang, Jawa Tengah   ', '-', 'user', 'SISWA'),
(913, 'PUTRA ROSIANO RAZAQ', '2', '205568', '205568', '-', '-', 'PEMALANG', '0000-00-00', 'Ds. Iser, Kec. Petarukan, Kab. Pemalang, Jawa Tengah   ', '-', 'user', 'SISWA'),
(914, 'RAFI RAMADHANI', '2', '205456', '205456', '-', '-', 'PEMALANG', '0000-00-00', 'Ds. Iser, Kec. Petarukan, Kab. Pemalang, Jawa Tengah   ', '-', 'user', 'SISWA'),
(915, 'RAMA PAMBAYUN KAMAJAYA ALAMIN', '2', '205534', '205534', '-', '-', 'PEMALANG', '0000-00-00', 'Ds. Iser, Kec. Petarukan, Kab. Pemalang, Jawa Tengah   ', '-', 'user', 'SISWA'),
(916, 'RASYID AR RAFI\'I', '2', '205497', '205497', '-', '-', 'PEMALANG', '0000-00-00', 'Ds. Iser, Kec. Petarukan, Kab. Pemalang, Jawa Tengah   ', '-', 'user', 'SISWA'),
(917, 'REVINO ENGGAR PRAKOSO', '2', '205458', '205458', '-', '-', 'PEMALANG', '0000-00-00', 'Ds. Iser, Kec. Petarukan, Kab. Pemalang, Jawa Tengah   ', '-', 'user', 'SISWA'),
(918, 'REZA AL  DZAKI', '2', '205498', '205498', '-', '-', 'PEMALANG', '0000-00-00', 'Ds. Iser, Kec. Petarukan, Kab. Pemalang, Jawa Tengah   ', '-', 'user', 'SISWA'),
(919, 'RIZQI WAHYU NUGROHO', '2', '205536', '205536', '-', '-', 'PEMALANG', '0000-00-00', 'Ds. Iser, Kec. Petarukan, Kab. Pemalang, Jawa Tengah   ', '-', 'user', 'SISWA'),
(920, 'RONAL INDRA PRATAMA', '2', '205461', '205461', '-', '-', 'PEMALANG', '0000-00-00', 'Ds. Iser, Kec. Petarukan, Kab. Pemalang, Jawa Tengah   ', '-', 'user', 'SISWA'),
(921, 'SLAMET WAHYUDI', '2', '205500', '205500', '-', '-', 'PEMALANG', '0000-00-00', 'Ds. Iser, Kec. Petarukan, Kab. Pemalang, Jawa Tengah   ', '-', 'user', 'SISWA'),
(922, 'VIDI VIRGIAN', '2', '205466', '205466', '-', '-', 'PEMALANG', '0000-00-00', 'Ds. Iser, Kec. Petarukan, Kab. Pemalang, Jawa Tengah   ', '-', 'user', 'SISWA'),
(923, 'ABIM GAGAH SATRIA', '2', '205504', '205504', '-', '-', 'PEMALANG', '0000-00-00', 'Ds. Iser, Kec. Petarukan, Kab. Pemalang, Jawa Tengah   ', '-', 'user', 'SISWA'),
(924, 'ADI SAFRUDIN', '2', '205430', '205430', '-', '-', 'PEMALANG', '0000-00-00', 'Ds. Iser, Kec. Petarukan, Kab. Pemalang, Jawa Tengah   ', '-', 'user', 'SISWA'),
(925, 'ADITIYA FIRMANSYAH ', '2', '205541', '205541', '-', '-', 'PEMALANG', '0000-00-00', 'Ds. Iser, Kec. Petarukan, Kab. Pemalang, Jawa Tengah   ', '-', 'user', 'SISWA'),
(926, 'ADNAN MUKHOLIF', '2', '205433', '205433', '-', '-', 'PEMALANG', '0000-00-00', 'Ds. Iser, Kec. Petarukan, Kab. Pemalang, Jawa Tengah   ', '-', 'user', 'SISWA'),
(927, 'ALFIAN BAIHAQI', '2', '205434', '205434', '-', '-', 'PEMALANG', '0000-00-00', 'Ds. Iser, Kec. Petarukan, Kab. Pemalang, Jawa Tengah   ', '-', 'user', 'SISWA'),
(928, 'ARISKI SETIA RAMADHAN', '2', '205436', '205436', '-', '-', 'PEMALANG', '0000-00-00', 'Ds. Iser, Kec. Petarukan, Kab. Pemalang, Jawa Tengah   ', '-', 'user', 'SISWA'),
(929, 'BAGAS FEBRIAN', '2', '205473', '205473', '-', '-', 'PEMALANG', '0000-00-00', 'Ds. Iser, Kec. Petarukan, Kab. Pemalang, Jawa Tengah   ', '-', 'user', 'SISWA'),
(930, 'BAGUS YULIANSYAH', '2', '205437', '205437', '-', '-', 'PEMALANG', '0000-00-00', 'Ds. Iser, Kec. Petarukan, Kab. Pemalang, Jawa Tengah   ', '-', 'user', 'SISWA'),
(931, 'BAYU KARTIKO', '2', '205439', '205439', '-', '-', 'PEMALANG', '0000-00-00', 'Ds. Iser, Kec. Petarukan, Kab. Pemalang, Jawa Tengah   ', '-', 'user', 'SISWA'),
(932, 'CANDRA TANGGUH MAULANA', '2', '205547', '205547', '-', '-', 'PEMALANG', '0000-00-00', 'Ds. Iser, Kec. Petarukan, Kab. Pemalang, Jawa Tengah   ', '-', 'user', 'SISWA'),
(933, 'DIAZ HAMKA', '2', '205474', '205474', '-', '-', 'PEMALANG', '0000-00-00', 'Ds. Iser, Kec. Petarukan, Kab. Pemalang, Jawa Tengah   ', '-', 'user', 'SISWA'),
(934, 'DILAEKA RYAN PERTAMA', '2', '205550', '205550', '-', '-', 'PEMALANG', '0000-00-00', 'Ds. Iser, Kec. Petarukan, Kab. Pemalang, Jawa Tengah   ', '-', 'user', 'SISWA'),
(935, 'DIO DWI SETIAWAN', '2', '205440', '205440', '-', '-', 'PEMALANG', '0000-00-00', 'Ds. Iser, Kec. Petarukan, Kab. Pemalang, Jawa Tengah   ', '-', 'user', 'SISWA'),
(936, 'DIYAS ADE SYAHPUTRA', '2', '205441', '205441', '-', '-', 'PEMALANG', '0000-00-00', 'Ds. Iser, Kec. Petarukan, Kab. Pemalang, Jawa Tengah   ', '-', 'user', 'SISWA'),
(937, 'FAKHRI EKA RAMADONI', '2', '205553', '205553', '-', '-', 'PEMALANG', '0000-00-00', 'Ds. Iser, Kec. Petarukan, Kab. Pemalang, Jawa Tengah   ', '-', 'user', 'SISWA'),
(938, 'FARADINA ASMARANI ', '2', '205476', '205476', '-', '-', 'PEMALANG', '0000-00-00', 'Ds. Iser, Kec. Petarukan, Kab. Pemalang, Jawa Tengah   ', '-', 'user', 'SISWA'),
(939, 'FIRMAN SANTOSO', '2', '205519', '205519', '-', '-', 'PEMALANG', '0000-00-00', 'Ds. Iser, Kec. Petarukan, Kab. Pemalang, Jawa Tengah   ', '-', 'user', 'SISWA'),
(940, 'GALANG PRASTIYO', '2', '205477', '205477', '-', '-', 'PEMALANG', '0000-00-00', 'Ds. Iser, Kec. Petarukan, Kab. Pemalang, Jawa Tengah   ', '-', 'user', 'SISWA'),
(941, 'HUDA FAZA ADHIMA', '2', '205558', '205558', '-', '-', 'PEMALANG', '0000-00-00', 'Ds. Iser, Kec. Petarukan, Kab. Pemalang, Jawa Tengah   ', '-', 'user', 'SISWA'),
(942, 'IQBAL BAGAS RAMADON MAULANA', '2', '205522', '205522', '-', '-', 'PEMALANG', '0000-00-00', 'Ds. Iser, Kec. Petarukan, Kab. Pemalang, Jawa Tengah   ', '-', 'user', 'SISWA'),
(943, 'KHAIRUL UMAM', '2', '205526', '205526', '-', '-', 'PEMALANG', '0000-00-00', 'Ds. Iser, Kec. Petarukan, Kab. Pemalang, Jawa Tengah   ', '-', 'user', 'SISWA'),
(944, 'MUH ABI  ALFARIZI', '2', '205560', '205560', '-', '-', 'PEMALANG', '0000-00-00', 'Ds. Iser, Kec. Petarukan, Kab. Pemalang, Jawa Tengah   ', '-', 'user', 'SISWA'),
(945, 'MUHAMAD GILANG RAMADAN', '2', '205561', '205561', '-', '-', 'PEMALANG', '0000-00-00', 'Ds. Iser, Kec. Petarukan, Kab. Pemalang, Jawa Tengah   ', '-', 'user', 'SISWA'),
(946, 'MUHAMAD VIKRI SEPTRIANSYAH', '2', '205486', '205486', '-', '-', 'PEMALANG', '0000-00-00', 'Ds. Iser, Kec. Petarukan, Kab. Pemalang, Jawa Tengah   ', '-', 'user', 'SISWA'),
(947, 'MUHAMMAD AJI NUR MUSTOFA', '2', '205488', '205488', '-', '-', 'PEMALANG', '0000-00-00', 'Ds. Iser, Kec. Petarukan, Kab. Pemalang, Jawa Tengah   ', '-', 'user', 'SISWA'),
(948, 'NOVAL TUBAGUS ARDIANSYAH', '2', '205489', '205489', '-', '-', 'PEMALANG', '0000-00-00', 'Ds. Iser, Kec. Petarukan, Kab. Pemalang, Jawa Tengah   ', '-', 'user', 'SISWA'),
(949, 'NUR AFIFAH AULIA', '2', '205490', '205490', '-', '-', 'PEMALANG', '0000-00-00', 'Ds. Iser, Kec. Petarukan, Kab. Pemalang, Jawa Tengah   ', '-', 'user', 'SISWA'),
(950, 'OBBY FIRDIODAN', '2', '205567', '205567', '-', '-', 'PEMALANG', '0000-00-00', 'Ds. Iser, Kec. Petarukan, Kab. Pemalang, Jawa Tengah   ', '-', 'user', 'SISWA'),
(951, 'RAKA ADITYA', '2', '205569', '205569', '-', '-', 'PEMALANG', '0000-00-00', 'Ds. Iser, Kec. Petarukan, Kab. Pemalang, Jawa Tengah   ', '-', 'user', 'SISWA'),
(952, 'REHAN PRASETYO', '2', '205535', '205535', '-', '-', 'PEMALANG', '0000-00-00', 'Ds. Iser, Kec. Petarukan, Kab. Pemalang, Jawa Tengah   ', '-', 'user', 'SISWA'),
(953, 'RIZAL KURNIAWAN', '2', '205499', '205499', '-', '-', 'PEMALANG', '0000-00-00', 'Ds. Iser, Kec. Petarukan, Kab. Pemalang, Jawa Tengah   ', '-', 'user', 'SISWA'),
(954, 'SATRIYO ARDIANTO', '2', '205573', '205573', '-', '-', 'PEMALANG', '0000-00-00', 'Ds. Iser, Kec. Petarukan, Kab. Pemalang, Jawa Tengah   ', '-', 'user', 'SISWA'),
(955, 'SIVAUL JINAN', '2', '205538', '205538', '-', '-', 'PEMALANG', '0000-00-00', 'Ds. Iser, Kec. Petarukan, Kab. Pemalang, Jawa Tengah   ', '-', 'user', 'SISWA'),
(956, 'TEGAR PRAMUJO', '2', '205501', '205501', '-', '-', 'PEMALANG', '0000-00-00', 'Ds. Iser, Kec. Petarukan, Kab. Pemalang, Jawa Tengah   ', '-', 'user', 'SISWA'),
(957, 'WISNU ARDIANSYAH', '2', '205503', '205503', '-', '-', 'PEMALANG', '0000-00-00', 'Ds. Iser, Kec. Petarukan, Kab. Pemalang, Jawa Tengah   ', '-', 'user', 'SISWA'),
(958, 'ZANUAR WIJAYA ', '2', '205539', '205539', '-', '-', 'PEMALANG', '0000-00-00', 'Ds. Iser, Kec. Petarukan, Kab. Pemalang, Jawa Tengah   ', '-', 'user', 'SISWA'),
(959, 'ADITYA PRATAMA', '2', '205506', '205506', '-', '-', 'PEMALANG', '0000-00-00', 'Ds. Iser, Kec. Petarukan, Kab. Pemalang, Jawa Tengah   ', '-', 'user', 'SISWA'),
(960, 'ALFIANSYAH ADISTA SAPUTRA', '2', '205469', '205469', '-', '-', 'PEMALANG', '0000-00-00', 'Ds. Iser, Kec. Petarukan, Kab. Pemalang, Jawa Tengah   ', '-', 'user', 'SISWA'),
(961, 'AMIRUL MUTAALIF', '2', '205544', '205544', '-', '-', 'PEMALANG', '0000-00-00', 'Ds. Iser, Kec. Petarukan, Kab. Pemalang, Jawa Tengah   ', '-', 'user', 'SISWA'),
(962, 'ANANDA RENDY ALFARIZI ', '2', '205545', '205545', '-', '-', 'PEMALANG', '0000-00-00', 'Ds. Iser, Kec. Petarukan, Kab. Pemalang, Jawa Tengah   ', '-', 'user', 'SISWA'),
(963, 'DAVID ALFAJRI SETIAWAN', '2', '205513', '205513', '-', '-', 'PEMALANG', '0000-00-00', 'Ds. Iser, Kec. Petarukan, Kab. Pemalang, Jawa Tengah   ', '-', 'user', 'SISWA'),
(964, 'EKA SETYO RAMADHAN', '2', '205551', '205551', '-', '-', 'PEMALANG', '0000-00-00', 'Ds. Iser, Kec. Petarukan, Kab. Pemalang, Jawa Tengah   ', '-', 'user', 'SISWA'),
(965, 'FAHRI AKBAR ALFARIZI', '2', '205515', '205515', '-', '-', 'PEMALANG', '0000-00-00', 'Ds. Iser, Kec. Petarukan, Kab. Pemalang, Jawa Tengah   ', '-', 'user', 'SISWA'),
(966, 'FAJAR KURNIADI', '2', '205475', '205475', '-', '-', 'PEMALANG', '0000-00-00', 'Ds. Iser, Kec. Petarukan, Kab. Pemalang, Jawa Tengah   ', '-', 'user', 'SISWA'),
(967, 'FAREL ADI ROMANSAH', '2', '205554', '205554', '-', '-', 'PEMALANG', '0000-00-00', 'Ds. Iser, Kec. Petarukan, Kab. Pemalang, Jawa Tengah   ', '-', 'user', 'SISWA'),
(968, 'FARIZ RIZKI ARDANA', '2', '205442', '205442', '-', '-', 'PEMALANG', '0000-00-00', 'Ds. Iser, Kec. Petarukan, Kab. Pemalang, Jawa Tengah   ', '-', 'user', 'SISWA'),
(969, 'FEBRIAN SAPUTRA PRAMATA', '2', '205443', '205443', '-', '-', 'PEMALANG', '0000-00-00', 'Ds. Iser, Kec. Petarukan, Kab. Pemalang, Jawa Tengah   ', '-', 'user', 'SISWA'),
(970, 'FERI AFRIZAL', '2', '205444', '205444', '-', '-', 'PEMALANG', '0000-00-00', 'Ds. Iser, Kec. Petarukan, Kab. Pemalang, Jawa Tengah   ', '-', 'user', 'SISWA'),
(971, 'FIRDAUS MARGIANTO RAHAYU', '2', '205556', '205556', '-', '-', 'PEMALANG', '0000-00-00', 'Ds. Iser, Kec. Petarukan, Kab. Pemalang, Jawa Tengah   ', '-', 'user', 'SISWA'),
(972, 'GANESHA FAJARATMOJO', '2', '205557', '205557', '-', '-', 'PEMALANG', '0000-00-00', 'Ds. Iser, Kec. Petarukan, Kab. Pemalang, Jawa Tengah   ', '-', 'user', 'SISWA'),
(973, 'IDZAL NURFA THURONI', '2', '205521', '205521', '-', '-', 'PEMALANG', '0000-00-00', 'Ds. Iser, Kec. Petarukan, Kab. Pemalang, Jawa Tengah   ', '-', 'user', 'SISWA'),
(974, 'IKMALUL ARKAN', '2', '205479', '205479', '-', '-', 'PEMALANG', '0000-00-00', 'Ds. Iser, Kec. Petarukan, Kab. Pemalang, Jawa Tengah   ', '-', 'user', 'SISWA'),
(975, 'ILHAM ZIYADATUL CHOIR', '2', '205480', '205480', '-', '-', 'PEMALANG', '0000-00-00', 'Ds. Iser, Kec. Petarukan, Kab. Pemalang, Jawa Tengah   ', '-', 'user', 'SISWA'),
(976, 'IRSYAD AL BARIZY', '2', '205446', '205446', '-', '-', 'PEMALANG', '0000-00-00', 'Ds. Iser, Kec. Petarukan, Kab. Pemalang, Jawa Tengah   ', '-', 'user', 'SISWA'),
(977, 'IRWAN AL MU\'MIN', '2', '205447', '205447', '-', '-', 'PEMALANG', '0000-00-00', 'Ds. Iser, Kec. Petarukan, Kab. Pemalang, Jawa Tengah   ', '-', 'user', 'SISWA'),
(978, 'KHAERUL ANAM', '2', '205525', '205525', '-', '-', 'PEMALANG', '0000-00-00', 'Ds. Iser, Kec. Petarukan, Kab. Pemalang, Jawa Tengah   ', '-', 'user', 'SISWA'),
(979, 'MAHMILUDIN ALFIAN', '2', '205482', '205482', '-', '-', 'PEMALANG', '0000-00-00', 'Ds. Iser, Kec. Petarukan, Kab. Pemalang, Jawa Tengah   ', '-', 'user', 'SISWA'),
(980, 'MARCELL FRIZZI FIRMANSYAH', '2', '205448', '205448', '-', '-', 'PEMALANG', '0000-00-00', 'Ds. Iser, Kec. Petarukan, Kab. Pemalang, Jawa Tengah   ', '-', 'user', 'SISWA'),
(981, 'MIRZA HENDI YANSAH', '2', '205559', '205559', '-', '-', 'PEMALANG', '0000-00-00', 'Ds. Iser, Kec. Petarukan, Kab. Pemalang, Jawa Tengah   ', '-', 'user', 'SISWA'),
(982, 'MUHAMAD FARHAN', '2', '205450', '205450', '-', '-', 'PEMALANG', '0000-00-00', 'Ds. Iser, Kec. Petarukan, Kab. Pemalang, Jawa Tengah   ', '-', 'user', 'SISWA'),
(983, 'MUHAMMAD ALFINNUR', '2', '205452', '205452', '-', '-', 'PEMALANG', '0000-00-00', 'Ds. Iser, Kec. Petarukan, Kab. Pemalang, Jawa Tengah   ', '-', 'user', 'SISWA'),
(984, 'MUHAMMAD FADILAH AMRI', '2', '205532', '205532', '-', '-', 'PEMALANG', '0000-00-00', 'Ds. Iser, Kec. Petarukan, Kab. Pemalang, Jawa Tengah   ', '-', 'user', 'SISWA'),
(985, 'MUZAENI AL HUDA', '2', '205566', '205566', '-', '-', 'PEMALANG', '0000-00-00', 'Ds. Iser, Kec. Petarukan, Kab. Pemalang, Jawa Tengah   ', '-', 'user', 'SISWA'),
(986, 'PUGUH PRIHANDOKO', '2', '205494', '205494', '-', '-', 'PEMALANG', '0000-00-00', 'Ds. Iser, Kec. Petarukan, Kab. Pemalang, Jawa Tengah   ', '-', 'user', 'SISWA'),
(987, 'PUTRA RAMADHANI', '2', '205495', '205495', '-', '-', 'PEMALANG', '0000-00-00', 'Ds. Iser, Kec. Petarukan, Kab. Pemalang, Jawa Tengah   ', '-', 'user', 'SISWA'),
(988, 'RADIT MAHESA WIDYANTO', '2', '205533', '205533', '-', '-', 'PEMALANG', '0000-00-00', 'Ds. Iser, Kec. Petarukan, Kab. Pemalang, Jawa Tengah   ', '-', 'user', 'SISWA'),
(989, 'RAMA FAID', '2', '205496', '205496', '-', '-', 'PEMALANG', '0000-00-00', 'Ds. Iser, Kec. Petarukan, Kab. Pemalang, Jawa Tengah   ', '-', 'user', 'SISWA'),
(990, 'ROHMAN AFIDO', '2', '205571', '205571', '-', '-', 'PEMALANG', '0000-00-00', 'Ds. Iser, Kec. Petarukan, Kab. Pemalang, Jawa Tengah   ', '-', 'user', 'SISWA'),
(991, 'SETYVANO MAULANA AKBAR', '2', '205537', '205537', '-', '-', 'PEMALANG', '0000-00-00', 'Ds. Iser, Kec. Petarukan, Kab. Pemalang, Jawa Tengah   ', '-', 'user', 'SISWA'),
(992, 'WAHYU ARIYANTO', '2', '205502', '205502', '-', '-', 'PEMALANG', '0000-00-00', 'Ds. Iser, Kec. Petarukan, Kab. Pemalang, Jawa Tengah   ', '-', 'user', 'SISWA'),
(993, 'ADITIA', '2', '205432', '205432', '-', '-', 'PEMALANG', '0000-00-00', 'Ds. Iser, Kec. Petarukan, Kab. Pemalang, Jawa Tengah   ', '-', 'user', 'SISWA'),
(994, 'AGUS PRASETYO WIBOWO', '2', '205507', '205507', '-', '-', 'PEMALANG', '0000-00-00', 'Ds. Iser, Kec. Petarukan, Kab. Pemalang, Jawa Tengah   ', '-', 'user', 'SISWA'),
(995, 'AKBAR DIONO', '2', '205508', '205508', '-', '-', 'PEMALANG', '0000-00-00', 'Ds. Iser, Kec. Petarukan, Kab. Pemalang, Jawa Tengah   ', '-', 'user', 'SISWA'),
(996, 'ANANG SETIAWAN', '2', '205471', '205471', '-', '-', 'PEMALANG', '0000-00-00', 'Ds. Iser, Kec. Petarukan, Kab. Pemalang, Jawa Tengah   ', '-', 'user', 'SISWA'),
(997, 'ANDRA GILANG PRATAMA', '2', '205546', '205546', '-', '-', 'PEMALANG', '0000-00-00', 'Ds. Iser, Kec. Petarukan, Kab. Pemalang, Jawa Tengah   ', '-', 'user', 'SISWA'),
(998, 'ANGGITA AULIA RINJANI', '2', '205435', '205435', '-', '-', 'PEMALANG', '0000-00-00', 'Ds. Iser, Kec. Petarukan, Kab. Pemalang, Jawa Tengah   ', '-', 'user', 'SISWA'),
(999, 'ARUNG JANUARI PRASOJO', '2', '205510', '205510', '-', '-', 'PEMALANG', '0000-00-00', 'Ds. Iser, Kec. Petarukan, Kab. Pemalang, Jawa Tengah   ', '-', 'user', 'SISWA'),
(1000, 'DAVID SETIAWAN ', '2', '205548', '205548', '-', '-', 'PEMALANG', '0000-00-00', 'Ds. Iser, Kec. Petarukan, Kab. Pemalang, Jawa Tengah   ', '-', 'user', 'SISWA'),
(1001, 'DIDAN RIZKI PRIANTO', '2', '205549', '205549', '-', '-', 'PEMALANG', '0000-00-00', 'Ds. Iser, Kec. Petarukan, Kab. Pemalang, Jawa Tengah   ', '-', 'user', 'SISWA'),
(1002, 'DIMAS ADITYA', '2', '205514', '205514', '-', '-', 'PEMALANG', '0000-00-00', 'Ds. Iser, Kec. Petarukan, Kab. Pemalang, Jawa Tengah   ', '-', 'user', 'SISWA'),
(1003, 'FAHRI RAMADHAN', '2', '205516', '205516', '-', '-', 'PEMALANG', '0000-00-00', 'Ds. Iser, Kec. Petarukan, Kab. Pemalang, Jawa Tengah   ', '-', 'user', 'SISWA'),
(1004, 'FAIZ NOVIAN ARDIANSYAH ', '2', '205517', '205517', '-', '-', 'PEMALANG', '0000-00-00', 'Ds. Iser, Kec. Petarukan, Kab. Pemalang, Jawa Tengah   ', '-', 'user', 'SISWA'),
(1005, 'FARDHAN AHMAD FADILLAH', '2', '205518', '205518', '-', '-', 'PEMALANG', '0000-00-00', 'Ds. Iser, Kec. Petarukan, Kab. Pemalang, Jawa Tengah   ', '-', 'user', 'SISWA'),
(1006, 'JANUAR AZIZ SYAHPUTRA', '2', '205524', '205524', '-', '-', 'PEMALANG', '0000-00-00', 'Ds. Iser, Kec. Petarukan, Kab. Pemalang, Jawa Tengah   ', '-', 'user', 'SISWA'),
(1007, 'MARVEL RADIT MAULANA', '2', '205527', '205527', '-', '-', 'PEMALANG', '0000-00-00', 'Ds. Iser, Kec. Petarukan, Kab. Pemalang, Jawa Tengah   ', '-', 'user', 'SISWA'),
(1008, 'MOHAMAD RIF\'AN ZULFI', '2', '205483', '205483', '-', '-', 'PEMALANG', '0000-00-00', 'Ds. Iser, Kec. Petarukan, Kab. Pemalang, Jawa Tengah   ', '-', 'user', 'SISWA'),
(1009, 'MUHAMAD ALFATUROHMAN AZIZ', '2', '205484', '205484', '-', '-', 'PEMALANG', '0000-00-00', 'Ds. Iser, Kec. Petarukan, Kab. Pemalang, Jawa Tengah   ', '-', 'user', 'SISWA'),
(1010, 'MUHAMAD KAMALUDIN', '2', '205485', '205485', '-', '-', 'PEMALANG', '0000-00-00', 'Ds. Iser, Kec. Petarukan, Kab. Pemalang, Jawa Tengah   ', '-', 'user', 'SISWA'),
(1011, 'MUHAMMAD AFRIZA ZAINUL FATWA', '2', '205487', '205487', '-', '-', 'PEMALANG', '0000-00-00', 'Ds. Iser, Kec. Petarukan, Kab. Pemalang, Jawa Tengah   ', '-', 'user', 'SISWA'),
(1012, 'MUHAMMAD NAJIH IMTIHANI', '2', '205562', '205562', '-', '-', 'PEMALANG', '0000-00-00', 'Ds. Iser, Kec. Petarukan, Kab. Pemalang, Jawa Tengah   ', '-', 'user', 'SISWA'),
(1013, 'MUHAMMAD SAHRUL JAMALUDIN', '2', '205564', '205564', '-', '-', 'PEMALANG', '0000-00-00', 'Ds. Iser, Kec. Petarukan, Kab. Pemalang, Jawa Tengah   ', '-', 'user', 'SISWA'),
(1014, 'NUR SALIM', '2', '205492', '205492', '-', '-', 'PEMALANG', '0000-00-00', 'Ds. Iser, Kec. Petarukan, Kab. Pemalang, Jawa Tengah   ', '-', 'user', 'SISWA'),
(1015, 'PASHA MAULANA SEJATI', '2', '205493', '205493', '-', '-', 'PEMALANG', '0000-00-00', 'Ds. Iser, Kec. Petarukan, Kab. Pemalang, Jawa Tengah   ', '-', 'user', 'SISWA'),
(1016, 'RAFKA NUR ALIF', '2', '205457', '205457', '-', '-', 'PEMALANG', '0000-00-00', 'Ds. Iser, Kec. Petarukan, Kab. Pemalang, Jawa Tengah   ', '-', 'user', 'SISWA'),
(1017, 'RAVA ADITIA SAPUTRA', '2', '205570', '205570', '-', '-', 'PEMALANG', '0000-00-00', 'Ds. Iser, Kec. Petarukan, Kab. Pemalang, Jawa Tengah   ', '-', 'user', 'SISWA'),
(1018, 'RISKI HARYANTO', '2', '205459', '205459', '-', '-', 'PEMALANG', '0000-00-00', 'Ds. Iser, Kec. Petarukan, Kab. Pemalang, Jawa Tengah   ', '-', 'user', 'SISWA'),
(1019, 'RIZIK DIANSAH', '2', '205460', '205460', '-', '-', 'PEMALANG', '0000-00-00', 'Ds. Iser, Kec. Petarukan, Kab. Pemalang, Jawa Tengah   ', '-', 'user', 'SISWA'),
(1020, 'SANDY SUGIARTO', '2', '205462', '205462', '-', '-', 'PEMALANG', '0000-00-00', 'Ds. Iser, Kec. Petarukan, Kab. Pemalang, Jawa Tengah   ', '-', 'user', 'SISWA'),
(1021, 'SATRIA MALIQ RAMADHAN', '2', '205572', '205572', '-', '-', 'PEMALANG', '0000-00-00', 'Ds. Iser, Kec. Petarukan, Kab. Pemalang, Jawa Tengah   ', '-', 'user', 'SISWA'),
(1022, 'TANSAH AGIL KINASIH', '2', '205463', '205463', '-', '-', 'PEMALANG', '0000-00-00', 'Ds. Iser, Kec. Petarukan, Kab. Pemalang, Jawa Tengah   ', '-', 'user', 'SISWA'),
(1023, 'ULFATUS SOLEKHAH', '2', '205464', '205464', '-', '-', 'PEMALANG', '0000-00-00', 'Ds. Iser, Kec. Petarukan, Kab. Pemalang, Jawa Tengah   ', '-', 'user', 'SISWA'),
(1024, 'VALID DWI AGUSTINO', '2', '205465', '205465', '-', '-', 'PEMALANG', '0000-00-00', 'Ds. Iser, Kec. Petarukan, Kab. Pemalang, Jawa Tengah   ', '-', 'user', 'SISWA'),
(1025, 'VIRDAN PRASETYO AJI', '2', '205574', '205574', '-', '-', 'PEMALANG', '0000-00-00', 'Ds. Iser, Kec. Petarukan, Kab. Pemalang, Jawa Tengah   ', '-', 'user', 'SISWA'),
(1026, 'WISNU MUHAMMAD RAMADHAN', '2', '205575', '205575', '-', '-', 'PEMALANG', '0000-00-00', 'Ds. Iser, Kec. Petarukan, Kab. Pemalang, Jawa Tengah   ', '-', 'user', 'SISWA'),
(1027, 'WULAN CANTIKA', '2', '205467', '205467', '-', '-', 'PEMALANG', '0000-00-00', 'Ds. Iser, Kec. Petarukan, Kab. Pemalang, Jawa Tengah   ', '-', 'user', 'SISWA'),
(1028, 'AHMAD ARIFIN ', '2', '303372', '303372', '-', '-', 'PEMALANG', '0000-00-00', 'Ds. Iser, Kec. Petarukan, Kab. Pemalang, Jawa Tengah   ', '-', 'user', 'SISWA'),
(1029, 'AHMAD RIFAI HANUNG SAPUTRA', '2', '303413', '303413', '-', '-', 'PEMALANG', '0000-00-00', 'Ds. Iser, Kec. Petarukan, Kab. Pemalang, Jawa Tengah   ', '-', 'user', 'SISWA'),
(1030, 'ALFIAN ATHALARIK', '2', '303414', '303414', '-', '-', 'PEMALANG', '0000-00-00', 'Ds. Iser, Kec. Petarukan, Kab. Pemalang, Jawa Tengah   ', '-', 'user', 'SISWA'),
(1031, 'ANDHIKA EKA SETIAWAN', '2', '303293', '303293', '-', '-', 'PEMALANG', '0000-00-00', 'Ds. Iser, Kec. Petarukan, Kab. Pemalang, Jawa Tengah   ', '-', 'user', 'SISWA'),
(1032, 'ANDIKA PUTRA IDHAMSYAH', '2', '303417', '303417', '-', '-', 'PEMALANG', '0000-00-00', 'Ds. Iser, Kec. Petarukan, Kab. Pemalang, Jawa Tengah   ', '-', 'user', 'SISWA'),
(1033, 'ARDI KUSUMA', '2', '303418', '303418', '-', '-', 'PEMALANG', '0000-00-00', 'Ds. Iser, Kec. Petarukan, Kab. Pemalang, Jawa Tengah   ', '-', 'user', 'SISWA'),
(1034, 'BAYU AJI PRASETIO', '2', '303295', '303295', '-', '-', 'PEMALANG', '0000-00-00', 'Ds. Iser, Kec. Petarukan, Kab. Pemalang, Jawa Tengah   ', '-', 'user', 'SISWA'),
(1035, 'BUDI PURNOMO', '2', '303421', '303421', '-', '-', 'PEMALANG', '0000-00-00', 'Ds. Iser, Kec. Petarukan, Kab. Pemalang, Jawa Tengah   ', '-', 'user', 'SISWA'),
(1036, 'DAVID PRAYOGA', '2', '303296', '303296', '-', '-', 'PEMALANG', '0000-00-00', 'Ds. Iser, Kec. Petarukan, Kab. Pemalang, Jawa Tengah   ', '-', 'user', 'SISWA'),
(1037, 'DIMAS NUGI ADI SAPUTRA', '2', '303337', '303337', '-', '-', 'PEMALANG', '0000-00-00', 'Ds. Iser, Kec. Petarukan, Kab. Pemalang, Jawa Tengah   ', '-', 'user', 'SISWA'),
(1038, 'DIMAS RAKA PANGESTU', '2', '303451', '303451', '-', '-', 'PEMALANG', '0000-00-00', 'Ds. Iser, Kec. Petarukan, Kab. Pemalang, Jawa Tengah   ', '-', 'user', 'SISWA'),
(1039, 'DWI SUTRISMANTO', '2', '303425', '303425', '-', '-', 'PEMALANG', '0000-00-00', 'Ds. Iser, Kec. Petarukan, Kab. Pemalang, Jawa Tengah   ', '-', 'user', 'SISWA'),
(1040, 'DWIKA FEBRI ERDIYANTO', '2', '303426', '303426', '-', '-', 'PEMALANG', '0000-00-00', 'Ds. Iser, Kec. Petarukan, Kab. Pemalang, Jawa Tengah   ', '-', 'user', 'SISWA'),
(1041, 'ERLANG PANDU WINATA', '2', '303427', '303427', '-', '-', 'PEMALANG', '0000-00-00', 'Ds. Iser, Kec. Petarukan, Kab. Pemalang, Jawa Tengah   ', '-', 'user', 'SISWA'),
(1042, 'FAHMI MAULANA HAKIM', '2', '303385', '303385', '-', '-', 'PEMALANG', '0000-00-00', 'Ds. Iser, Kec. Petarukan, Kab. Pemalang, Jawa Tengah   ', '-', 'user', 'SISWA'),
(1043, 'FAIZ ALDIANSYAH', '2', '303429', '303429', '-', '-', 'PEMALANG', '0000-00-00', 'Ds. Iser, Kec. Petarukan, Kab. Pemalang, Jawa Tengah   ', '-', 'user', 'SISWA'),
(1044, 'FAJAR DESTA RATA', '2', '303341', '303341', '-', '-', 'PEMALANG', '0000-00-00', 'Ds. Iser, Kec. Petarukan, Kab. Pemalang, Jawa Tengah   ', '-', 'user', 'SISWA'),
(1045, 'FANDI AHMAD FATHONI', '2', '303299', '303299', '-', '-', 'PEMALANG', '0000-00-00', 'Ds. Iser, Kec. Petarukan, Kab. Pemalang, Jawa Tengah   ', '-', 'user', 'SISWA'),
(1046, 'FAUZAN ABDUL HAFID', '2', '303301', '303301', '-', '-', 'PEMALANG', '0000-00-00', 'Ds. Iser, Kec. Petarukan, Kab. Pemalang, Jawa Tengah   ', '-', 'user', 'SISWA'),
(1047, 'FEBRI WAHYU SURYA GENTA', '2', '303302', '303302', '-', '-', 'PEMALANG', '0000-00-00', 'Ds. Iser, Kec. Petarukan, Kab. Pemalang, Jawa Tengah   ', '-', 'user', 'SISWA'),
(1048, 'HARITS FADLUROHMAN', '2', '303303', '303303', '-', '-', 'PEMALANG', '0000-00-00', 'Ds. Iser, Kec. Petarukan, Kab. Pemalang, Jawa Tengah   ', '-', 'user', 'SISWA'),
(1049, 'IBEL FERDYAN DIKA', '2', '303346', '303346', '-', '-', 'PEMALANG', '0000-00-00', 'Ds. Iser, Kec. Petarukan, Kab. Pemalang, Jawa Tengah   ', '-', 'user', 'SISWA'),
(1050, 'IDRIS MAULANA PUTRA', '2', '303347', '303347', '-', '-', 'PEMALANG', '0000-00-00', 'Ds. Iser, Kec. Petarukan, Kab. Pemalang, Jawa Tengah   ', '-', 'user', 'SISWA'),
(1051, 'IKHSAN SETIAWAN', '2', '303304', '303304', '-', '-', 'PEMALANG', '0000-00-00', 'Ds. Iser, Kec. Petarukan, Kab. Pemalang, Jawa Tengah   ', '-', 'user', 'SISWA'),
(1052, 'IRFAN MUHTADIN', '2', '303387', '303387', '-', '-', 'PEMALANG', '0000-00-00', 'Ds. Iser, Kec. Petarukan, Kab. Pemalang, Jawa Tengah   ', '-', 'user', 'SISWA'),
(1053, 'MAMAN APDUL RAHMAN', '2', '303390', '303390', '-', '-', 'PEMALANG', '0000-00-00', 'Ds. Iser, Kec. Petarukan, Kab. Pemalang, Jawa Tengah   ', '-', 'user', 'SISWA'),
(1054, 'MARFIN', '2', '303435', '303435', '-', '-', 'PEMALANG', '0000-00-00', 'Ds. Iser, Kec. Petarukan, Kab. Pemalang, Jawa Tengah   ', '-', 'user', 'SISWA'),
(1055, 'MARLBERD RUDY REVALDO', '2', '303391', '303391', '-', '-', 'PEMALANG', '0000-00-00', 'Ds. Iser, Kec. Petarukan, Kab. Pemalang, Jawa Tengah   ', '-', 'user', 'SISWA'),
(1056, 'MOH.ASKA MAULANA ', '2', '303308', '303308', '-', '-', 'PEMALANG', '0000-00-00', 'Ds. Iser, Kec. Petarukan, Kab. Pemalang, Jawa Tengah   ', '-', 'user', 'SISWA'),
(1057, 'MUHAMAD IRHAM NAJMI KAMALUDIN', '2', '303437', '303437', '-', '-', 'PEMALANG', '0000-00-00', 'Ds. Iser, Kec. Petarukan, Kab. Pemalang, Jawa Tengah   ', '-', 'user', 'SISWA'),
(1058, 'MUHAMAD RAMADHAN', '2', '303354', '303354', '-', '-', 'PEMALANG', '0000-00-00', 'Ds. Iser, Kec. Petarukan, Kab. Pemalang, Jawa Tengah   ', '-', 'user', 'SISWA'),
(1059, 'MUHAMMAD RIZKI', '2', '303439', '303439', '-', '-', 'PEMALANG', '0000-00-00', 'Ds. Iser, Kec. Petarukan, Kab. Pemalang, Jawa Tengah   ', '-', 'user', 'SISWA'),
(1060, 'QOERUL AHMAD', '2', '303315', '303315', '-', '-', 'PEMALANG', '0000-00-00', 'Ds. Iser, Kec. Petarukan, Kab. Pemalang, Jawa Tengah   ', '-', 'user', 'SISWA'),
(1061, 'RAFI NURHIDAYAT', '2', '303363', '303363', '-', '-', 'PEMALANG', '0000-00-00', 'Ds. Iser, Kec. Petarukan, Kab. Pemalang, Jawa Tengah   ', '-', 'user', 'SISWA'),
(1062, 'RAHMAT HIDAYAT', '2', '303316', '303316', '-', '-', 'PEMALANG', '0000-00-00', 'Ds. Iser, Kec. Petarukan, Kab. Pemalang, Jawa Tengah   ', '-', 'user', 'SISWA'),
(1063, 'RAIHAN AHMAD FAREZI', '2', '303317', '303317', '-', '-', 'PEMALANG', '0000-00-00', 'Ds. Iser, Kec. Petarukan, Kab. Pemalang, Jawa Tengah   ', '-', 'user', 'SISWA'),
(1064, 'RENDY ALDIANSYAH ', '2', '303402', '303402', '-', '-', 'PEMALANG', '0000-00-00', 'Ds. Iser, Kec. Petarukan, Kab. Pemalang, Jawa Tengah   ', '-', 'user', 'SISWA'),
(1065, 'RESTU ARYA GUMILANG', '2', '303403', '303403', '-', '-', 'PEMALANG', '0000-00-00', 'Ds. Iser, Kec. Petarukan, Kab. Pemalang, Jawa Tengah   ', '-', 'user', 'SISWA'),
(1066, 'WIDHO ANGGIS SYAHDANA', '2', '303407', '303407', '-', '-', 'PEMALANG', '0000-00-00', 'Ds. Iser, Kec. Petarukan, Kab. Pemalang, Jawa Tengah   ', '-', 'user', 'SISWA'),
(1067, 'WILDAN SYAHRU RAMADHAN', '2', '303408', '303408', '-', '-', 'PEMALANG', '0000-00-00', 'Ds. Iser, Kec. Petarukan, Kab. Pemalang, Jawa Tengah   ', '-', 'user', 'SISWA'),
(1068, 'ADIB SANIE ISMAIL', '2', '303289', '303289', '-', '-', 'PEMALANG', '0000-00-00', 'Ds. Iser, Kec. Petarukan, Kab. Pemalang, Jawa Tengah   ', '-', 'user', 'SISWA'),
(1069, 'AHMAD RAYHAN', '2', '303374', '303374', '-', '-', 'PEMALANG', '0000-00-00', 'Ds. Iser, Kec. Petarukan, Kab. Pemalang, Jawa Tengah   ', '-', 'user', 'SISWA'),
(1070, 'AJI PANGESTU', '2', '303291', '303291', '-', '-', 'PEMALANG', '0000-00-00', 'Ds. Iser, Kec. Petarukan, Kab. Pemalang, Jawa Tengah   ', '-', 'user', 'SISWA'),
(1071, 'ALIFFIAN PRADA SETIAJI', '2', '303292', '303292', '-', '-', 'PEMALANG', '0000-00-00', 'Ds. Iser, Kec. Petarukan, Kab. Pemalang, Jawa Tengah   ', '-', 'user', 'SISWA'),
(1072, 'ALVANO FAIRUS NIZAM', '2', '303375', '303375', '-', '-', 'PEMALANG', '0000-00-00', 'Ds. Iser, Kec. Petarukan, Kab. Pemalang, Jawa Tengah   ', '-', 'user', 'SISWA'),
(1073, 'ARFIN FEGIANTO', '2', '303376', '303376', '-', '-', 'PEMALANG', '0000-00-00', 'Ds. Iser, Kec. Petarukan, Kab. Pemalang, Jawa Tengah   ', '-', 'user', 'SISWA'),
(1074, 'ARYA DWI SAPUTRA ', '2', '303377', '303377', '-', '-', 'PEMALANG', '0000-00-00', 'Ds. Iser, Kec. Petarukan, Kab. Pemalang, Jawa Tengah   ', '-', 'user', 'SISWA'),
(1075, 'AUFAL MUKHLISIN AKHSAN', '2', '303379', '303379', '-', '-', 'PEMALANG', '0000-00-00', 'Ds. Iser, Kec. Petarukan, Kab. Pemalang, Jawa Tengah   ', '-', 'user', 'SISWA'),
(1076, 'BAGAS KARA WAHYU ADI PRATAMA', '2', '303294', '303294', '-', '-', 'PEMALANG', '0000-00-00', 'Ds. Iser, Kec. Petarukan, Kab. Pemalang, Jawa Tengah   ', '-', 'user', 'SISWA'),
(1077, 'BARRA HAIDAR', '2', '303380', '303380', '-', '-', 'PEMALANG', '0000-00-00', 'Ds. Iser, Kec. Petarukan, Kab. Pemalang, Jawa Tengah   ', '-', 'user', 'SISWA'),
(1078, 'DIHYAN REIVAN OCTAREVALINO', '2', '303298', '303298', '-', '-', 'PEMALANG', '0000-00-00', 'Ds. Iser, Kec. Petarukan, Kab. Pemalang, Jawa Tengah   ', '-', 'user', 'SISWA'),
(1079, 'DIYANTORO', '2', '303383', '303383', '-', '-', 'PEMALANG', '0000-00-00', 'Ds. Iser, Kec. Petarukan, Kab. Pemalang, Jawa Tengah   ', '-', 'user', 'SISWA'),
(1080, 'FATAH DWI MEIZA PUTRA', '2', '303300', '303300', '-', '-', 'PEMALANG', '0000-00-00', 'Ds. Iser, Kec. Petarukan, Kab. Pemalang, Jawa Tengah   ', '-', 'user', 'SISWA'),
(1081, 'IRFAN FEBRIANTO', '2', '303305', '303305', '-', '-', 'PEMALANG', '0000-00-00', 'Ds. Iser, Kec. Petarukan, Kab. Pemalang, Jawa Tengah   ', '-', 'user', 'SISWA'),
(1082, 'KRISDIAN  IMAM SAPUTRA', '2', '303389', '303389', '-', '-', 'PEMALANG', '0000-00-00', 'Ds. Iser, Kec. Petarukan, Kab. Pemalang, Jawa Tengah   ', '-', 'user', 'SISWA'),
(1083, 'MUHAMAD NUR ROHMAN', '2', '303438', '303438', '-', '-', 'PEMALANG', '0000-00-00', 'Ds. Iser, Kec. Petarukan, Kab. Pemalang, Jawa Tengah   ', '-', 'user', 'SISWA'),
(1084, 'MUHAMMAD NUR HAKIM', '2', '303356', '303356', '-', '-', 'PEMALANG', '0000-00-00', 'Ds. Iser, Kec. Petarukan, Kab. Pemalang, Jawa Tengah   ', '-', 'user', 'SISWA'),
(1085, 'MUHAMMAD RIZKI ABADI', '2', '303357', '303357', '-', '-', 'PEMALANG', '0000-00-00', 'Ds. Iser, Kec. Petarukan, Kab. Pemalang, Jawa Tengah   ', '-', 'user', 'SISWA'),
(1086, 'MUMTAZ RAFI AL KHAIRY', '2', '303358', '303358', '-', '-', 'PEMALANG', '0000-00-00', 'Ds. Iser, Kec. Petarukan, Kab. Pemalang, Jawa Tengah   ', '-', 'user', 'SISWA'),
(1087, 'NANDA DWI ALDIYANSYAH', '2', '303359', '303359', '-', '-', 'PEMALANG', '0000-00-00', 'Ds. Iser, Kec. Petarukan, Kab. Pemalang, Jawa Tengah   ', '-', 'user', 'SISWA'),
(1088, 'NAWFAL HAQIQI', '2', '303360', '303360', '-', '-', 'PEMALANG', '0000-00-00', 'Ds. Iser, Kec. Petarukan, Kab. Pemalang, Jawa Tengah   ', '-', 'user', 'SISWA'),
(1089, 'NOVAL MUZAKI', '2', '303361', '303361', '-', '-', 'PEMALANG', '0000-00-00', 'Ds. Iser, Kec. Petarukan, Kab. Pemalang, Jawa Tengah   ', '-', 'user', 'SISWA'),
(1090, 'PANDHU HABIB AL JABAR', '2', '303399', '303399', '-', '-', 'PEMALANG', '0000-00-00', 'Ds. Iser, Kec. Petarukan, Kab. Pemalang, Jawa Tengah   ', '-', 'user', 'SISWA'),
(1091, 'PRASETYO ADI UTOMO', '2', '303362', '303362', '-', '-', 'PEMALANG', '0000-00-00', 'Ds. Iser, Kec. Petarukan, Kab. Pemalang, Jawa Tengah   ', '-', 'user', 'SISWA'),
(1092, 'RAIHAN HAFIDZ FIRMANSYAH', '2', '303440', '303440', '-', '-', 'PEMALANG', '0000-00-00', 'Ds. Iser, Kec. Petarukan, Kab. Pemalang, Jawa Tengah   ', '-', 'user', 'SISWA'),
(1093, 'RESTU DANUARTA PUTRA', '2', '303441', '303441', '-', '-', 'PEMALANG', '0000-00-00', 'Ds. Iser, Kec. Petarukan, Kab. Pemalang, Jawa Tengah   ', '-', 'user', 'SISWA'),
(1094, 'RESTU DWI ANDHIKA', '2', '303442', '303442', '-', '-', 'PEMALANG', '0000-00-00', 'Ds. Iser, Kec. Petarukan, Kab. Pemalang, Jawa Tengah   ', '-', 'user', 'SISWA'),
(1095, 'REZA HENDRAWAN', '2', '303364', '303364', '-', '-', 'PEMALANG', '0000-00-00', 'Ds. Iser, Kec. Petarukan, Kab. Pemalang, Jawa Tengah   ', '-', 'user', 'SISWA'),
(1096, 'RILLIAN DWI ARYASENA', '2', '303443', '303443', '-', '-', 'PEMALANG', '0000-00-00', 'Ds. Iser, Kec. Petarukan, Kab. Pemalang, Jawa Tengah   ', '-', 'user', 'SISWA'),
(1097, 'RIOGA ALDIANSYAH', '2', '303365', '303365', '-', '-', 'PEMALANG', '0000-00-00', 'Ds. Iser, Kec. Petarukan, Kab. Pemalang, Jawa Tengah   ', '-', 'user', 'SISWA'),
(1098, 'RIZKY JULIAN PRATAMA', '2', '303366', '303366', '-', '-', 'PEMALANG', '0000-00-00', 'Ds. Iser, Kec. Petarukan, Kab. Pemalang, Jawa Tengah   ', '-', 'user', 'SISWA'),
(1099, 'ROBBY DANDI DWI SAPUTRA', '2', '303446', '303446', '-', '-', 'PEMALANG', '0000-00-00', 'Ds. Iser, Kec. Petarukan, Kab. Pemalang, Jawa Tengah   ', '-', 'user', 'SISWA'),
(1100, 'SAPUTRO PRASETIO WINOTO', '2', '303367', '303367', '-', '-', 'PEMALANG', '0000-00-00', 'Ds. Iser, Kec. Petarukan, Kab. Pemalang, Jawa Tengah   ', '-', 'user', 'SISWA'),
(1101, 'SIGIT ALAMSYAH', '2', '303447', '303447', '-', '-', 'PEMALANG', '0000-00-00', 'Ds. Iser, Kec. Petarukan, Kab. Pemalang, Jawa Tengah   ', '-', 'user', 'SISWA'),
(1102, 'THOMAS SAPUTRA', '2', '303369', '303369', '-', '-', 'PEMALANG', '0000-00-00', 'Ds. Iser, Kec. Petarukan, Kab. Pemalang, Jawa Tengah   ', '-', 'user', 'SISWA'),
(1103, 'VIQI INDRA WIJAYA', '2', '303448', '303448', '-', '-', 'PEMALANG', '0000-00-00', 'Ds. Iser, Kec. Petarukan, Kab. Pemalang, Jawa Tengah   ', '-', 'user', 'SISWA'),
(1104, 'WAHID ROHMAN', '2', '303328', '303328', '-', '-', 'PEMALANG', '0000-00-00', 'Ds. Iser, Kec. Petarukan, Kab. Pemalang, Jawa Tengah   ', '-', 'user', 'SISWA'),
(1105, 'ZENDI SUGIRAHARJO', '2', '303409', '303409', '-', '-', 'PEMALANG', '0000-00-00', 'Ds. Iser, Kec. Petarukan, Kab. Pemalang, Jawa Tengah   ', '-', 'user', 'SISWA'),
(1106, 'ZULMI KHOIRUL IKHWAN', '2', '303449', '303449', '-', '-', 'PEMALANG', '0000-00-00', 'Ds. Iser, Kec. Petarukan, Kab. Pemalang, Jawa Tengah   ', '-', 'user', 'SISWA'),
(1107, 'AHMAD FAHRI EFENDI', '2', '303373', '303373', '-', '-', 'PEMALANG', '0000-00-00', 'Ds. Iser, Kec. Petarukan, Kab. Pemalang, Jawa Tengah   ', '-', 'user', 'SISWA'),
(1108, 'ATHOILLAH GHOLIB ROMADHON', '2', '303419', '303419', '-', '-', 'PEMALANG', '0000-00-00', 'Ds. Iser, Kec. Petarukan, Kab. Pemalang, Jawa Tengah   ', '-', 'user', 'SISWA'),
(1109, 'AUGUSTA DWI SYAHBANA', '2', '303420', '303420', '-', '-', 'PEMALANG', '0000-00-00', 'Ds. Iser, Kec. Petarukan, Kab. Pemalang, Jawa Tengah   ', '-', 'user', 'SISWA'),
(1110, 'DESTA ARIL FIRMANSYAH', '2', '303422', '303422', '-', '-', 'PEMALANG', '0000-00-00', 'Ds. Iser, Kec. Petarukan, Kab. Pemalang, Jawa Tengah   ', '-', 'user', 'SISWA'),
(1111, 'DEVA ERKARAHARJA', '2', '303423', '303423', '-', '-', 'PEMALANG', '0000-00-00', 'Ds. Iser, Kec. Petarukan, Kab. Pemalang, Jawa Tengah   ', '-', 'user', 'SISWA'),
(1112, 'DIKA RAMANDYA SWANDY', '2', '303424', '303424', '-', '-', 'PEMALANG', '0000-00-00', 'Ds. Iser, Kec. Petarukan, Kab. Pemalang, Jawa Tengah   ', '-', 'user', 'SISWA'),
(1113, 'DIMAS RADITYA', '2', '303381', '303381', '-', '-', 'PEMALANG', '0000-00-00', 'Ds. Iser, Kec. Petarukan, Kab. Pemalang, Jawa Tengah   ', '-', 'user', 'SISWA'),
(1114, 'DIMAS RADITYA OKTAVIANO', '2', '303382', '303382', '-', '-', 'PEMALANG', '0000-00-00', 'Ds. Iser, Kec. Petarukan, Kab. Pemalang, Jawa Tengah   ', '-', 'user', 'SISWA'),
(1115, 'DWI TOH LANA', '2', '303384', '303384', '-', '-', 'PEMALANG', '0000-00-00', 'Ds. Iser, Kec. Petarukan, Kab. Pemalang, Jawa Tengah   ', '-', 'user', 'SISWA'),
(1116, 'FAIKUMORO', '2', '303340', '303340', '-', '-', 'PEMALANG', '0000-00-00', 'Ds. Iser, Kec. Petarukan, Kab. Pemalang, Jawa Tengah   ', '-', 'user', 'SISWA'),
(1117, 'FARDHAN GALIH FAISAL AKBAR', '2', '303342', '303342', '-', '-', 'PEMALANG', '0000-00-00', 'Ds. Iser, Kec. Petarukan, Kab. Pemalang, Jawa Tengah   ', '-', 'user', 'SISWA'),
(1118, 'FILBERT EVAN FRITZIE', '2', '303344', '303344', '-', '-', 'PEMALANG', '0000-00-00', 'Ds. Iser, Kec. Petarukan, Kab. Pemalang, Jawa Tengah   ', '-', 'user', 'SISWA'),
(1119, 'HILAL MAULANA RIFAT', '2', '303432', '303432', '-', '-', 'PEMALANG', '0000-00-00', 'Ds. Iser, Kec. Petarukan, Kab. Pemalang, Jawa Tengah   ', '-', 'user', 'SISWA'),
(1120, 'HIZBULLAH LUQMAN AL FAIZ', '2', '303345', '303345', '-', '-', 'PEMALANG', '0000-00-00', 'Ds. Iser, Kec. Petarukan, Kab. Pemalang, Jawa Tengah   ', '-', 'user', 'SISWA'),
(1121, 'ILHAM NUR AFRIZA', '2', '303348', '303348', '-', '-', 'PEMALANG', '0000-00-00', 'Ds. Iser, Kec. Petarukan, Kab. Pemalang, Jawa Tengah   ', '-', 'user', 'SISWA'),
(1122, 'ILKHAM NUR FIRMANSYAH', '2', '303349', '303349', '-', '-', 'PEMALANG', '0000-00-00', 'Ds. Iser, Kec. Petarukan, Kab. Pemalang, Jawa Tengah   ', '-', 'user', 'SISWA'),
(1123, 'JAUHAR AFIQ WIBISONO', '2', '303388', '303388', '-', '-', 'PEMALANG', '0000-00-00', 'Ds. Iser, Kec. Petarukan, Kab. Pemalang, Jawa Tengah   ', '-', 'user', 'SISWA'),
(1124, 'KELFIN ADI SAPUTRA', '2', '303351', '303351', '-', '-', 'PEMALANG', '0000-00-00', 'Ds. Iser, Kec. Petarukan, Kab. Pemalang, Jawa Tengah   ', '-', 'user', 'SISWA'),
(1125, 'KEVIN SUBKHIE APRILO', '2', '303434', '303434', '-', '-', 'PEMALANG', '0000-00-00', 'Ds. Iser, Kec. Petarukan, Kab. Pemalang, Jawa Tengah   ', '-', 'user', 'SISWA'),
(1126, 'KRISNA PUTRA PRATAMA', '2', '303306', '303306', '-', '-', 'PEMALANG', '0000-00-00', 'Ds. Iser, Kec. Petarukan, Kab. Pemalang, Jawa Tengah   ', '-', 'user', 'SISWA'),
(1127, 'LUTFI ARI RAEHAN', '2', '303352', '303352', '-', '-', 'PEMALANG', '0000-00-00', 'Ds. Iser, Kec. Petarukan, Kab. Pemalang, Jawa Tengah   ', '-', 'user', 'SISWA'),
(1128, 'LUTFI FAIZAL IBRAHIM', '2', '303353', '303353', '-', '-', 'PEMALANG', '0000-00-00', 'Ds. Iser, Kec. Petarukan, Kab. Pemalang, Jawa Tengah   ', '-', 'user', 'SISWA'),
(1129, 'MEGA RISKI AMANAH', '2', '303307', '303307', '-', '-', 'PEMALANG', '0000-00-00', 'Ds. Iser, Kec. Petarukan, Kab. Pemalang, Jawa Tengah   ', '-', 'user', 'SISWA'),
(1130, 'MOHAMMAD DIMAS FERI IRFANSYAH', '2', '303309', '303309', '-', '-', 'PEMALANG', '0000-00-00', 'Ds. Iser, Kec. Petarukan, Kab. Pemalang, Jawa Tengah   ', '-', 'user', 'SISWA'),
(1131, 'MUCHAMAD IKHSAN ADAM BUDIMAN', '2', '303310', '303310', '-', '-', 'PEMALANG', '0000-00-00', 'Ds. Iser, Kec. Petarukan, Kab. Pemalang, Jawa Tengah   ', '-', 'user', 'SISWA'),
(1132, 'MUHAMAD ABDUL KHOLIK', '2', '303311', '303311', '-', '-', 'PEMALANG', '0000-00-00', 'Ds. Iser, Kec. Petarukan, Kab. Pemalang, Jawa Tengah   ', '-', 'user', 'SISWA'),
(1133, 'MUHAMAD BIMA PAUNDRA', '2', '303436', '303436', '-', '-', 'PEMALANG', '0000-00-00', 'Ds. Iser, Kec. Petarukan, Kab. Pemalang, Jawa Tengah   ', '-', 'user', 'SISWA'),
(1134, 'MUHAMMAD ALFAN KHASANI', '2', '303312', '303312', '-', '-', 'PEMALANG', '0000-00-00', 'Ds. Iser, Kec. Petarukan, Kab. Pemalang, Jawa Tengah   ', '-', 'user', 'SISWA'),
(1135, 'MUHAMMAD ALFEIN BIMA EL MILADI', '2', '303394', '303394', '-', '-', 'PEMALANG', '0000-00-00', 'Ds. Iser, Kec. Petarukan, Kab. Pemalang, Jawa Tengah   ', '-', 'user', 'SISWA'),
(1136, 'MUHAMMAD FAQIH ALIMSYAH', '2', '303355', '303355', '-', '-', 'PEMALANG', '0000-00-00', 'Ds. Iser, Kec. Petarukan, Kab. Pemalang, Jawa Tengah   ', '-', 'user', 'SISWA'),
(1137, 'NOVAL DWIJAYANTO', '2', '303397', '303397', '-', '-', 'PEMALANG', '0000-00-00', 'Ds. Iser, Kec. Petarukan, Kab. Pemalang, Jawa Tengah   ', '-', 'user', 'SISWA'),
(1138, 'NUR AKHSAN', '2', '303314', '303314', '-', '-', 'PEMALANG', '0000-00-00', 'Ds. Iser, Kec. Petarukan, Kab. Pemalang, Jawa Tengah   ', '-', 'user', 'SISWA'),
(1139, 'NUR FAJRI ALAUDIN', '2', '303398', '303398', '-', '-', 'PEMALANG', '0000-00-00', 'Ds. Iser, Kec. Petarukan, Kab. Pemalang, Jawa Tengah   ', '-', 'user', 'SISWA'),
(1140, 'PANDU ADI SUSILO', '2', '303400', '303400', '-', '-', 'PEMALANG', '0000-00-00', 'Ds. Iser, Kec. Petarukan, Kab. Pemalang, Jawa Tengah   ', '-', 'user', 'SISWA'),
(1141, 'RAMA PRATAMA', '2', '303401', '303401', '-', '-', 'PEMALANG', '0000-00-00', 'Ds. Iser, Kec. Petarukan, Kab. Pemalang, Jawa Tengah   ', '-', 'user', 'SISWA'),
(1142, 'RIO ARDIANSYAH', '2', '303444', '303444', '-', '-', 'PEMALANG', '0000-00-00', 'Ds. Iser, Kec. Petarukan, Kab. Pemalang, Jawa Tengah   ', '-', 'user', 'SISWA'),
(1143, 'RIZKY DWI PRASETIYO', '2', '303445', '303445', '-', '-', 'PEMALANG', '0000-00-00', 'Ds. Iser, Kec. Petarukan, Kab. Pemalang, Jawa Tengah   ', '-', 'user', 'SISWA'),
(1144, 'SABAR WALUYO', '2', '303323', '303323', '-', '-', 'PEMALANG', '0000-00-00', 'Ds. Iser, Kec. Petarukan, Kab. Pemalang, Jawa Tengah   ', '-', 'user', 'SISWA'),
(1145, 'SETIAWAN ABADI', '2', '303325', '303325', '-', '-', 'PEMALANG', '0000-00-00', 'Ds. Iser, Kec. Petarukan, Kab. Pemalang, Jawa Tengah   ', '-', 'user', 'SISWA'),
(1146, 'ABDU ROZZAQ AL KHAFIDT', '2', '303330', '303330', '-', '-', 'PEMALANG', '0000-00-00', 'Ds. Iser, Kec. Petarukan, Kab. Pemalang, Jawa Tengah   ', '-', 'user', 'SISWA'),
(1147, 'ABDUL LATHIF', '2', '303370', '303370', '-', '-', 'PEMALANG', '0000-00-00', 'Ds. Iser, Kec. Petarukan, Kab. Pemalang, Jawa Tengah   ', '-', 'user', 'SISWA'),
(1148, 'ABI MANYU', '2', '303371', '303371', '-', '-', 'PEMALANG', '0000-00-00', 'Ds. Iser, Kec. Petarukan, Kab. Pemalang, Jawa Tengah   ', '-', 'user', 'SISWA');
INSERT INTO `tb_user` (`id_user`, `nama_lengkap`, `position`, `user`, `pass`, `email`, `no_whatsapp`, `temp_lahir`, `tgl_lahir`, `alamat_sekarang`, `img_profile`, `id_level`, `id_organisasi`) VALUES
(1149, 'ADE ARIZKI', '2', '303410', '303410', '-', '-', 'PEMALANG', '0000-00-00', 'Ds. Iser, Kec. Petarukan, Kab. Pemalang, Jawa Tengah   ', '-', 'user', 'SISWA'),
(1150, 'ADHITYA HANGABEHI', '2', '303411', '303411', '-', '-', 'PEMALANG', '0000-00-00', 'Ds. Iser, Kec. Petarukan, Kab. Pemalang, Jawa Tengah   ', '-', 'user', 'SISWA'),
(1151, 'ADITYA BIMA SAPUTRA', '2', '303412', '303412', '-', '-', 'PEMALANG', '0000-00-00', 'Ds. Iser, Kec. Petarukan, Kab. Pemalang, Jawa Tengah   ', '-', 'user', 'SISWA'),
(1152, 'ADTYA RASYA HIDAYAT', '2', '303331', '303331', '-', '-', 'PEMALANG', '0000-00-00', 'Ds. Iser, Kec. Petarukan, Kab. Pemalang, Jawa Tengah   ', '-', 'user', 'SISWA'),
(1153, 'AHMAD FAHMI FAHROZI', '2', '303333', '303333', '-', '-', 'PEMALANG', '0000-00-00', 'Ds. Iser, Kec. Petarukan, Kab. Pemalang, Jawa Tengah   ', '-', 'user', 'SISWA'),
(1154, 'ALDI KURNIAWAN', '2', '303334', '303334', '-', '-', 'PEMALANG', '0000-00-00', 'Ds. Iser, Kec. Petarukan, Kab. Pemalang, Jawa Tengah   ', '-', 'user', 'SISWA'),
(1155, 'ALFIN NUR ROHMAN', '2', '303415', '303415', '-', '-', 'PEMALANG', '0000-00-00', 'Ds. Iser, Kec. Petarukan, Kab. Pemalang, Jawa Tengah   ', '-', 'user', 'SISWA'),
(1156, 'ALIF FAHRI MUBAROK', '2', '303416', '303416', '-', '-', 'PEMALANG', '0000-00-00', 'Ds. Iser, Kec. Petarukan, Kab. Pemalang, Jawa Tengah   ', '-', 'user', 'SISWA'),
(1157, 'ARYA KOMALA INDRALOKA', '2', '303378', '303378', '-', '-', 'PEMALANG', '0000-00-00', 'Ds. Iser, Kec. Petarukan, Kab. Pemalang, Jawa Tengah   ', '-', 'user', 'SISWA'),
(1158, 'DAENDRA ALFAIZI R', '2', '303450', '303450', '-', '-', 'PEMALANG', '0000-00-00', 'Ds. Iser, Kec. Petarukan, Kab. Pemalang, Jawa Tengah   ', '-', 'user', 'SISWA'),
(1159, 'DAVID SYAIFUL ANWAR', '2', '303335', '303335', '-', '-', 'PEMALANG', '0000-00-00', 'Ds. Iser, Kec. Petarukan, Kab. Pemalang, Jawa Tengah   ', '-', 'user', 'SISWA'),
(1160, 'DICKY YOGI SAPUTRA', '2', '303336', '303336', '-', '-', 'PEMALANG', '0000-00-00', 'Ds. Iser, Kec. Petarukan, Kab. Pemalang, Jawa Tengah   ', '-', 'user', 'SISWA'),
(1161, 'FAHRI ALIF UTAMA', '2', '303338', '303338', '-', '-', 'PEMALANG', '0000-00-00', 'Ds. Iser, Kec. Petarukan, Kab. Pemalang, Jawa Tengah   ', '-', 'user', 'SISWA'),
(1162, 'FAHRI ANDHIKA', '2', '303428', '303428', '-', '-', 'PEMALANG', '0000-00-00', 'Ds. Iser, Kec. Petarukan, Kab. Pemalang, Jawa Tengah   ', '-', 'user', 'SISWA'),
(1163, 'FAHRI JULIANSAH PUTRA', '2', '303339', '303339', '-', '-', 'PEMALANG', '0000-00-00', 'Ds. Iser, Kec. Petarukan, Kab. Pemalang, Jawa Tengah   ', '-', 'user', 'SISWA'),
(1164, 'FAKHRI NUR SALAMUDIN', '2', '303430', '303430', '-', '-', 'PEMALANG', '0000-00-00', 'Ds. Iser, Kec. Petarukan, Kab. Pemalang, Jawa Tengah   ', '-', 'user', 'SISWA'),
(1165, 'FIKIH ANDRIANSYAH', '2', '303343', '303343', '-', '-', 'PEMALANG', '0000-00-00', 'Ds. Iser, Kec. Petarukan, Kab. Pemalang, Jawa Tengah   ', '-', 'user', 'SISWA'),
(1166, 'INDRA PRASETYO', '2', '303386', '303386', '-', '-', 'PEMALANG', '0000-00-00', 'Ds. Iser, Kec. Petarukan, Kab. Pemalang, Jawa Tengah   ', '-', 'user', 'SISWA'),
(1167, 'MUHAMAD GIGEH  WICAKSONO ', '2', '303393', '303393', '-', '-', 'PEMALANG', '0000-00-00', 'Ds. Iser, Kec. Petarukan, Kab. Pemalang, Jawa Tengah   ', '-', 'user', 'SISWA'),
(1168, 'MUHAMMAD HARIS ', '2', '303395', '303395', '-', '-', 'PEMALANG', '0000-00-00', 'Ds. Iser, Kec. Petarukan, Kab. Pemalang, Jawa Tengah   ', '-', 'user', 'SISWA'),
(1169, 'MUHAMMAD ZACKY AFRAND ISLAM', '2', '303396', '303396', '-', '-', 'PEMALANG', '0000-00-00', 'Ds. Iser, Kec. Petarukan, Kab. Pemalang, Jawa Tengah   ', '-', 'user', 'SISWA'),
(1170, 'REIHAN DWI PRATAMA', '2', '303318', '303318', '-', '-', 'PEMALANG', '0000-00-00', 'Ds. Iser, Kec. Petarukan, Kab. Pemalang, Jawa Tengah   ', '-', 'user', 'SISWA'),
(1171, 'REYFAN PRASETYA', '2', '303319', '303319', '-', '-', 'PEMALANG', '0000-00-00', 'Ds. Iser, Kec. Petarukan, Kab. Pemalang, Jawa Tengah   ', '-', 'user', 'SISWA'),
(1172, 'RIAN RIZKI ABIAN', '2', '303320', '303320', '-', '-', 'PEMALANG', '0000-00-00', 'Ds. Iser, Kec. Petarukan, Kab. Pemalang, Jawa Tengah   ', '-', 'user', 'SISWA'),
(1173, 'RICO PRATAMA ', '2', '303321', '303321', '-', '-', 'PEMALANG', '0000-00-00', 'Ds. Iser, Kec. Petarukan, Kab. Pemalang, Jawa Tengah   ', '-', 'user', 'SISWA'),
(1174, 'RIZKI MAULANA RAMADHAN', '2', '303322', '303322', '-', '-', 'PEMALANG', '0000-00-00', 'Ds. Iser, Kec. Petarukan, Kab. Pemalang, Jawa Tengah   ', '-', 'user', 'SISWA'),
(1175, 'SANTOSO', '2', '303324', '303324', '-', '-', 'PEMALANG', '0000-00-00', 'Ds. Iser, Kec. Petarukan, Kab. Pemalang, Jawa Tengah   ', '-', 'user', 'SISWA'),
(1176, 'SATRIA ADI PRATAMA', '2', '303404', '303404', '-', '-', 'PEMALANG', '0000-00-00', 'Ds. Iser, Kec. Petarukan, Kab. Pemalang, Jawa Tengah   ', '-', 'user', 'SISWA'),
(1177, 'SENDY ADITYA ARSHAVIN', '2', '303405', '303405', '-', '-', 'PEMALANG', '0000-00-00', 'Ds. Iser, Kec. Petarukan, Kab. Pemalang, Jawa Tengah   ', '-', 'user', 'SISWA'),
(1178, 'SULIS RAMA DANI', '2', '303368', '303368', '-', '-', 'PEMALANG', '0000-00-00', 'Ds. Iser, Kec. Petarukan, Kab. Pemalang, Jawa Tengah   ', '-', 'user', 'SISWA'),
(1179, 'TATA BAYU MAHARDIKA', '2', '303406', '303406', '-', '-', 'PEMALANG', '0000-00-00', 'Ds. Iser, Kec. Petarukan, Kab. Pemalang, Jawa Tengah   ', '-', 'user', 'SISWA'),
(1180, 'TATA WIJAYANTI', '2', '303326', '303326', '-', '-', 'PEMALANG', '0000-00-00', 'Ds. Iser, Kec. Petarukan, Kab. Pemalang, Jawa Tengah   ', '-', 'user', 'SISWA'),
(1181, 'UFIFAH AROFAH', '2', '303327', '303327', '-', '-', 'PEMALANG', '0000-00-00', 'Ds. Iser, Kec. Petarukan, Kab. Pemalang, Jawa Tengah   ', '-', 'user', 'SISWA'),
(1182, 'WIANTO SAEFUL AZIZ', '2', '303329', '303329', '-', '-', 'PEMALANG', '0000-00-00', 'Ds. Iser, Kec. Petarukan, Kab. Pemalang, Jawa Tengah   ', '-', 'user', 'SISWA'),
(1183, 'INDRA FEBRIAN', '2', '303453', '303453', '-', '-', 'PEMALANG', '0000-00-00', 'Ds. Iser, Kec. Petarukan, Kab. Pemalang, Jawa Tengah   ', '-', 'user', 'SISWA'),
(1184, 'LUKMAN WIBOWO', '2', '303454', '303454', '-', '-', 'PEMALANG', '0000-00-00', 'Ds. Iser, Kec. Petarukan, Kab. Pemalang, Jawa Tengah   ', '-', 'user', 'SISWA'),
(1185, 'ACHMAD REKHAN SIROJUDIN', '2', '500993', '500993', '-', '-', 'PEMALANG', '0000-00-00', 'Ds. Iser, Kec. Petarukan, Kab. Pemalang, Jawa Tengah   ', '-', 'user', 'SISWA'),
(1186, 'ADIT KURNIAWAN', '2', '500995', '500995', '-', '-', 'PEMALANG', '0000-00-00', 'Ds. Iser, Kec. Petarukan, Kab. Pemalang, Jawa Tengah   ', '-', 'user', 'SISWA'),
(1187, 'AFANDI', '2', '501114', '501114', '-', '-', 'PEMALANG', '0000-00-00', 'Ds. Iser, Kec. Petarukan, Kab. Pemalang, Jawa Tengah   ', '-', 'user', 'SISWA'),
(1188, 'AHMAD FAREL DENIZ SETIYAWAN', '2', '501115', '501115', '-', '-', 'PEMALANG', '0000-00-00', 'Ds. Iser, Kec. Petarukan, Kab. Pemalang, Jawa Tengah   ', '-', 'user', 'SISWA'),
(1189, 'AHMET JUANDA MUKTI', '2', '501034', '501034', '-', '-', 'PEMALANG', '0000-00-00', 'Ds. Iser, Kec. Petarukan, Kab. Pemalang, Jawa Tengah   ', '-', 'user', 'SISWA'),
(1190, 'ALDY TRIANZAH', '2', '500999', '500999', '-', '-', 'PEMALANG', '0000-00-00', 'Ds. Iser, Kec. Petarukan, Kab. Pemalang, Jawa Tengah   ', '-', 'user', 'SISWA'),
(1191, 'ALUNG MAULANA', '2', '501116', '501116', '-', '-', 'PEMALANG', '0000-00-00', 'Ds. Iser, Kec. Petarukan, Kab. Pemalang, Jawa Tengah   ', '-', 'user', 'SISWA'),
(1192, 'ANDHIKA SYAFIQ PRATAMA', '2', '501117', '501117', '-', '-', 'PEMALANG', '0000-00-00', 'Ds. Iser, Kec. Petarukan, Kab. Pemalang, Jawa Tengah   ', '-', 'user', 'SISWA'),
(1193, 'APRILIA KINANTI', '2', '501039', '501039', '-', '-', 'PEMALANG', '0000-00-00', 'Ds. Iser, Kec. Petarukan, Kab. Pemalang, Jawa Tengah   ', '-', 'user', 'SISWA'),
(1194, 'ARIP MAULANA', '2', '501000', '501000', '-', '-', 'PEMALANG', '0000-00-00', 'Ds. Iser, Kec. Petarukan, Kab. Pemalang, Jawa Tengah   ', '-', 'user', 'SISWA'),
(1195, 'CANDRA WIDAGDA MUHAN', '2', '501080', '501080', '-', '-', 'PEMALANG', '0000-00-00', 'Ds. Iser, Kec. Petarukan, Kab. Pemalang, Jawa Tengah   ', '-', 'user', 'SISWA'),
(1196, 'CELVIN ALFANDA SHERLY', '2', '501081', '501081', '-', '-', 'PEMALANG', '0000-00-00', 'Ds. Iser, Kec. Petarukan, Kab. Pemalang, Jawa Tengah   ', '-', 'user', 'SISWA'),
(1197, 'DAFAH ANDI SAFUTRA', '2', '501082', '501082', '-', '-', 'PEMALANG', '0000-00-00', 'Ds. Iser, Kec. Petarukan, Kab. Pemalang, Jawa Tengah   ', '-', 'user', 'SISWA'),
(1198, 'DEFA HAIRUL HIZAK', '2', '501005', '501005', '-', '-', 'PEMALANG', '0000-00-00', 'Ds. Iser, Kec. Petarukan, Kab. Pemalang, Jawa Tengah   ', '-', 'user', 'SISWA'),
(1199, 'EVAN RADITYA', '2', '501085', '501085', '-', '-', 'PEMALANG', '0000-00-00', 'Ds. Iser, Kec. Petarukan, Kab. Pemalang, Jawa Tengah   ', '-', 'user', 'SISWA'),
(1200, 'FADHILAH SEPTI FAJRI RAMADHANI', '2', '501047', '501047', '-', '-', 'PEMALANG', '0000-00-00', 'Ds. Iser, Kec. Petarukan, Kab. Pemalang, Jawa Tengah   ', '-', 'user', 'SISWA'),
(1201, 'FAIRUZ ZAKY AL FARISI', '2', '501125', '501125', '-', '-', 'PEMALANG', '0000-00-00', 'Ds. Iser, Kec. Petarukan, Kab. Pemalang, Jawa Tengah   ', '-', 'user', 'SISWA'),
(1202, 'FAUHZIL FADLI', '2', '501048', '501048', '-', '-', 'PEMALANG', '0000-00-00', 'Ds. Iser, Kec. Petarukan, Kab. Pemalang, Jawa Tengah   ', '-', 'user', 'SISWA'),
(1203, 'GALIH AERLANGGA APRIL LIANSYAH', '2', '501049', '501049', '-', '-', 'PEMALANG', '0000-00-00', 'Ds. Iser, Kec. Petarukan, Kab. Pemalang, Jawa Tengah   ', '-', 'user', 'SISWA'),
(1204, 'GAZAH AL GIFARI', '2', '501050', '501050', '-', '-', 'PEMALANG', '0000-00-00', 'Ds. Iser, Kec. Petarukan, Kab. Pemalang, Jawa Tengah   ', '-', 'user', 'SISWA'),
(1205, 'HAFID SA\'BAN SEHDIR', '2', '501131', '501131', '-', '-', 'PEMALANG', '0000-00-00', 'Ds. Iser, Kec. Petarukan, Kab. Pemalang, Jawa Tengah   ', '-', 'user', 'SISWA'),
(1206, 'HAZBIAN AFARIZKY PUTRA', '2', '501051', '501051', '-', '-', 'PEMALANG', '0000-00-00', 'Ds. Iser, Kec. Petarukan, Kab. Pemalang, Jawa Tengah   ', '-', 'user', 'SISWA'),
(1207, 'IRVAN MAHENDRA', '2', '501090', '501090', '-', '-', 'PEMALANG', '0000-00-00', 'Ds. Iser, Kec. Petarukan, Kab. Pemalang, Jawa Tengah   ', '-', 'user', 'SISWA'),
(1208, 'JULIAN AL FARIDZI', '2', '501053', '501053', '-', '-', 'PEMALANG', '0000-00-00', 'Ds. Iser, Kec. Petarukan, Kab. Pemalang, Jawa Tengah   ', '-', 'user', 'SISWA'),
(1209, 'KEVIN AJI PRASETYA', '2', '501133', '501133', '-', '-', 'PEMALANG', '0000-00-00', 'Ds. Iser, Kec. Petarukan, Kab. Pemalang, Jawa Tengah   ', '-', 'user', 'SISWA'),
(1210, 'KHOLIDI AZRIL ALAM', '2', '501015', '501015', '-', '-', 'PEMALANG', '0000-00-00', 'Ds. Iser, Kec. Petarukan, Kab. Pemalang, Jawa Tengah   ', '-', 'user', 'SISWA'),
(1211, 'MALIKA ALHAFIZ FAUZI', '2', '501134', '501134', '-', '-', 'PEMALANG', '0000-00-00', 'Ds. Iser, Kec. Petarukan, Kab. Pemalang, Jawa Tengah   ', '-', 'user', 'SISWA'),
(1212, 'MUALIF AKHBAR', '2', '501096', '501096', '-', '-', 'PEMALANG', '0000-00-00', 'Ds. Iser, Kec. Petarukan, Kab. Pemalang, Jawa Tengah   ', '-', 'user', 'SISWA'),
(1213, 'MUHAMAD SUBKHI MAULIDHI', '2', '501059', '501059', '-', '-', 'PEMALANG', '0000-00-00', 'Ds. Iser, Kec. Petarukan, Kab. Pemalang, Jawa Tengah   ', '-', 'user', 'SISWA'),
(1214, 'MUHAMMAD ANANDA THOLASIK', '2', '501098', '501098', '-', '-', 'PEMALANG', '0000-00-00', 'Ds. Iser, Kec. Petarukan, Kab. Pemalang, Jawa Tengah   ', '-', 'user', 'SISWA'),
(1215, 'PUTRA DAKWAH', '2', '501021', '501021', '-', '-', 'PEMALANG', '0000-00-00', 'Ds. Iser, Kec. Petarukan, Kab. Pemalang, Jawa Tengah   ', '-', 'user', 'SISWA'),
(1216, 'RANDY TRI SAPUTRA', '2', '501141', '501141', '-', '-', 'PEMALANG', '0000-00-00', 'Ds. Iser, Kec. Petarukan, Kab. Pemalang, Jawa Tengah   ', '-', 'user', 'SISWA'),
(1217, 'REYHAN EGY PRAYOGA', '2', '501143', '501143', '-', '-', 'PEMALANG', '0000-00-00', 'Ds. Iser, Kec. Petarukan, Kab. Pemalang, Jawa Tengah   ', '-', 'user', 'SISWA'),
(1218, 'REZA MISBAHUL ANWAR', '2', '501144', '501144', '-', '-', 'PEMALANG', '0000-00-00', 'Ds. Iser, Kec. Petarukan, Kab. Pemalang, Jawa Tengah   ', '-', 'user', 'SISWA'),
(1219, 'RIZKY DANU SATRIYA', '2', '501028', '501028', '-', '-', 'PEMALANG', '0000-00-00', 'Ds. Iser, Kec. Petarukan, Kab. Pemalang, Jawa Tengah   ', '-', 'user', 'SISWA'),
(1220, 'SISWOHADI WIYONO', '2', '501029', '501029', '-', '-', 'PEMALANG', '0000-00-00', 'Ds. Iser, Kec. Petarukan, Kab. Pemalang, Jawa Tengah   ', '-', 'user', 'SISWA'),
(1221, 'YOSEPH ERLANGGA', '2', '501032', '501032', '-', '-', 'PEMALANG', '0000-00-00', 'Ds. Iser, Kec. Petarukan, Kab. Pemalang, Jawa Tengah   ', '-', 'user', 'SISWA'),
(1222, 'ADE GUNAWAN', '2', '500994', '500994', '-', '-', 'PEMALANG', '0000-00-00', 'Ds. Iser, Kec. Petarukan, Kab. Pemalang, Jawa Tengah   ', '-', 'user', 'SISWA'),
(1223, 'ADITYA RAMADHAN', '2', '500996', '500996', '-', '-', 'PEMALANG', '0000-00-00', 'Ds. Iser, Kec. Petarukan, Kab. Pemalang, Jawa Tengah   ', '-', 'user', 'SISWA'),
(1224, 'AHMAD FAHRI', '2', '500997', '500997', '-', '-', 'PEMALANG', '0000-00-00', 'Ds. Iser, Kec. Petarukan, Kab. Pemalang, Jawa Tengah   ', '-', 'user', 'SISWA'),
(1225, 'AHMAD RIFA\'IL KHUDORI', '2', '501073', '501073', '-', '-', 'PEMALANG', '0000-00-00', 'Ds. Iser, Kec. Petarukan, Kab. Pemalang, Jawa Tengah   ', '-', 'user', 'SISWA'),
(1226, 'AZIZ PRASTIYAN', '2', '501001', '501001', '-', '-', 'PEMALANG', '0000-00-00', 'Ds. Iser, Kec. Petarukan, Kab. Pemalang, Jawa Tengah   ', '-', 'user', 'SISWA'),
(1227, 'BAGUS FAHMI', '2', '501002', '501002', '-', '-', 'PEMALANG', '0000-00-00', 'Ds. Iser, Kec. Petarukan, Kab. Pemalang, Jawa Tengah   ', '-', 'user', 'SISWA'),
(1228, 'BELA APRILIANA', '2', '501003', '501003', '-', '-', 'PEMALANG', '0000-00-00', 'Ds. Iser, Kec. Petarukan, Kab. Pemalang, Jawa Tengah   ', '-', 'user', 'SISWA'),
(1229, 'DAFA AKBAR SATRIA RAMADAN', '2', '501004', '501004', '-', '-', 'PEMALANG', '0000-00-00', 'Ds. Iser, Kec. Petarukan, Kab. Pemalang, Jawa Tengah   ', '-', 'user', 'SISWA'),
(1230, 'DEWI RATNASARI', '2', '501006', '501006', '-', '-', 'PEMALANG', '0000-00-00', 'Ds. Iser, Kec. Petarukan, Kab. Pemalang, Jawa Tengah   ', '-', 'user', 'SISWA'),
(1231, 'EVANIA SYAFA ANNISA', '2', '501009', '501009', '-', '-', 'PEMALANG', '0000-00-00', 'Ds. Iser, Kec. Petarukan, Kab. Pemalang, Jawa Tengah   ', '-', 'user', 'SISWA'),
(1232, 'FAHRI REZA SAHPUTRA', '2', '501086', '501086', '-', '-', 'PEMALANG', '0000-00-00', 'Ds. Iser, Kec. Petarukan, Kab. Pemalang, Jawa Tengah   ', '-', 'user', 'SISWA'),
(1233, 'FIKRI SETIAWAN', '2', '501128', '501128', '-', '-', 'PEMALANG', '0000-00-00', 'Ds. Iser, Kec. Petarukan, Kab. Pemalang, Jawa Tengah   ', '-', 'user', 'SISWA'),
(1234, 'GALANG BRAHMANA', '2', '501087', '501087', '-', '-', 'PEMALANG', '0000-00-00', 'Ds. Iser, Kec. Petarukan, Kab. Pemalang, Jawa Tengah   ', '-', 'user', 'SISWA'),
(1235, 'HAFIT NUR IMAN', '2', '501088', '501088', '-', '-', 'PEMALANG', '0000-00-00', 'Ds. Iser, Kec. Petarukan, Kab. Pemalang, Jawa Tengah   ', '-', 'user', 'SISWA'),
(1236, 'KEVIN OVALDO', '2', '501091', '501091', '-', '-', 'PEMALANG', '0000-00-00', 'Ds. Iser, Kec. Petarukan, Kab. Pemalang, Jawa Tengah   ', '-', 'user', 'SISWA'),
(1237, 'MOHAMAD ALDO BAIHAKI', '2', '501136', '501136', '-', '-', 'PEMALANG', '0000-00-00', 'Ds. Iser, Kec. Petarukan, Kab. Pemalang, Jawa Tengah   ', '-', 'user', 'SISWA'),
(1238, 'MOHAMMAD DAFFA ZUMAR', '2', '501054', '501054', '-', '-', 'PEMALANG', '0000-00-00', 'Ds. Iser, Kec. Petarukan, Kab. Pemalang, Jawa Tengah   ', '-', 'user', 'SISWA'),
(1239, 'MUCHAMMAD FADHIL AKBAR', '2', '501137', '501137', '-', '-', 'PEMALANG', '0000-00-00', 'Ds. Iser, Kec. Petarukan, Kab. Pemalang, Jawa Tengah   ', '-', 'user', 'SISWA'),
(1240, 'MUHAMAD DIAZ ALIFATUL HASRUMI', '2', '501097', '501097', '-', '-', 'PEMALANG', '0000-00-00', 'Ds. Iser, Kec. Petarukan, Kab. Pemalang, Jawa Tengah   ', '-', 'user', 'SISWA'),
(1241, 'MUHAMAD FAIZ ALFAIZIN', '2', '501138', '501138', '-', '-', 'PEMALANG', '0000-00-00', 'Ds. Iser, Kec. Petarukan, Kab. Pemalang, Jawa Tengah   ', '-', 'user', 'SISWA'),
(1242, 'MUHAMMAD FEBRIAN SAPUTRA', '2', '501099', '501099', '-', '-', 'PEMALANG', '0000-00-00', 'Ds. Iser, Kec. Petarukan, Kab. Pemalang, Jawa Tengah   ', '-', 'user', 'SISWA'),
(1243, 'NASYA KHOILATUL FAIQOH', '2', '501061', '501061', '-', '-', 'PEMALANG', '0000-00-00', 'Ds. Iser, Kec. Petarukan, Kab. Pemalang, Jawa Tengah   ', '-', 'user', 'SISWA'),
(1244, 'OKTA TRI WIJAKSONO', '2', '501063', '501063', '-', '-', 'PEMALANG', '0000-00-00', 'Ds. Iser, Kec. Petarukan, Kab. Pemalang, Jawa Tengah   ', '-', 'user', 'SISWA'),
(1245, 'PUTRA RAMADHANI', '2', '501064', '501064', '-', '-', 'PEMALANG', '0000-00-00', 'Ds. Iser, Kec. Petarukan, Kab. Pemalang, Jawa Tengah   ', '-', 'user', 'SISWA'),
(1246, 'QIRANI RAYA MAHARDIKA', '2', '501022', '501022', '-', '-', 'PEMALANG', '0000-00-00', 'Ds. Iser, Kec. Petarukan, Kab. Pemalang, Jawa Tengah   ', '-', 'user', 'SISWA'),
(1247, 'RANU DWI ANUGRAH', '2', '501107', '501107', '-', '-', 'PEMALANG', '0000-00-00', 'Ds. Iser, Kec. Petarukan, Kab. Pemalang, Jawa Tengah   ', '-', 'user', 'SISWA'),
(1248, 'RAYA FAHRIZAL', '2', '501065', '501065', '-', '-', 'PEMALANG', '0000-00-00', 'Ds. Iser, Kec. Petarukan, Kab. Pemalang, Jawa Tengah   ', '-', 'user', 'SISWA'),
(1249, 'REHAN ADI SAPUTRA', '2', '501142', '501142', '-', '-', 'PEMALANG', '0000-00-00', 'Ds. Iser, Kec. Petarukan, Kab. Pemalang, Jawa Tengah   ', '-', 'user', 'SISWA'),
(1250, 'SANDI PRIYANTO', '2', '501145', '501145', '-', '-', 'PEMALANG', '0000-00-00', 'Ds. Iser, Kec. Petarukan, Kab. Pemalang, Jawa Tengah   ', '-', 'user', 'SISWA'),
(1251, 'SANDIKA FALIH ADWA SUTRISNO', '2', '501146', '501146', '-', '-', 'PEMALANG', '0000-00-00', 'Ds. Iser, Kec. Petarukan, Kab. Pemalang, Jawa Tengah   ', '-', 'user', 'SISWA'),
(1252, 'SANDY AKHMAD AULIA', '2', '501067', '501067', '-', '-', 'PEMALANG', '0000-00-00', 'Ds. Iser, Kec. Petarukan, Kab. Pemalang, Jawa Tengah   ', '-', 'user', 'SISWA'),
(1253, 'SILA NURHAYATI', '2', '501068', '501068', '-', '-', 'PEMALANG', '0000-00-00', 'Ds. Iser, Kec. Petarukan, Kab. Pemalang, Jawa Tengah   ', '-', 'user', 'SISWA'),
(1254, 'SYARIFUDIN KHOERUL ANAM', '2', '501147', '501147', '-', '-', 'PEMALANG', '0000-00-00', 'Ds. Iser, Kec. Petarukan, Kab. Pemalang, Jawa Tengah   ', '-', 'user', 'SISWA'),
(1255, 'SYIHABUDIN AKHMAD', '2', '501069', '501069', '-', '-', 'PEMALANG', '0000-00-00', 'Ds. Iser, Kec. Petarukan, Kab. Pemalang, Jawa Tengah   ', '-', 'user', 'SISWA'),
(1256, 'VINO STAINLY FISABILILAH ', '2', '501070', '501070', '-', '-', 'PEMALANG', '0000-00-00', 'Ds. Iser, Kec. Petarukan, Kab. Pemalang, Jawa Tengah   ', '-', 'user', 'SISWA'),
(1257, 'WAHYU RAMADANI', '2', '501148', '501148', '-', '-', 'PEMALANG', '0000-00-00', 'Ds. Iser, Kec. Petarukan, Kab. Pemalang, Jawa Tengah   ', '-', 'user', 'SISWA'),
(1258, 'WILLYAN KRESNA PRADANA', '2', '501149', '501149', '-', '-', 'PEMALANG', '0000-00-00', 'Ds. Iser, Kec. Petarukan, Kab. Pemalang, Jawa Tengah   ', '-', 'user', 'SISWA'),
(1259, 'YUNI AULIA AMINI ', '2', '501072', '501072', '-', '-', 'PEMALANG', '0000-00-00', 'Ds. Iser, Kec. Petarukan, Kab. Pemalang, Jawa Tengah   ', '-', 'user', 'SISWA'),
(1260, 'ADITYA WIJAYA', '2', '400489', '400489', '-', '-', 'PEMALANG', '0000-00-00', 'Ds. Iser, Kec. Petarukan, Kab. Pemalang, Jawa Tengah   ', '-', 'user', 'SISWA'),
(1261, 'AFFILIA AYU NINGSIH', '2', '400446', '400446', '-', '-', 'PEMALANG', '0000-00-00', 'Ds. Iser, Kec. Petarukan, Kab. Pemalang, Jawa Tengah   ', '-', 'user', 'SISWA'),
(1262, 'AIRIN NUR HAFIA', '2', '400484', '400484', '-', '-', 'PEMALANG', '0000-00-00', 'Ds. Iser, Kec. Petarukan, Kab. Pemalang, Jawa Tengah   ', '-', 'user', 'SISWA'),
(1263, 'ANGGUN KARISMA', '2', '400491', '400491', '-', '-', 'PEMALANG', '0000-00-00', 'Ds. Iser, Kec. Petarukan, Kab. Pemalang, Jawa Tengah   ', '-', 'user', 'SISWA'),
(1264, 'ANNISATUL FADILAH', '2', '400452', '400452', '-', '-', 'PEMALANG', '0000-00-00', 'Ds. Iser, Kec. Petarukan, Kab. Pemalang, Jawa Tengah   ', '-', 'user', 'SISWA'),
(1265, 'AYU NINGSIH ', '2', '400454', '400454', '-', '-', 'PEMALANG', '0000-00-00', 'Ds. Iser, Kec. Petarukan, Kab. Pemalang, Jawa Tengah   ', '-', 'user', 'SISWA'),
(1266, 'CHIKA MAYSA PUTRI', '2', '400498', '400498', '-', '-', 'PEMALANG', '0000-00-00', 'Ds. Iser, Kec. Petarukan, Kab. Pemalang, Jawa Tengah   ', '-', 'user', 'SISWA'),
(1267, 'DEA RAHMA SABILA', '2', '400456', '400456', '-', '-', 'PEMALANG', '0000-00-00', 'Ds. Iser, Kec. Petarukan, Kab. Pemalang, Jawa Tengah   ', '-', 'user', 'SISWA'),
(1268, 'DWI NUR AISAH', '2', '400503', '400503', '-', '-', 'PEMALANG', '0000-00-00', 'Ds. Iser, Kec. Petarukan, Kab. Pemalang, Jawa Tengah   ', '-', 'user', 'SISWA'),
(1269, 'DYAH KENANGAN NINGRUM', '2', '400459', '400459', '-', '-', 'PEMALANG', '0000-00-00', 'Ds. Iser, Kec. Petarukan, Kab. Pemalang, Jawa Tengah   ', '-', 'user', 'SISWA'),
(1270, 'ENDANG MUSTIKASARI ', '2', '400460', '400460', '-', '-', 'PEMALANG', '0000-00-00', 'Ds. Iser, Kec. Petarukan, Kab. Pemalang, Jawa Tengah   ', '-', 'user', 'SISWA'),
(1271, 'FADHIL ROSI ALFASICH', '2', '400504', '400504', '-', '-', 'PEMALANG', '0000-00-00', 'Ds. Iser, Kec. Petarukan, Kab. Pemalang, Jawa Tengah   ', '-', 'user', 'SISWA'),
(1272, 'FADHILAH RAHMAWATI', '2', '400461', '400461', '-', '-', 'PEMALANG', '0000-00-00', 'Ds. Iser, Kec. Petarukan, Kab. Pemalang, Jawa Tengah   ', '-', 'user', 'SISWA'),
(1273, 'FIKKA IMAY SHERISTI', '2', '400506', '400506', '-', '-', 'PEMALANG', '0000-00-00', 'Ds. Iser, Kec. Petarukan, Kab. Pemalang, Jawa Tengah   ', '-', 'user', 'SISWA'),
(1274, 'FITRI DWI RAMADHANI', '2', '400462', '400462', '-', '-', 'PEMALANG', '0000-00-00', 'Ds. Iser, Kec. Petarukan, Kab. Pemalang, Jawa Tengah   ', '-', 'user', 'SISWA'),
(1275, 'IKHSAN RAMADHANI', '2', '400466', '400466', '-', '-', 'PEMALANG', '0000-00-00', 'Ds. Iser, Kec. Petarukan, Kab. Pemalang, Jawa Tengah   ', '-', 'user', 'SISWA'),
(1276, 'JAHRA ARDELIA ', '2', '400468', '400468', '-', '-', 'PEMALANG', '0000-00-00', 'Ds. Iser, Kec. Petarukan, Kab. Pemalang, Jawa Tengah   ', '-', 'user', 'SISWA'),
(1277, 'KESA ADINDA AMALIYA', '2', '400469', '400469', '-', '-', 'PEMALANG', '0000-00-00', 'Ds. Iser, Kec. Petarukan, Kab. Pemalang, Jawa Tengah   ', '-', 'user', 'SISWA'),
(1278, 'KHOZINATUL AIS SI', '2', '400509', '400509', '-', '-', 'PEMALANG', '0000-00-00', 'Ds. Iser, Kec. Petarukan, Kab. Pemalang, Jawa Tengah   ', '-', 'user', 'SISWA'),
(1279, 'LINTANG DWI CAHYANI', '2', '400510', '400510', '-', '-', 'PEMALANG', '0000-00-00', 'Ds. Iser, Kec. Petarukan, Kab. Pemalang, Jawa Tengah   ', '-', 'user', 'SISWA'),
(1280, 'LISA YULIANAH ', '2', '400511', '400511', '-', '-', 'PEMALANG', '0000-00-00', 'Ds. Iser, Kec. Petarukan, Kab. Pemalang, Jawa Tengah   ', '-', 'user', 'SISWA'),
(1281, 'MAULANA ISHAQ', '2', '400512', '400512', '-', '-', 'PEMALANG', '0000-00-00', 'Ds. Iser, Kec. Petarukan, Kab. Pemalang, Jawa Tengah   ', '-', 'user', 'SISWA'),
(1282, 'MELIANA SANTI', '2', '400471', '400471', '-', '-', 'PEMALANG', '0000-00-00', 'Ds. Iser, Kec. Petarukan, Kab. Pemalang, Jawa Tengah   ', '-', 'user', 'SISWA'),
(1283, 'MONIKA', '2', '400473', '400473', '-', '-', 'PEMALANG', '0000-00-00', 'Ds. Iser, Kec. Petarukan, Kab. Pemalang, Jawa Tengah   ', '-', 'user', 'SISWA'),
(1284, 'NADIA APRILIAYANI ', '2', '400515', '400515', '-', '-', 'PEMALANG', '0000-00-00', 'Ds. Iser, Kec. Petarukan, Kab. Pemalang, Jawa Tengah   ', '-', 'user', 'SISWA'),
(1285, 'NASETIA LAURISTA', '2', '400516', '400516', '-', '-', 'PEMALANG', '0000-00-00', 'Ds. Iser, Kec. Petarukan, Kab. Pemalang, Jawa Tengah   ', '-', 'user', 'SISWA'),
(1286, 'PUTRI SAGITA SEPTIANA', '2', '400517', '400517', '-', '-', 'PEMALANG', '0000-00-00', 'Ds. Iser, Kec. Petarukan, Kab. Pemalang, Jawa Tengah   ', '-', 'user', 'SISWA'),
(1287, 'RAHMA AVIFDA', '2', '400518', '400518', '-', '-', 'PEMALANG', '0000-00-00', 'Ds. Iser, Kec. Petarukan, Kab. Pemalang, Jawa Tengah   ', '-', 'user', 'SISWA'),
(1288, 'RAHMAWATI', '2', '400476', '400476', '-', '-', 'PEMALANG', '0000-00-00', 'Ds. Iser, Kec. Petarukan, Kab. Pemalang, Jawa Tengah   ', '-', 'user', 'SISWA'),
(1289, 'REHAN OKA MAHENDRA', '2', '400477', '400477', '-', '-', 'PEMALANG', '0000-00-00', 'Ds. Iser, Kec. Petarukan, Kab. Pemalang, Jawa Tengah   ', '-', 'user', 'SISWA'),
(1290, 'RIZKI RAHMAT DANI', '2', '400519', '400519', '-', '-', 'PEMALANG', '0000-00-00', 'Ds. Iser, Kec. Petarukan, Kab. Pemalang, Jawa Tengah   ', '-', 'user', 'SISWA'),
(1291, 'SALWA AISSYABILA', '2', '400521', '400521', '-', '-', 'PEMALANG', '0000-00-00', 'Ds. Iser, Kec. Petarukan, Kab. Pemalang, Jawa Tengah   ', '-', 'user', 'SISWA'),
(1292, 'SELVI SEVILATUL AZIZAH', '2', '400522', '400522', '-', '-', 'PEMALANG', '0000-00-00', 'Ds. Iser, Kec. Petarukan, Kab. Pemalang, Jawa Tengah   ', '-', 'user', 'SISWA'),
(1293, 'SHERA RAMADANI', '2', '400523', '400523', '-', '-', 'PEMALANG', '0000-00-00', 'Ds. Iser, Kec. Petarukan, Kab. Pemalang, Jawa Tengah   ', '-', 'user', 'SISWA'),
(1294, 'SHILFI BUNGA VANIA', '2', '400524', '400524', '-', '-', 'PEMALANG', '0000-00-00', 'Ds. Iser, Kec. Petarukan, Kab. Pemalang, Jawa Tengah   ', '-', 'user', 'SISWA'),
(1295, 'SRI LESTARI', '2', '400481', '400481', '-', '-', 'PEMALANG', '0000-00-00', 'Ds. Iser, Kec. Petarukan, Kab. Pemalang, Jawa Tengah   ', '-', 'user', 'SISWA'),
(1296, 'SYIFA LUTFIA', '2', '400482', '400482', '-', '-', 'PEMALANG', '0000-00-00', 'Ds. Iser, Kec. Petarukan, Kab. Pemalang, Jawa Tengah   ', '-', 'user', 'SISWA'),
(1297, 'VIRDA HERA WATI ', '2', '400484', '400484', '-', '-', 'PEMALANG', '0000-00-00', 'Ds. Iser, Kec. Petarukan, Kab. Pemalang, Jawa Tengah   ', '-', 'user', 'SISWA'),
(1298, 'WIDIYANA APRILLIYANI', '2', '400525', '400525', '-', '-', 'PEMALANG', '0000-00-00', 'Ds. Iser, Kec. Petarukan, Kab. Pemalang, Jawa Tengah   ', '-', 'user', 'SISWA'),
(1299, 'WULAN DAHRI', '2', '400486', '400486', '-', '-', 'PEMALANG', '0000-00-00', 'Ds. Iser, Kec. Petarukan, Kab. Pemalang, Jawa Tengah   ', '-', 'user', 'SISWA'),
(1300, 'ZIHNI SILVIATUL AZZAHRA', '2', '400487', '400487', '-', '-', 'PEMALANG', '0000-00-00', 'Ds. Iser, Kec. Petarukan, Kab. Pemalang, Jawa Tengah   ', '-', 'user', 'SISWA'),
(1301, 'ABDILLAH YAHYA', '2', '400488', '400488', '-', '-', 'PEMALANG', '0000-00-00', 'Ds. Iser, Kec. Petarukan, Kab. Pemalang, Jawa Tengah   ', '-', 'user', 'SISWA'),
(1302, 'AGUSTINA DAMAYANTI', '2', '400447', '400447', '-', '-', 'PEMALANG', '0000-00-00', 'Ds. Iser, Kec. Petarukan, Kab. Pemalang, Jawa Tengah   ', '-', 'user', 'SISWA'),
(1303, 'ALDI MUSTOFA PRANATA', '2', '400448', '400448', '-', '-', 'PEMALANG', '0000-00-00', 'Ds. Iser, Kec. Petarukan, Kab. Pemalang, Jawa Tengah   ', '-', 'user', 'SISWA'),
(1304, 'ALI CAKRA GOEVARA', '2', '400449', '400449', '-', '-', 'PEMALANG', '0000-00-00', 'Ds. Iser, Kec. Petarukan, Kab. Pemalang, Jawa Tengah   ', '-', 'user', 'SISWA'),
(1305, 'ANANDA REVALIZA AKBAR', '2', '400450', '400450', '-', '-', 'PEMALANG', '0000-00-00', 'Ds. Iser, Kec. Petarukan, Kab. Pemalang, Jawa Tengah   ', '-', 'user', 'SISWA'),
(1306, 'AULIA PUTRI LARASATI', '2', '400453', '400453', '-', '-', 'PEMALANG', '0000-00-00', 'Ds. Iser, Kec. Petarukan, Kab. Pemalang, Jawa Tengah   ', '-', 'user', 'SISWA'),
(1307, 'BAGAS RIZKY FEBIANO', '2', '400493', '400493', '-', '-', 'PEMALANG', '0000-00-00', 'Ds. Iser, Kec. Petarukan, Kab. Pemalang, Jawa Tengah   ', '-', 'user', 'SISWA'),
(1308, 'BAMBANG PRAYOGO', '2', '400494', '400494', '-', '-', 'PEMALANG', '0000-00-00', 'Ds. Iser, Kec. Petarukan, Kab. Pemalang, Jawa Tengah   ', '-', 'user', 'SISWA'),
(1309, 'BUNGA ZESILIA', '2', '400495', '400495', '-', '-', 'PEMALANG', '0000-00-00', 'Ds. Iser, Kec. Petarukan, Kab. Pemalang, Jawa Tengah   ', '-', 'user', 'SISWA'),
(1310, 'CAHYA NIASIH', '2', '400496', '400496', '-', '-', 'PEMALANG', '0000-00-00', 'Ds. Iser, Kec. Petarukan, Kab. Pemalang, Jawa Tengah   ', '-', 'user', 'SISWA'),
(1311, 'CALISTA ARGENTINA', '2', '400497', '400497', '-', '-', 'PEMALANG', '0000-00-00', 'Ds. Iser, Kec. Petarukan, Kab. Pemalang, Jawa Tengah   ', '-', 'user', 'SISWA'),
(1312, 'CLLARISA MINDY APRILIA', '2', '400455', '400455', '-', '-', 'PEMALANG', '0000-00-00', 'Ds. Iser, Kec. Petarukan, Kab. Pemalang, Jawa Tengah   ', '-', 'user', 'SISWA'),
(1313, 'DELLA FITRISIA', '2', '400457', '400457', '-', '-', 'PEMALANG', '0000-00-00', 'Ds. Iser, Kec. Petarukan, Kab. Pemalang, Jawa Tengah   ', '-', 'user', 'SISWA'),
(1314, 'DIAH AYUNINGRUM', '2', '400499', '400499', '-', '-', 'PEMALANG', '0000-00-00', 'Ds. Iser, Kec. Petarukan, Kab. Pemalang, Jawa Tengah   ', '-', 'user', 'SISWA'),
(1315, 'DINDA LESTARI', '2', '400500', '400500', '-', '-', 'PEMALANG', '0000-00-00', 'Ds. Iser, Kec. Petarukan, Kab. Pemalang, Jawa Tengah   ', '-', 'user', 'SISWA'),
(1316, 'DIVA JUNI ARIYANTI', '2', '400501', '400501', '-', '-', 'PEMALANG', '0000-00-00', 'Ds. Iser, Kec. Petarukan, Kab. Pemalang, Jawa Tengah   ', '-', 'user', 'SISWA'),
(1317, 'DIVA SEKAR KEDATHON', '2', '400502', '400502', '-', '-', 'PEMALANG', '0000-00-00', 'Ds. Iser, Kec. Petarukan, Kab. Pemalang, Jawa Tengah   ', '-', 'user', 'SISWA'),
(1318, 'DWI NUR AZIZAH', '2', '400458', '400458', '-', '-', 'PEMALANG', '0000-00-00', 'Ds. Iser, Kec. Petarukan, Kab. Pemalang, Jawa Tengah   ', '-', 'user', 'SISWA'),
(1319, 'FARISCA NELY AGUSTIN', '2', '400505', '400505', '-', '-', 'PEMALANG', '0000-00-00', 'Ds. Iser, Kec. Petarukan, Kab. Pemalang, Jawa Tengah   ', '-', 'user', 'SISWA'),
(1320, 'HAIFA AYU ANJASENO', '2', '400463', '400463', '-', '-', 'PEMALANG', '0000-00-00', 'Ds. Iser, Kec. Petarukan, Kab. Pemalang, Jawa Tengah   ', '-', 'user', 'SISWA'),
(1321, 'HARYANTO SETIAWAN', '2', '400464', '400464', '-', '-', 'PEMALANG', '0000-00-00', 'Ds. Iser, Kec. Petarukan, Kab. Pemalang, Jawa Tengah   ', '-', 'user', 'SISWA'),
(1322, 'HAURA AIDA FATHIN', '2', '400465', '400465', '-', '-', 'PEMALANG', '0000-00-00', 'Ds. Iser, Kec. Petarukan, Kab. Pemalang, Jawa Tengah   ', '-', 'user', 'SISWA'),
(1323, 'INTAN BUNGA CINTIA', '2', '400467', '400467', '-', '-', 'PEMALANG', '0000-00-00', 'Ds. Iser, Kec. Petarukan, Kab. Pemalang, Jawa Tengah   ', '-', 'user', 'SISWA'),
(1324, 'JESIKA YENI ERIYANTI', '2', '400507', '400507', '-', '-', 'PEMALANG', '0000-00-00', 'Ds. Iser, Kec. Petarukan, Kab. Pemalang, Jawa Tengah   ', '-', 'user', 'SISWA'),
(1325, 'KAYLA DWI HASTITI', '2', '400508', '400508', '-', '-', 'PEMALANG', '0000-00-00', 'Ds. Iser, Kec. Petarukan, Kab. Pemalang, Jawa Tengah   ', '-', 'user', 'SISWA'),
(1326, 'LATIFAH AULIYA UNNISA', '2', '400470', '400470', '-', '-', 'PEMALANG', '0000-00-00', 'Ds. Iser, Kec. Petarukan, Kab. Pemalang, Jawa Tengah   ', '-', 'user', 'SISWA'),
(1327, 'MIFTA NURMALLA AENI', '2', '400472', '400472', '-', '-', 'PEMALANG', '0000-00-00', 'Ds. Iser, Kec. Petarukan, Kab. Pemalang, Jawa Tengah   ', '-', 'user', 'SISWA'),
(1328, 'MUHAMMAD NAZRIL MAULANA ', '2', '400513', '400513', '-', '-', 'PEMALANG', '0000-00-00', 'Ds. Iser, Kec. Petarukan, Kab. Pemalang, Jawa Tengah   ', '-', 'user', 'SISWA'),
(1329, 'NICOLA ADITYA PUTRA', '2', '400474', '400474', '-', '-', 'PEMALANG', '0000-00-00', 'Ds. Iser, Kec. Petarukan, Kab. Pemalang, Jawa Tengah   ', '-', 'user', 'SISWA'),
(1330, 'NOVITA RACHMAWATI', '2', '400475', '400475', '-', '-', 'PEMALANG', '0000-00-00', 'Ds. Iser, Kec. Petarukan, Kab. Pemalang, Jawa Tengah   ', '-', 'user', 'SISWA'),
(1331, 'RIFKI AHMAD FIRMANSYAH', '2', '400478', '400478', '-', '-', 'PEMALANG', '0000-00-00', 'Ds. Iser, Kec. Petarukan, Kab. Pemalang, Jawa Tengah   ', '-', 'user', 'SISWA'),
(1332, 'RISMA ANASTYA PUTRI', '2', '400479', '400479', '-', '-', 'PEMALANG', '0000-00-00', 'Ds. Iser, Kec. Petarukan, Kab. Pemalang, Jawa Tengah   ', '-', 'user', 'SISWA'),
(1333, 'SAFA NURSIAMI ', '2', '400520', '400520', '-', '-', 'PEMALANG', '0000-00-00', 'Ds. Iser, Kec. Petarukan, Kab. Pemalang, Jawa Tengah   ', '-', 'user', 'SISWA'),
(1334, 'SINTIA NANDA TRI MELANI', '2', '400480', '400480', '-', '-', 'PEMALANG', '0000-00-00', 'Ds. Iser, Kec. Petarukan, Kab. Pemalang, Jawa Tengah   ', '-', 'user', 'SISWA'),
(1335, 'TIARA MAEMUNAH', '2', '400483', '400483', '-', '-', 'PEMALANG', '0000-00-00', 'Ds. Iser, Kec. Petarukan, Kab. Pemalang, Jawa Tengah   ', '-', 'user', 'SISWA'),
(1336, 'WIHANI LUTFI HIDAYAH', '2', '400526', '400526', '-', '-', 'PEMALANG', '0000-00-00', 'Ds. Iser, Kec. Petarukan, Kab. Pemalang, Jawa Tengah   ', '-', 'user', 'SISWA'),
(1337, 'WILDAN AUFA RIZQI', '2', '400527', '400527', '-', '-', 'PEMALANG', '0000-00-00', 'Ds. Iser, Kec. Petarukan, Kab. Pemalang, Jawa Tengah   ', '-', 'user', 'SISWA'),
(1338, 'WINARA FALIA PATI MUHID', '2', '400528', '400528', '-', '-', 'PEMALANG', '0000-00-00', 'Ds. Iser, Kec. Petarukan, Kab. Pemalang, Jawa Tengah   ', '-', 'user', 'SISWA'),
(1339, 'WITDIAH RETNO WATI', '2', '400485', '400485', '-', '-', 'PEMALANG', '0000-00-00', 'Ds. Iser, Kec. Petarukan, Kab. Pemalang, Jawa Tengah   ', '-', 'user', 'SISWA'),
(1340, 'YENI KUSUMA WARDANI', '2', '400529', '400529', '-', '-', 'PEMALANG', '0000-00-00', 'Ds. Iser, Kec. Petarukan, Kab. Pemalang, Jawa Tengah   ', '-', 'user', 'SISWA'),
(1341, 'ABDUL ROZAK SARIFUDIN ', '2', '102024', '102024', '-', '-', 'PEMALANG', '0000-00-00', 'Ds. Iser, Kec. Petarukan, Kab. Pemalang, Jawa Tengah   ', '-', 'user', 'SISWA'),
(1342, 'ADELIA GHESI SEFTIANI', '2', '102050', '102050', '-', '-', 'PEMALANG', '0000-00-00', 'Ds. Iser, Kec. Petarukan, Kab. Pemalang, Jawa Tengah   ', '-', 'user', 'SISWA'),
(1343, 'ANGGIS FIRDA MAWARNI', '2', '102026', '102026', '-', '-', 'PEMALANG', '0000-00-00', 'Ds. Iser, Kec. Petarukan, Kab. Pemalang, Jawa Tengah   ', '-', 'user', 'SISWA'),
(1344, 'ASYIK NUR CANTIKA', '2', '102027', '102027', '-', '-', 'PEMALANG', '0000-00-00', 'Ds. Iser, Kec. Petarukan, Kab. Pemalang, Jawa Tengah   ', '-', 'user', 'SISWA'),
(1345, 'BIMA SUJATMIKO', '2', '102054', '102054', '-', '-', 'PEMALANG', '0000-00-00', 'Ds. Iser, Kec. Petarukan, Kab. Pemalang, Jawa Tengah   ', '-', 'user', 'SISWA'),
(1346, 'CICA RETNO WULANDARI', '2', '102055', '102055', '-', '-', 'PEMALANG', '0000-00-00', 'Ds. Iser, Kec. Petarukan, Kab. Pemalang, Jawa Tengah   ', '-', 'user', 'SISWA'),
(1347, 'DESTA RAFFAEL', '2', '102049', '102049', '-', '-', 'PEMALANG', '0000-00-00', 'Ds. Iser, Kec. Petarukan, Kab. Pemalang, Jawa Tengah   ', '-', 'user', 'SISWA'),
(1348, 'DIMAS AGUNG PRIYANTO', '2', '102028', '102028', '-', '-', 'PEMALANG', '0000-00-00', 'Ds. Iser, Kec. Petarukan, Kab. Pemalang, Jawa Tengah   ', '-', 'user', 'SISWA'),
(1349, 'DINNA REVITA', '2', '102029', '102029', '-', '-', 'PEMALANG', '0000-00-00', 'Ds. Iser, Kec. Petarukan, Kab. Pemalang, Jawa Tengah   ', '-', 'user', 'SISWA'),
(1350, 'DIVKY YOGA RIZKYANTO', '2', '102031', '102031', '-', '-', 'PEMALANG', '0000-00-00', 'Ds. Iser, Kec. Petarukan, Kab. Pemalang, Jawa Tengah   ', '-', 'user', 'SISWA'),
(1351, 'HAMZAH SYAH PUTRA', '2', '102058', '102058', '-', '-', 'PEMALANG', '0000-00-00', 'Ds. Iser, Kec. Petarukan, Kab. Pemalang, Jawa Tengah   ', '-', 'user', 'SISWA'),
(1352, 'INTAN OCTAVIANI ', '2', '102059', '102059', '-', '-', 'PEMALANG', '0000-00-00', 'Ds. Iser, Kec. Petarukan, Kab. Pemalang, Jawa Tengah   ', '-', 'user', 'SISWA'),
(1353, 'KHUSNUL KHOTIMAH', '2', '102035', '102035', '-', '-', 'PEMALANG', '0000-00-00', 'Ds. Iser, Kec. Petarukan, Kab. Pemalang, Jawa Tengah   ', '-', 'user', 'SISWA'),
(1354, 'KRISNAWATI', '2', '102060', '102060', '-', '-', 'PEMALANG', '0000-00-00', 'Ds. Iser, Kec. Petarukan, Kab. Pemalang, Jawa Tengah   ', '-', 'user', 'SISWA'),
(1355, 'LUTFIATUL HIKMAH ', '2', '102061', '102061', '-', '-', 'PEMALANG', '0000-00-00', 'Ds. Iser, Kec. Petarukan, Kab. Pemalang, Jawa Tengah   ', '-', 'user', 'SISWA'),
(1356, 'MUHAMMAD FARIS ISHAM', '2', '102064', '102064', '-', '-', 'PEMALANG', '0000-00-00', 'Ds. Iser, Kec. Petarukan, Kab. Pemalang, Jawa Tengah   ', '-', 'user', 'SISWA'),
(1357, 'MUJIANTO', '2', '102065', '102065', '-', '-', 'PEMALANG', '0000-00-00', 'Ds. Iser, Kec. Petarukan, Kab. Pemalang, Jawa Tengah   ', '-', 'user', 'SISWA'),
(1358, 'NAILATUL FITRIYAH NURFAIZAH', '2', '102066', '102066', '-', '-', 'PEMALANG', '0000-00-00', 'Ds. Iser, Kec. Petarukan, Kab. Pemalang, Jawa Tengah   ', '-', 'user', 'SISWA'),
(1359, 'NUR TRIA MARSYIFAH', '2', '102040', '102040', '-', '-', 'PEMALANG', '0000-00-00', 'Ds. Iser, Kec. Petarukan, Kab. Pemalang, Jawa Tengah   ', '-', 'user', 'SISWA'),
(1360, 'PUTRI BUNGA ASIYAH', '2', '102041', '102041', '-', '-', 'PEMALANG', '0000-00-00', 'Ds. Iser, Kec. Petarukan, Kab. Pemalang, Jawa Tengah   ', '-', 'user', 'SISWA'),
(1361, 'PUTRI RAMADANI', '2', '102068', '102068', '-', '-', 'PEMALANG', '0000-00-00', 'Ds. Iser, Kec. Petarukan, Kab. Pemalang, Jawa Tengah   ', '-', 'user', 'SISWA'),
(1362, 'RIZKHA FAHREZA', '2', '102043', '102043', '-', '-', 'PEMALANG', '0000-00-00', 'Ds. Iser, Kec. Petarukan, Kab. Pemalang, Jawa Tengah   ', '-', 'user', 'SISWA'),
(1363, 'SINTA RISKI AULIA', '2', '102072', '102072', '-', '-', 'PEMALANG', '0000-00-00', 'Ds. Iser, Kec. Petarukan, Kab. Pemalang, Jawa Tengah   ', '-', 'user', 'SISWA'),
(1364, 'VIA SALSA AYU NINDITA', '2', '102048', '102048', '-', '-', 'PEMALANG', '0000-00-00', 'Ds. Iser, Kec. Petarukan, Kab. Pemalang, Jawa Tengah   ', '-', 'user', 'SISWA'),
(1365, 'YESY ERIKA RANI', '2', '102049', '102049', '-', '-', 'PEMALANG', '0000-00-00', 'Ds. Iser, Kec. Petarukan, Kab. Pemalang, Jawa Tengah   ', '-', 'user', 'SISWA'),
(1366, 'ABI HUZAIFAH', '2', '102025', '102025', '-', '-', 'PEMALANG', '0000-00-00', 'Ds. Iser, Kec. Petarukan, Kab. Pemalang, Jawa Tengah   ', '-', 'user', 'SISWA'),
(1367, 'AINI LARASATI', '2', '102051', '102051', '-', '-', 'PEMALANG', '0000-00-00', 'Ds. Iser, Kec. Petarukan, Kab. Pemalang, Jawa Tengah   ', '-', 'user', 'SISWA'),
(1368, 'AKBAR SETIAWAN', '2', '102052', '102052', '-', '-', 'PEMALANG', '0000-00-00', 'Ds. Iser, Kec. Petarukan, Kab. Pemalang, Jawa Tengah   ', '-', 'user', 'SISWA'),
(1369, 'ANDINI RIZKI YANTI ', '2', '102053', '102053', '-', '-', 'PEMALANG', '0000-00-00', 'Ds. Iser, Kec. Petarukan, Kab. Pemalang, Jawa Tengah   ', '-', 'user', 'SISWA'),
(1370, 'DAFIN ADITYA PRATAMA', '2', '102056', '102056', '-', '-', 'PEMALANG', '0000-00-00', 'Ds. Iser, Kec. Petarukan, Kab. Pemalang, Jawa Tengah   ', '-', 'user', 'SISWA'),
(1371, 'DIVA LOTTA QIRANI', '2', '102030', '102030', '-', '-', 'PEMALANG', '0000-00-00', 'Ds. Iser, Kec. Petarukan, Kab. Pemalang, Jawa Tengah   ', '-', 'user', 'SISWA'),
(1372, 'EKA NUR OKTAVIA WULANDA', '2', '102032', '102032', '-', '-', 'PEMALANG', '0000-00-00', 'Ds. Iser, Kec. Petarukan, Kab. Pemalang, Jawa Tengah   ', '-', 'user', 'SISWA'),
(1373, 'FACHRI DIEWANGGA ', '2', '102033', '102033', '-', '-', 'PEMALANG', '0000-00-00', 'Ds. Iser, Kec. Petarukan, Kab. Pemalang, Jawa Tengah   ', '-', 'user', 'SISWA'),
(1374, 'FADIL MUHAMAD ', '2', '102057', '102057', '-', '-', 'PEMALANG', '0000-00-00', 'Ds. Iser, Kec. Petarukan, Kab. Pemalang, Jawa Tengah   ', '-', 'user', 'SISWA'),
(1375, 'KESYA AMELIAWATI', '2', '102034', '102034', '-', '-', 'PEMALANG', '0000-00-00', 'Ds. Iser, Kec. Petarukan, Kab. Pemalang, Jawa Tengah   ', '-', 'user', 'SISWA'),
(1376, 'MAKAYLA SHIFA FITRIANI', '2', '102062', '102062', '-', '-', 'PEMALANG', '0000-00-00', 'Ds. Iser, Kec. Petarukan, Kab. Pemalang, Jawa Tengah   ', '-', 'user', 'SISWA'),
(1377, 'MITA CITRA BELA', '2', '102063', '102063', '-', '-', 'PEMALANG', '0000-00-00', 'Ds. Iser, Kec. Petarukan, Kab. Pemalang, Jawa Tengah   ', '-', 'user', 'SISWA'),
(1378, 'MUHAMMAD TOMI\'URIDWAN ', '2', '102037', '102037', '-', '-', 'PEMALANG', '0000-00-00', 'Ds. Iser, Kec. Petarukan, Kab. Pemalang, Jawa Tengah   ', '-', 'user', 'SISWA'),
(1379, 'MUHAMMAD YAZID ALZIDAN', '2', '102038', '102038', '-', '-', 'PEMALANG', '0000-00-00', 'Ds. Iser, Kec. Petarukan, Kab. Pemalang, Jawa Tengah   ', '-', 'user', 'SISWA'),
(1380, 'NAILIL RISQI MENTARI', '2', '102067', '102067', '-', '-', 'PEMALANG', '0000-00-00', 'Ds. Iser, Kec. Petarukan, Kab. Pemalang, Jawa Tengah   ', '-', 'user', 'SISWA'),
(1381, 'NOFITA SARI', '2', '102039', '102039', '-', '-', 'PEMALANG', '0000-00-00', 'Ds. Iser, Kec. Petarukan, Kab. Pemalang, Jawa Tengah   ', '-', 'user', 'SISWA'),
(1382, 'RIFA PUTRI UTAMI', '2', '102070', '102070', '-', '-', 'PEMALANG', '0000-00-00', 'Ds. Iser, Kec. Petarukan, Kab. Pemalang, Jawa Tengah   ', '-', 'user', 'SISWA'),
(1383, 'RISTIANI AGUSTIN', '2', '102071', '102071', '-', '-', 'PEMALANG', '0000-00-00', 'Ds. Iser, Kec. Petarukan, Kab. Pemalang, Jawa Tengah   ', '-', 'user', 'SISWA'),
(1384, 'RIYAN HIDAYATULLAH', '2', '102042', '102042', '-', '-', 'PEMALANG', '0000-00-00', 'Ds. Iser, Kec. Petarukan, Kab. Pemalang, Jawa Tengah   ', '-', 'user', 'SISWA'),
(1385, 'ROHAENI', '2', '102044', '102044', '-', '-', 'PEMALANG', '0000-00-00', 'Ds. Iser, Kec. Petarukan, Kab. Pemalang, Jawa Tengah   ', '-', 'user', 'SISWA'),
(1386, 'SELVINA DWI MAELANI', '2', '102045', '102045', '-', '-', 'PEMALANG', '0000-00-00', 'Ds. Iser, Kec. Petarukan, Kab. Pemalang, Jawa Tengah   ', '-', 'user', 'SISWA'),
(1387, 'SINDI AYU APRIYANTI', '2', '102046', '102046', '-', '-', 'PEMALANG', '0000-00-00', 'Ds. Iser, Kec. Petarukan, Kab. Pemalang, Jawa Tengah   ', '-', 'user', 'SISWA'),
(1388, 'SOFIYYATUL KHABIBAH', '2', '102073', '102073', '-', '-', 'PEMALANG', '0000-00-00', 'Ds. Iser, Kec. Petarukan, Kab. Pemalang, Jawa Tengah   ', '-', 'user', 'SISWA'),
(1389, 'ULFA SULISTIOWATI', '2', '102047', '102047', '-', '-', 'PEMALANG', '0000-00-00', 'Ds. Iser, Kec. Petarukan, Kab. Pemalang, Jawa Tengah   ', '-', 'user', 'SISWA'),
(1390, 'ZIDNI AFIFURROHMAN', '2', '102076', '102076', '-', '-', 'PEMALANG', '0000-00-00', 'Ds. Iser, Kec. Petarukan, Kab. Pemalang, Jawa Tengah   ', '-', 'user', 'SISWA'),
(1391, 'ABDURROZAQ ROMADONI', '2', '205282', '205282', '-', '-', 'PEMALANG', '0000-00-00', 'Ds. Iser, Kec. Petarukan, Kab. Pemalang, Jawa Tengah   ', '-', 'user', 'SISWA'),
(1392, 'ADIAS RIZKY PRATAMA', '2', '205283', '205283', '-', '-', 'PEMALANG', '0000-00-00', 'Ds. Iser, Kec. Petarukan, Kab. Pemalang, Jawa Tengah   ', '-', 'user', 'SISWA'),
(1393, 'ADITYA SAPUTRA', '2', '205286', '205286', '-', '-', 'PEMALANG', '0000-00-00', 'Ds. Iser, Kec. Petarukan, Kab. Pemalang, Jawa Tengah   ', '-', 'user', 'SISWA'),
(1394, 'AHMAD NUR GALIH ', '2', '205323', '205323', '-', '-', 'PEMALANG', '0000-00-00', 'Ds. Iser, Kec. Petarukan, Kab. Pemalang, Jawa Tengah   ', '-', 'user', 'SISWA'),
(1395, 'AHMAD SUWANDI', '2', '205357', '205357', '-', '-', 'PEMALANG', '0000-00-00', 'Ds. Iser, Kec. Petarukan, Kab. Pemalang, Jawa Tengah   ', '-', 'user', 'SISWA'),
(1396, 'AMAR SUPRIYADI', '2', '205394', '205394', '-', '-', 'PEMALANG', '0000-00-00', 'Ds. Iser, Kec. Petarukan, Kab. Pemalang, Jawa Tengah   ', '-', 'user', 'SISWA'),
(1397, 'DHINNO SANI ANGGORO', '2', '205326', '205326', '-', '-', 'PEMALANG', '0000-00-00', 'Ds. Iser, Kec. Petarukan, Kab. Pemalang, Jawa Tengah   ', '-', 'user', 'SISWA'),
(1398, 'DIMAS ANGGA FADILAH', '2', '205329', '205329', '-', '-', 'PEMALANG', '0000-00-00', 'Ds. Iser, Kec. Petarukan, Kab. Pemalang, Jawa Tengah   ', '-', 'user', 'SISWA'),
(1399, 'DIMAS MAHENDRA', '2', '205363', '205363', '-', '-', 'PEMALANG', '0000-00-00', 'Ds. Iser, Kec. Petarukan, Kab. Pemalang, Jawa Tengah   ', '-', 'user', 'SISWA'),
(1400, 'FAJAR DWIKA APRILIANSYAH', '2', '205398', '205398', '-', '-', 'PEMALANG', '0000-00-00', 'Ds. Iser, Kec. Petarukan, Kab. Pemalang, Jawa Tengah   ', '-', 'user', 'SISWA'),
(1401, 'FIKRII NADHIF FAKHRIANSYAH', '2', '205297', '205297', '-', '-', 'PEMALANG', '0000-00-00', 'Ds. Iser, Kec. Petarukan, Kab. Pemalang, Jawa Tengah   ', '-', 'user', 'SISWA'),
(1402, 'GRADY ANANDA PRASETYO', '2', '205301', '205301', '-', '-', 'PEMALANG', '0000-00-00', 'Ds. Iser, Kec. Petarukan, Kab. Pemalang, Jawa Tengah   ', '-', 'user', 'SISWA'),
(1403, 'ILHAM', '2', '205369', '205369', '-', '-', 'PEMALANG', '0000-00-00', 'Ds. Iser, Kec. Petarukan, Kab. Pemalang, Jawa Tengah   ', '-', 'user', 'SISWA'),
(1404, 'ILHAM SYAHRUL AKBAR', '2', '205370', '205370', '-', '-', 'PEMALANG', '0000-00-00', 'Ds. Iser, Kec. Petarukan, Kab. Pemalang, Jawa Tengah   ', '-', 'user', 'SISWA'),
(1405, 'LINTANG ALFISA BANA', '2', '205305', '205305', '-', '-', 'PEMALANG', '0000-00-00', 'Ds. Iser, Kec. Petarukan, Kab. Pemalang, Jawa Tengah   ', '-', 'user', 'SISWA'),
(1406, 'M RISKI ADLI MUSTOFA ', '2', '205383', '205383', '-', '-', 'PEMALANG', '0000-00-00', 'Ds. Iser, Kec. Petarukan, Kab. Pemalang, Jawa Tengah   ', '-', 'user', 'SISWA'),
(1407, 'M.ALIFFALDIN', '2', '205376', '205376', '-', '-', 'PEMALANG', '0000-00-00', 'Ds. Iser, Kec. Petarukan, Kab. Pemalang, Jawa Tengah   ', '-', 'user', 'SISWA'),
(1408, 'MAULANA AGUS RISDIYANTO', '2', '205336', '205336', '-', '-', 'PEMALANG', '0000-00-00', 'Ds. Iser, Kec. Petarukan, Kab. Pemalang, Jawa Tengah   ', '-', 'user', 'SISWA'),
(1409, 'MUHAMAD IRFAN KURNIAWAN', '2', '205409', '205409', '-', '-', 'PEMALANG', '0000-00-00', 'Ds. Iser, Kec. Petarukan, Kab. Pemalang, Jawa Tengah   ', '-', 'user', 'SISWA'),
(1410, 'MUHAMMAD ILHAM AINUROYYAN', '2', '205342', '205342', '-', '-', 'PEMALANG', '0000-00-00', 'Ds. Iser, Kec. Petarukan, Kab. Pemalang, Jawa Tengah   ', '-', 'user', 'SISWA'),
(1411, 'MUHAMMAD RAFI AR RAZZAQ', '2', '205380', '205380', '-', '-', 'PEMALANG', '0000-00-00', 'Ds. Iser, Kec. Petarukan, Kab. Pemalang, Jawa Tengah   ', '-', 'user', 'SISWA'),
(1412, 'MUHAMMAD RIFKI AMIRUL KHUSNI ', '2', '205382', '205382', '-', '-', 'PEMALANG', '0000-00-00', 'Ds. Iser, Kec. Petarukan, Kab. Pemalang, Jawa Tengah   ', '-', 'user', 'SISWA'),
(1413, 'MUHAMMAD TEGAR SETIAWAN', '2', '205384', '205384', '-', '-', 'PEMALANG', '0000-00-00', 'Ds. Iser, Kec. Petarukan, Kab. Pemalang, Jawa Tengah   ', '-', 'user', 'SISWA'),
(1414, 'MUHAMMAD YUSUP YANUAR', '2', '205414', '205414', '-', '-', 'PEMALANG', '0000-00-00', 'Ds. Iser, Kec. Petarukan, Kab. Pemalang, Jawa Tengah   ', '-', 'user', 'SISWA'),
(1415, 'NAUFAL ILYASA', '2', '205417', '205417', '-', '-', 'PEMALANG', '0000-00-00', 'Ds. Iser, Kec. Petarukan, Kab. Pemalang, Jawa Tengah   ', '-', 'user', 'SISWA'),
(1416, 'RAFA ADITYA REYNANDRA', '2', '205313', '205313', '-', '-', 'PEMALANG', '0000-00-00', 'Ds. Iser, Kec. Petarukan, Kab. Pemalang, Jawa Tengah   ', '-', 'user', 'SISWA'),
(1417, 'RASSYA JULIANTO ', '2', '205316', '205316', '-', '-', 'PEMALANG', '0000-00-00', 'Ds. Iser, Kec. Petarukan, Kab. Pemalang, Jawa Tengah   ', '-', 'user', 'SISWA'),
(1418, 'REHAN RASYA SETIAWAN ', '2', '205317', '205317', '-', '-', 'PEMALANG', '0000-00-00', 'Ds. Iser, Kec. Petarukan, Kab. Pemalang, Jawa Tengah   ', '-', 'user', 'SISWA'),
(1419, 'RESTU PAMBUDI', '2', '205347', '205347', '-', '-', 'PEMALANG', '0000-00-00', 'Ds. Iser, Kec. Petarukan, Kab. Pemalang, Jawa Tengah   ', '-', 'user', 'SISWA'),
(1420, 'RIO HADINATA ', '2', '205386', '205386', '-', '-', 'PEMALANG', '0000-00-00', 'Ds. Iser, Kec. Petarukan, Kab. Pemalang, Jawa Tengah   ', '-', 'user', 'SISWA'),
(1421, 'ROFIF SYARIFFUDIN', '2', '205390', '205390', '-', '-', 'PEMALANG', '0000-00-00', 'Ds. Iser, Kec. Petarukan, Kab. Pemalang, Jawa Tengah   ', '-', 'user', 'SISWA'),
(1422, 'SUTA ARI FIFALDY', '2', '205422', '205422', '-', '-', 'PEMALANG', '0000-00-00', 'Ds. Iser, Kec. Petarukan, Kab. Pemalang, Jawa Tengah   ', '-', 'user', 'SISWA'),
(1423, 'ZAKI KURNIAWAN BAINI', '2', '205426', '205426', '-', '-', 'PEMALANG', '0000-00-00', 'Ds. Iser, Kec. Petarukan, Kab. Pemalang, Jawa Tengah   ', '-', 'user', 'SISWA'),
(1424, 'A.FARID FAKHRUDIN ', '2', '205358', '205358', '-', '-', 'PEMALANG', '0000-00-00', 'Ds. Iser, Kec. Petarukan, Kab. Pemalang, Jawa Tengah   ', '-', 'user', 'SISWA'),
(1425, 'ADITYA PANDU PRASETYO', '2', '205285', '205285', '-', '-', 'PEMALANG', '0000-00-00', 'Ds. Iser, Kec. Petarukan, Kab. Pemalang, Jawa Tengah   ', '-', 'user', 'SISWA'),
(1426, 'AHMAD NISAR ', '2', '205322', '205322', '-', '-', 'PEMALANG', '0000-00-00', 'Ds. Iser, Kec. Petarukan, Kab. Pemalang, Jawa Tengah   ', '-', 'user', 'SISWA'),
(1427, 'AHMAD RISKI FADILAH', '2', '205324', '205324', '-', '-', 'PEMALANG', '0000-00-00', 'Ds. Iser, Kec. Petarukan, Kab. Pemalang, Jawa Tengah   ', '-', 'user', 'SISWA'),
(1428, 'ALAN NEPI PRATAMA', '2', '205359', '205359', '-', '-', 'PEMALANG', '0000-00-00', 'Ds. Iser, Kec. Petarukan, Kab. Pemalang, Jawa Tengah   ', '-', 'user', 'SISWA'),
(1429, 'ALDI ANDREANSYAH', '2', '205360', '205360', '-', '-', 'PEMALANG', '0000-00-00', 'Ds. Iser, Kec. Petarukan, Kab. Pemalang, Jawa Tengah   ', '-', 'user', 'SISWA'),
(1430, 'ANGGA JERIANTO ', '2', '205396', '205396', '-', '-', 'PEMALANG', '0000-00-00', 'Ds. Iser, Kec. Petarukan, Kab. Pemalang, Jawa Tengah   ', '-', 'user', 'SISWA'),
(1431, 'BAGAS IVAN PERMANA', '2', '205429', '205429', '-', '-', 'PEMALANG', '0000-00-00', 'Ds. Iser, Kec. Petarukan, Kab. Pemalang, Jawa Tengah   ', '-', 'user', 'SISWA'),
(1432, 'DAVID HARDIANZYAH', '2', '205325', '205325', '-', '-', 'PEMALANG', '0000-00-00', 'Ds. Iser, Kec. Petarukan, Kab. Pemalang, Jawa Tengah   ', '-', 'user', 'SISWA'),
(1433, 'DICKA ALFANSYAH', '2', '205327', '205327', '-', '-', 'PEMALANG', '0000-00-00', 'Ds. Iser, Kec. Petarukan, Kab. Pemalang, Jawa Tengah   ', '-', 'user', 'SISWA'),
(1434, 'DOD SYARIFUDIN', '2', '205362', '205362', '-', '-', 'PEMALANG', '0000-00-00', 'Ds. Iser, Kec. Petarukan, Kab. Pemalang, Jawa Tengah   ', '-', 'user', 'SISWA'),
(1435, 'EDO ARDIANSYAH', '2', '205295', '205295', '-', '-', 'PEMALANG', '0000-00-00', 'Ds. Iser, Kec. Petarukan, Kab. Pemalang, Jawa Tengah   ', '-', 'user', 'SISWA'),
(1436, 'ENGGAR KURNIAWAN ', '2', '205365', '205365', '-', '-', 'PEMALANG', '0000-00-00', 'Ds. Iser, Kec. Petarukan, Kab. Pemalang, Jawa Tengah   ', '-', 'user', 'SISWA'),
(1437, 'FERDI FATAHILAH ARSO', '2', '205296', '205296', '-', '-', 'PEMALANG', '0000-00-00', 'Ds. Iser, Kec. Petarukan, Kab. Pemalang, Jawa Tengah   ', '-', 'user', 'SISWA'),
(1438, 'GADIS DWI LATIFAH', '2', '205298', '205298', '-', '-', 'PEMALANG', '0000-00-00', 'Ds. Iser, Kec. Petarukan, Kab. Pemalang, Jawa Tengah   ', '-', 'user', 'SISWA'),
(1439, 'GALANG ATHA RADITTYA', '2', '205299', '205299', '-', '-', 'PEMALANG', '0000-00-00', 'Ds. Iser, Kec. Petarukan, Kab. Pemalang, Jawa Tengah   ', '-', 'user', 'SISWA'),
(1440, 'GALANG SAPUTRA', '2', '205300', '205300', '-', '-', 'PEMALANG', '0000-00-00', 'Ds. Iser, Kec. Petarukan, Kab. Pemalang, Jawa Tengah   ', '-', 'user', 'SISWA'),
(1441, 'IRKHAM ADI SAPUTRA', '2', '205405', '205405', '-', '-', 'PEMALANG', '0000-00-00', 'Ds. Iser, Kec. Petarukan, Kab. Pemalang, Jawa Tengah   ', '-', 'user', 'SISWA'),
(1442, 'JORDHI IRAWAN', '2', '205406', '205406', '-', '-', 'PEMALANG', '0000-00-00', 'Ds. Iser, Kec. Petarukan, Kab. Pemalang, Jawa Tengah   ', '-', 'user', 'SISWA');
INSERT INTO `tb_user` (`id_user`, `nama_lengkap`, `position`, `user`, `pass`, `email`, `no_whatsapp`, `temp_lahir`, `tgl_lahir`, `alamat_sekarang`, `img_profile`, `id_level`, `id_organisasi`) VALUES
(1443, 'JULIO INDRA WARAT', '2', '205407', '205407', '-', '-', 'PEMALANG', '0000-00-00', 'Ds. Iser, Kec. Petarukan, Kab. Pemalang, Jawa Tengah   ', '-', 'user', 'SISWA'),
(1444, 'KRISTIAN EKO SYAHPUTRA', '2', '205303', '205303', '-', '-', 'PEMALANG', '0000-00-00', 'Ds. Iser, Kec. Petarukan, Kab. Pemalang, Jawa Tengah   ', '-', 'user', 'SISWA'),
(1445, 'KUSNADI', '2', '205304', '205304', '-', '-', 'PEMALANG', '0000-00-00', 'Ds. Iser, Kec. Petarukan, Kab. Pemalang, Jawa Tengah   ', '-', 'user', 'SISWA'),
(1446, 'LINTANG DIMAS WAHYU SAPUTRA', '2', '205335', '205335', '-', '-', 'PEMALANG', '0000-00-00', 'Ds. Iser, Kec. Petarukan, Kab. Pemalang, Jawa Tengah   ', '-', 'user', 'SISWA'),
(1447, 'M.REZEKI NUR WAHID', '2', '205381', '205381', '-', '-', 'PEMALANG', '0000-00-00', 'Ds. Iser, Kec. Petarukan, Kab. Pemalang, Jawa Tengah   ', '-', 'user', 'SISWA'),
(1448, 'MUBDI AL BASITH', '2', '205375', '205375', '-', '-', 'PEMALANG', '0000-00-00', 'Ds. Iser, Kec. Petarukan, Kab. Pemalang, Jawa Tengah   ', '-', 'user', 'SISWA'),
(1449, 'MUHAMAD HAMDANI', '2', '205377', '205377', '-', '-', 'PEMALANG', '0000-00-00', 'Ds. Iser, Kec. Petarukan, Kab. Pemalang, Jawa Tengah   ', '-', 'user', 'SISWA'),
(1450, 'MUHAMMAD ADLI', '2', '205411', '205411', '-', '-', 'PEMALANG', '0000-00-00', 'Ds. Iser, Kec. Petarukan, Kab. Pemalang, Jawa Tengah   ', '-', 'user', 'SISWA'),
(1451, 'MUHAMMAD CHAIDAR ALI', '2', '205309', '205309', '-', '-', 'PEMALANG', '0000-00-00', 'Ds. Iser, Kec. Petarukan, Kab. Pemalang, Jawa Tengah   ', '-', 'user', 'SISWA'),
(1452, 'MUHAMMAD IQSAN', '2', '205343', '205343', '-', '-', 'PEMALANG', '0000-00-00', 'Ds. Iser, Kec. Petarukan, Kab. Pemalang, Jawa Tengah   ', '-', 'user', 'SISWA'),
(1453, 'NOFAN ADI PRASETYO', '2', '205418', '205418', '-', '-', 'PEMALANG', '0000-00-00', 'Ds. Iser, Kec. Petarukan, Kab. Pemalang, Jawa Tengah   ', '-', 'user', 'SISWA'),
(1454, 'RANGGA ARI PUTRA', '2', '205315', '205315', '-', '-', 'PEMALANG', '0000-00-00', 'Ds. Iser, Kec. Petarukan, Kab. Pemalang, Jawa Tengah   ', '-', 'user', 'SISWA'),
(1455, 'REHAN SAPUTRA ', '2', '205346', '205346', '-', '-', 'PEMALANG', '0000-00-00', 'Ds. Iser, Kec. Petarukan, Kab. Pemalang, Jawa Tengah   ', '-', 'user', 'SISWA'),
(1456, 'SITI INDAH LESTARI', '2', '205318', '205318', '-', '-', 'PEMALANG', '0000-00-00', 'Ds. Iser, Kec. Petarukan, Kab. Pemalang, Jawa Tengah   ', '-', 'user', 'SISWA'),
(1457, 'YOGA SA\'BAN PRATAMA', '2', '205352', '205352', '-', '-', 'PEMALANG', '0000-00-00', 'Ds. Iser, Kec. Petarukan, Kab. Pemalang, Jawa Tengah   ', '-', 'user', 'SISWA'),
(1458, 'AFIF IRSYADUL AUFA', '2', '205320', '205320', '-', '-', 'PEMALANG', '0000-00-00', 'Ds. Iser, Kec. Petarukan, Kab. Pemalang, Jawa Tengah   ', '-', 'user', 'SISWA'),
(1459, 'AGIL ROMADHAN', '2', '205321', '205321', '-', '-', 'PEMALANG', '0000-00-00', 'Ds. Iser, Kec. Petarukan, Kab. Pemalang, Jawa Tengah   ', '-', 'user', 'SISWA'),
(1460, 'ALINDO SEGARA', '2', '205393', '205393', '-', '-', 'PEMALANG', '0000-00-00', 'Ds. Iser, Kec. Petarukan, Kab. Pemalang, Jawa Tengah   ', '-', 'user', 'SISWA'),
(1461, 'ANDRIAN DWIANSYAH', '2', '205395', '205395', '-', '-', 'PEMALANG', '0000-00-00', 'Ds. Iser, Kec. Petarukan, Kab. Pemalang, Jawa Tengah   ', '-', 'user', 'SISWA'),
(1462, 'ARDAN AUNIL KHAQ', '2', '205287', '205287', '-', '-', 'PEMALANG', '0000-00-00', 'Ds. Iser, Kec. Petarukan, Kab. Pemalang, Jawa Tengah   ', '-', 'user', 'SISWA'),
(1463, 'CASMITO SAPUTRA', '2', '205291', '205291', '-', '-', 'PEMALANG', '0000-00-00', 'Ds. Iser, Kec. Petarukan, Kab. Pemalang, Jawa Tengah   ', '-', 'user', 'SISWA'),
(1464, 'DAFA BRIAN AFANDA', '2', '205292', '205292', '-', '-', 'PEMALANG', '0000-00-00', 'Ds. Iser, Kec. Petarukan, Kab. Pemalang, Jawa Tengah   ', '-', 'user', 'SISWA'),
(1465, 'FAHMI NAUFAL HUSNI', '2', '205367', '205367', '-', '-', 'PEMALANG', '0000-00-00', 'Ds. Iser, Kec. Petarukan, Kab. Pemalang, Jawa Tengah   ', '-', 'user', 'SISWA'),
(1466, 'FAJAR RIZKI RAMADHANI ', '2', '205400', '205400', '-', '-', 'PEMALANG', '0000-00-00', 'Ds. Iser, Kec. Petarukan, Kab. Pemalang, Jawa Tengah   ', '-', 'user', 'SISWA'),
(1467, 'FARIEL DWI SISWOYO', '2', '205402', '205402', '-', '-', 'PEMALANG', '0000-00-00', 'Ds. Iser, Kec. Petarukan, Kab. Pemalang, Jawa Tengah   ', '-', 'user', 'SISWA'),
(1468, 'FEBY SALISA PUTRA WARDANA', '2', '205403', '205403', '-', '-', 'PEMALANG', '0000-00-00', 'Ds. Iser, Kec. Petarukan, Kab. Pemalang, Jawa Tengah   ', '-', 'user', 'SISWA'),
(1469, 'HADID AMAR ALI IMRON', '2', '205330', '205330', '-', '-', 'PEMALANG', '0000-00-00', 'Ds. Iser, Kec. Petarukan, Kab. Pemalang, Jawa Tengah   ', '-', 'user', 'SISWA'),
(1470, 'HAVITZ CHAIRUL AZMI', '2', '205331', '205331', '-', '-', 'PEMALANG', '0000-00-00', 'Ds. Iser, Kec. Petarukan, Kab. Pemalang, Jawa Tengah   ', '-', 'user', 'SISWA'),
(1471, 'HEKSA YULIANO', '2', '205332', '205332', '-', '-', 'PEMALANG', '0000-00-00', 'Ds. Iser, Kec. Petarukan, Kab. Pemalang, Jawa Tengah   ', '-', 'user', 'SISWA'),
(1472, 'IBNU BAGAS SETIAWAN', '2', '205333', '205333', '-', '-', 'PEMALANG', '0000-00-00', 'Ds. Iser, Kec. Petarukan, Kab. Pemalang, Jawa Tengah   ', '-', 'user', 'SISWA'),
(1473, 'IKHSANIL MUQOROBIN RIZQUM', '2', '205334', '205334', '-', '-', 'PEMALANG', '0000-00-00', 'Ds. Iser, Kec. Petarukan, Kab. Pemalang, Jawa Tengah   ', '-', 'user', 'SISWA'),
(1474, 'INDRA DANDA SAPUTRA', '2', '205404', '205404', '-', '-', 'PEMALANG', '0000-00-00', 'Ds. Iser, Kec. Petarukan, Kab. Pemalang, Jawa Tengah   ', '-', 'user', 'SISWA'),
(1475, 'MUHAMAD HANIF', '2', '205378', '205378', '-', '-', 'PEMALANG', '0000-00-00', 'Ds. Iser, Kec. Petarukan, Kab. Pemalang, Jawa Tengah   ', '-', 'user', 'SISWA'),
(1476, 'MUHAMMAD ALLAN AMIRULAH', '2', '205413', '205413', '-', '-', 'PEMALANG', '0000-00-00', 'Ds. Iser, Kec. Petarukan, Kab. Pemalang, Jawa Tengah   ', '-', 'user', 'SISWA'),
(1477, 'MUHAMMAD ARDIAN FAHLEVI', '2', '205306', '205306', '-', '-', 'PEMALANG', '0000-00-00', 'Ds. Iser, Kec. Petarukan, Kab. Pemalang, Jawa Tengah   ', '-', 'user', 'SISWA'),
(1478, 'MUHAMMAD ARIF UDIN', '2', '205307', '205307', '-', '-', 'PEMALANG', '0000-00-00', 'Ds. Iser, Kec. Petarukan, Kab. Pemalang, Jawa Tengah   ', '-', 'user', 'SISWA'),
(1479, 'MUHAMMAD PRAYOGA', '2', '205345', '205345', '-', '-', 'PEMALANG', '0000-00-00', 'Ds. Iser, Kec. Petarukan, Kab. Pemalang, Jawa Tengah   ', '-', 'user', 'SISWA'),
(1480, 'MUHAMMAD RAFA SAPUTRA', '2', '205379', '205379', '-', '-', 'PEMALANG', '0000-00-00', 'Ds. Iser, Kec. Petarukan, Kab. Pemalang, Jawa Tengah   ', '-', 'user', 'SISWA'),
(1481, 'PANDU PANGESTU LUTFI', '2', '205419', '205419', '-', '-', 'PEMALANG', '0000-00-00', 'Ds. Iser, Kec. Petarukan, Kab. Pemalang, Jawa Tengah   ', '-', 'user', 'SISWA'),
(1482, 'RIO ADITYA', '2', '205385', '205385', '-', '-', 'PEMALANG', '0000-00-00', 'Ds. Iser, Kec. Petarukan, Kab. Pemalang, Jawa Tengah   ', '-', 'user', 'SISWA'),
(1483, 'SIROJUDDIN SODIK', '2', '205420', '205420', '-', '-', 'PEMALANG', '0000-00-00', 'Ds. Iser, Kec. Petarukan, Kab. Pemalang, Jawa Tengah   ', '-', 'user', 'SISWA'),
(1484, 'TATA ANANG JAWI', '2', '205423', '205423', '-', '-', 'PEMALANG', '0000-00-00', 'Ds. Iser, Kec. Petarukan, Kab. Pemalang, Jawa Tengah   ', '-', 'user', 'SISWA'),
(1485, 'WAHANA PIJAR KEKALIH PRATISNO', '2', '205319', '205319', '-', '-', 'PEMALANG', '0000-00-00', 'Ds. Iser, Kec. Petarukan, Kab. Pemalang, Jawa Tengah   ', '-', 'user', 'SISWA'),
(1486, 'WENDI NURKHOLIK', '2', '205391', '205391', '-', '-', 'PEMALANG', '0000-00-00', 'Ds. Iser, Kec. Petarukan, Kab. Pemalang, Jawa Tengah   ', '-', 'user', 'SISWA'),
(1487, 'WILDHAN AFRIAN', '2', '205392', '205392', '-', '-', 'PEMALANG', '0000-00-00', 'Ds. Iser, Kec. Petarukan, Kab. Pemalang, Jawa Tengah   ', '-', 'user', 'SISWA'),
(1488, 'YOLI AKBAR PRASETYO', '2', '205353', '205353', '-', '-', 'PEMALANG', '0000-00-00', 'Ds. Iser, Kec. Petarukan, Kab. Pemalang, Jawa Tengah   ', '-', 'user', 'SISWA'),
(1489, 'YOPY ARLANTIO', '2', '205354', '205354', '-', '-', 'PEMALANG', '0000-00-00', 'Ds. Iser, Kec. Petarukan, Kab. Pemalang, Jawa Tengah   ', '-', 'user', 'SISWA'),
(1490, 'ZAKI ALI MULHAKIM', '2', '205355', '205355', '-', '-', 'PEMALANG', '0000-00-00', 'Ds. Iser, Kec. Petarukan, Kab. Pemalang, Jawa Tengah   ', '-', 'user', 'SISWA'),
(1491, 'ANGGA REVA RAMADHAN', '2', '205397', '205397', '-', '-', 'PEMALANG', '0000-00-00', 'Ds. Iser, Kec. Petarukan, Kab. Pemalang, Jawa Tengah   ', '-', 'user', 'SISWA'),
(1492, 'ARGA ARKANANTA', '2', '205288', '205288', '-', '-', 'PEMALANG', '0000-00-00', 'Ds. Iser, Kec. Petarukan, Kab. Pemalang, Jawa Tengah   ', '-', 'user', 'SISWA'),
(1493, 'ASHRAF ADHA NUGRAHA', '2', '205289', '205289', '-', '-', 'PEMALANG', '0000-00-00', 'Ds. Iser, Kec. Petarukan, Kab. Pemalang, Jawa Tengah   ', '-', 'user', 'SISWA'),
(1494, 'AVILLA UNWA RAMADHAN', '2', '205290', '205290', '-', '-', 'PEMALANG', '0000-00-00', 'Ds. Iser, Kec. Petarukan, Kab. Pemalang, Jawa Tengah   ', '-', 'user', 'SISWA'),
(1495, 'DANI FIRMANSYAH', '2', '205293', '205293', '-', '-', 'PEMALANG', '0000-00-00', 'Ds. Iser, Kec. Petarukan, Kab. Pemalang, Jawa Tengah   ', '-', 'user', 'SISWA'),
(1496, 'DIKA BAYU PRAKASA', '2', '205328', '205328', '-', '-', 'PEMALANG', '0000-00-00', 'Ds. Iser, Kec. Petarukan, Kab. Pemalang, Jawa Tengah   ', '-', 'user', 'SISWA'),
(1497, 'DIMAS DANU PRAYUGO', '2', '205294', '205294', '-', '-', 'PEMALANG', '0000-00-00', 'Ds. Iser, Kec. Petarukan, Kab. Pemalang, Jawa Tengah   ', '-', 'user', 'SISWA'),
(1498, 'EKO WARDIYANTO', '2', '205364', '205364', '-', '-', 'PEMALANG', '0000-00-00', 'Ds. Iser, Kec. Petarukan, Kab. Pemalang, Jawa Tengah   ', '-', 'user', 'SISWA'),
(1499, 'ENU JUANDA', '2', '205366', '205366', '-', '-', 'PEMALANG', '0000-00-00', 'Ds. Iser, Kec. Petarukan, Kab. Pemalang, Jawa Tengah   ', '-', 'user', 'SISWA'),
(1500, 'FAHREZA RIFQI ANWAR', '2', '205368', '205368', '-', '-', 'PEMALANG', '0000-00-00', 'Ds. Iser, Kec. Petarukan, Kab. Pemalang, Jawa Tengah   ', '-', 'user', 'SISWA'),
(1501, 'FAJAR MAULANA HABIL', '2', '205399', '205399', '-', '-', 'PEMALANG', '0000-00-00', 'Ds. Iser, Kec. Petarukan, Kab. Pemalang, Jawa Tengah   ', '-', 'user', 'SISWA'),
(1502, 'FAKHREZI AL HARIS', '2', '205401', '205401', '-', '-', 'PEMALANG', '0000-00-00', 'Ds. Iser, Kec. Petarukan, Kab. Pemalang, Jawa Tengah   ', '-', 'user', 'SISWA'),
(1503, 'IMAM MUSTOFA', '2', '205372', '205372', '-', '-', 'PEMALANG', '0000-00-00', 'Ds. Iser, Kec. Petarukan, Kab. Pemalang, Jawa Tengah   ', '-', 'user', 'SISWA'),
(1504, 'INDRA AWAN', '2', '205373', '205373', '-', '-', 'PEMALANG', '0000-00-00', 'Ds. Iser, Kec. Petarukan, Kab. Pemalang, Jawa Tengah   ', '-', 'user', 'SISWA'),
(1505, 'KEVIN KUSUMO LEGOWO', '2', '205408', '205408', '-', '-', 'PEMALANG', '0000-00-00', 'Ds. Iser, Kec. Petarukan, Kab. Pemalang, Jawa Tengah   ', '-', 'user', 'SISWA'),
(1506, 'KHAIRUL NOVEGI', '2', '205302', '205302', '-', '-', 'PEMALANG', '0000-00-00', 'Ds. Iser, Kec. Petarukan, Kab. Pemalang, Jawa Tengah   ', '-', 'user', 'SISWA'),
(1507, 'MELVIN ANDRIAN SURYANA', '2', '205337', '205337', '-', '-', 'PEMALANG', '0000-00-00', 'Ds. Iser, Kec. Petarukan, Kab. Pemalang, Jawa Tengah   ', '-', 'user', 'SISWA'),
(1508, 'MOH MAULANA', '2', '205339', '205339', '-', '-', 'PEMALANG', '0000-00-00', 'Ds. Iser, Kec. Petarukan, Kab. Pemalang, Jawa Tengah   ', '-', 'user', 'SISWA'),
(1509, 'MUHAMAD FAIS AROSADI', '2', '205310', '205310', '-', '-', 'PEMALANG', '0000-00-00', 'Ds. Iser, Kec. Petarukan, Kab. Pemalang, Jawa Tengah   ', '-', 'user', 'SISWA'),
(1510, 'MUHAMAD NURKHALIM', '2', '205410', '205410', '-', '-', 'PEMALANG', '0000-00-00', 'Ds. Iser, Kec. Petarukan, Kab. Pemalang, Jawa Tengah   ', '-', 'user', 'SISWA'),
(1511, 'MUHAMMAD ALFI SYAHRI', '2', '205412', '205412', '-', '-', 'PEMALANG', '0000-00-00', 'Ds. Iser, Kec. Petarukan, Kab. Pemalang, Jawa Tengah   ', '-', 'user', 'SISWA'),
(1512, 'MUHAMMAD FAJAR REYFANTO', '2', '205311', '205311', '-', '-', 'PEMALANG', '0000-00-00', 'Ds. Iser, Kec. Petarukan, Kab. Pemalang, Jawa Tengah   ', '-', 'user', 'SISWA'),
(1513, 'MUHAMMAD FARIS BALYA', '2', '205340', '205340', '-', '-', 'PEMALANG', '0000-00-00', 'Ds. Iser, Kec. Petarukan, Kab. Pemalang, Jawa Tengah   ', '-', 'user', 'SISWA'),
(1514, 'MUHAMMAD ZIDANE MAULANA', '2', '205415', '205415', '-', '-', 'PEMALANG', '0000-00-00', 'Ds. Iser, Kec. Petarukan, Kab. Pemalang, Jawa Tengah   ', '-', 'user', 'SISWA'),
(1515, 'MUHAMMMAD LOUIS PRAYOGA', '2', '205416', '205416', '-', '-', 'PEMALANG', '0000-00-00', 'Ds. Iser, Kec. Petarukan, Kab. Pemalang, Jawa Tengah   ', '-', 'user', 'SISWA'),
(1516, 'RICKY YAKUP PERMANA', '2', '205348', '205348', '-', '-', 'PEMALANG', '0000-00-00', 'Ds. Iser, Kec. Petarukan, Kab. Pemalang, Jawa Tengah   ', '-', 'user', 'SISWA'),
(1517, 'RIDHO FATHIR SETIAWAN', '2', '205349', '205349', '-', '-', 'PEMALANG', '0000-00-00', 'Ds. Iser, Kec. Petarukan, Kab. Pemalang, Jawa Tengah   ', '-', 'user', 'SISWA'),
(1518, 'RIDHO ILHAM FIRMANSYAH', '2', '205350', '205350', '-', '-', 'PEMALANG', '0000-00-00', 'Ds. Iser, Kec. Petarukan, Kab. Pemalang, Jawa Tengah   ', '-', 'user', 'SISWA'),
(1519, 'RIZKI ADI SAPUTRA', '2', '205387', '205387', '-', '-', 'PEMALANG', '0000-00-00', 'Ds. Iser, Kec. Petarukan, Kab. Pemalang, Jawa Tengah   ', '-', 'user', 'SISWA'),
(1520, 'SUPRIYONO', '2', '205421', '205421', '-', '-', 'PEMALANG', '0000-00-00', 'Ds. Iser, Kec. Petarukan, Kab. Pemalang, Jawa Tengah   ', '-', 'user', 'SISWA'),
(1521, 'TOMMY WIGUNA', '2', '205424', '205424', '-', '-', 'PEMALANG', '0000-00-00', 'Ds. Iser, Kec. Petarukan, Kab. Pemalang, Jawa Tengah   ', '-', 'user', 'SISWA'),
(1522, 'VIAN KHOIRUL', '2', '205425', '205425', '-', '-', 'PEMALANG', '0000-00-00', 'Ds. Iser, Kec. Petarukan, Kab. Pemalang, Jawa Tengah   ', '-', 'user', 'SISWA'),
(1523, 'WANDA I`AM OKTA ALHIDAYAH', '2', '205428', '205428', '-', '-', 'PEMALANG', '0000-00-00', 'Ds. Iser, Kec. Petarukan, Kab. Pemalang, Jawa Tengah   ', '-', 'user', 'SISWA'),
(1524, 'ZAKY MUBAROQ', '2', '205427', '205427', '-', '-', 'PEMALANG', '0000-00-00', 'Ds. Iser, Kec. Petarukan, Kab. Pemalang, Jawa Tengah   ', '-', 'user', 'SISWA'),
(1525, 'ADIB TRI AGUNG', '2', '303137', '303137', '-', '-', 'PEMALANG', '0000-00-00', 'Ds. Iser, Kec. Petarukan, Kab. Pemalang, Jawa Tengah   ', '-', 'user', 'SISWA'),
(1526, 'ADITYA RAKA SULUNG ', '2', '303174', '303174', '-', '-', 'PEMALANG', '0000-00-00', 'Ds. Iser, Kec. Petarukan, Kab. Pemalang, Jawa Tengah   ', '-', 'user', 'SISWA'),
(1527, 'AFRILYA FAUL HUDAYYAH', '2', '303178', '303178', '-', '-', 'PEMALANG', '0000-00-00', 'Ds. Iser, Kec. Petarukan, Kab. Pemalang, Jawa Tengah   ', '-', 'user', 'SISWA'),
(1528, 'AHMAD NUR KHOERIL', '2', '303213', '303213', '-', '-', 'PEMALANG', '0000-00-00', 'Ds. Iser, Kec. Petarukan, Kab. Pemalang, Jawa Tengah   ', '-', 'user', 'SISWA'),
(1529, 'ANDIKA HADYAR SATRIA', '2', '303253', '303253', '-', '-', 'PEMALANG', '0000-00-00', 'Ds. Iser, Kec. Petarukan, Kab. Pemalang, Jawa Tengah   ', '-', 'user', 'SISWA'),
(1530, 'ARDAN KHAIRIRI ', '2', '303288', '303288', '-', '-', 'PEMALANG', '0000-00-00', 'Ds. Iser, Kec. Petarukan, Kab. Pemalang, Jawa Tengah   ', '-', 'user', 'SISWA'),
(1531, 'BAYU PRASETYO', '2', '303257', '303257', '-', '-', 'PEMALANG', '0000-00-00', 'Ds. Iser, Kec. Petarukan, Kab. Pemalang, Jawa Tengah   ', '-', 'user', 'SISWA'),
(1532, 'EKKY RIZKY OKTAVIANTO', '2', '303185', '303185', '-', '-', 'PEMALANG', '0000-00-00', 'Ds. Iser, Kec. Petarukan, Kab. Pemalang, Jawa Tengah   ', '-', 'user', 'SISWA'),
(1533, 'ERZZA ERLANGGA KUSUMA', '2', '303225', '303225', '-', '-', 'PEMALANG', '0000-00-00', 'Ds. Iser, Kec. Petarukan, Kab. Pemalang, Jawa Tengah   ', '-', 'user', 'SISWA'),
(1534, 'FAJAR WAHYU HIDAYAT', '2', '303148', '303148', '-', '-', 'PEMALANG', '0000-00-00', 'Ds. Iser, Kec. Petarukan, Kab. Pemalang, Jawa Tengah   ', '-', 'user', 'SISWA'),
(1535, 'FIQKRI ANSYAH', '2', '303226', '303226', '-', '-', 'PEMALANG', '0000-00-00', 'Ds. Iser, Kec. Petarukan, Kab. Pemalang, Jawa Tengah   ', '-', 'user', 'SISWA'),
(1536, 'FUAD AQIL IZZUDIN AKBAR', '2', '303227', '303227', '-', '-', 'PEMALANG', '0000-00-00', 'Ds. Iser, Kec. Petarukan, Kab. Pemalang, Jawa Tengah   ', '-', 'user', 'SISWA'),
(1537, 'GIBRAN ABYANCA', '2', '303265', '303265', '-', '-', 'PEMALANG', '0000-00-00', 'Ds. Iser, Kec. Petarukan, Kab. Pemalang, Jawa Tengah   ', '-', 'user', 'SISWA'),
(1538, 'IKMAL FATKHULIL', '2', '303232', '303232', '-', '-', 'PEMALANG', '0000-00-00', 'Ds. Iser, Kec. Petarukan, Kab. Pemalang, Jawa Tengah   ', '-', 'user', 'SISWA'),
(1539, 'ILHAM AFANSYAH', '2', '303266', '303266', '-', '-', 'PEMALANG', '0000-00-00', 'Ds. Iser, Kec. Petarukan, Kab. Pemalang, Jawa Tengah   ', '-', 'user', 'SISWA'),
(1540, 'IMAN SANTOSO', '2', '303267', '303267', '-', '-', 'PEMALANG', '0000-00-00', 'Ds. Iser, Kec. Petarukan, Kab. Pemalang, Jawa Tengah   ', '-', 'user', 'SISWA'),
(1541, 'KHAERUL NANANG EFENDI', '2', '303157', '303157', '-', '-', 'PEMALANG', '0000-00-00', 'Ds. Iser, Kec. Petarukan, Kab. Pemalang, Jawa Tengah   ', '-', 'user', 'SISWA'),
(1542, 'MUHAMAD NIKO RISKI JULIANSYAH', '2', '303271', '303271', '-', '-', 'PEMALANG', '0000-00-00', 'Ds. Iser, Kec. Petarukan, Kab. Pemalang, Jawa Tengah   ', '-', 'user', 'SISWA'),
(1543, 'MUHAMMAD FAUZUL ADHIM', '2', '303160', '303160', '-', '-', 'PEMALANG', '0000-00-00', 'Ds. Iser, Kec. Petarukan, Kab. Pemalang, Jawa Tengah   ', '-', 'user', 'SISWA'),
(1544, 'MUHAMMAD FEBRIYANTO', '2', '303161', '303161', '-', '-', 'PEMALANG', '0000-00-00', 'Ds. Iser, Kec. Petarukan, Kab. Pemalang, Jawa Tengah   ', '-', 'user', 'SISWA'),
(1545, 'MUHAMMAD ILYAS SYAHRU RAMADHAN', '2', '303164', '303164', '-', '-', 'PEMALANG', '0000-00-00', 'Ds. Iser, Kec. Petarukan, Kab. Pemalang, Jawa Tengah   ', '-', 'user', 'SISWA'),
(1546, 'MUHAMMAD WILDAN ALKHAQIQIH', '2', '303203', '303203', '-', '-', 'PEMALANG', '0000-00-00', 'Ds. Iser, Kec. Petarukan, Kab. Pemalang, Jawa Tengah   ', '-', 'user', 'SISWA'),
(1547, 'MUKTI KHAIRULADNAN ', '2', '303274', '303274', '-', '-', 'PEMALANG', '0000-00-00', 'Ds. Iser, Kec. Petarukan, Kab. Pemalang, Jawa Tengah   ', '-', 'user', 'SISWA'),
(1548, 'RAYSA AS SHOFFIN', '2', '303278', '303278', '-', '-', 'PEMALANG', '0000-00-00', 'Ds. Iser, Kec. Petarukan, Kab. Pemalang, Jawa Tengah   ', '-', 'user', 'SISWA'),
(1549, 'REFAN FAUZI', '2', '303279', '303279', '-', '-', 'PEMALANG', '0000-00-00', 'Ds. Iser, Kec. Petarukan, Kab. Pemalang, Jawa Tengah   ', '-', 'user', 'SISWA'),
(1550, 'REHAN ALFATIR', '2', '303165', '303165', '-', '-', 'PEMALANG', '0000-00-00', 'Ds. Iser, Kec. Petarukan, Kab. Pemalang, Jawa Tengah   ', '-', 'user', 'SISWA'),
(1551, 'REIHAN APRIANSYAH', '2', '303166', '303166', '-', '-', 'PEMALANG', '0000-00-00', 'Ds. Iser, Kec. Petarukan, Kab. Pemalang, Jawa Tengah   ', '-', 'user', 'SISWA'),
(1552, 'REVAN ADI SAPUTRA', '2', '303169', '303169', '-', '-', 'PEMALANG', '0000-00-00', 'Ds. Iser, Kec. Petarukan, Kab. Pemalang, Jawa Tengah   ', '-', 'user', 'SISWA'),
(1553, 'RIDHO AJI PAMUNGKAS ', '2', '303205', '303205', '-', '-', 'PEMALANG', '0000-00-00', 'Ds. Iser, Kec. Petarukan, Kab. Pemalang, Jawa Tengah   ', '-', 'user', 'SISWA'),
(1554, 'RIZAL ABNIYANSYAH', '2', '303242', '303242', '-', '-', 'PEMALANG', '0000-00-00', 'Ds. Iser, Kec. Petarukan, Kab. Pemalang, Jawa Tengah   ', '-', 'user', 'SISWA'),
(1555, 'SAPUTRA NUROHIM ', '2', '303244', '303244', '-', '-', 'PEMALANG', '0000-00-00', 'Ds. Iser, Kec. Petarukan, Kab. Pemalang, Jawa Tengah   ', '-', 'user', 'SISWA'),
(1556, 'SEPTIANA WULAN RAMADHANI', '2', '303170', '303170', '-', '-', 'PEMALANG', '0000-00-00', 'Ds. Iser, Kec. Petarukan, Kab. Pemalang, Jawa Tengah   ', '-', 'user', 'SISWA'),
(1557, 'THARIKH BAGUS RA\'ABANI', '2', '303209', '303209', '-', '-', 'PEMALANG', '0000-00-00', 'Ds. Iser, Kec. Petarukan, Kab. Pemalang, Jawa Tengah   ', '-', 'user', 'SISWA'),
(1558, 'WENING TYAS ANGGREANI', '2', '303172', '303172', '-', '-', 'PEMALANG', '0000-00-00', 'Ds. Iser, Kec. Petarukan, Kab. Pemalang, Jawa Tengah   ', '-', 'user', 'SISWA'),
(1559, 'WISNU YUSUF BAHTIAR', '2', '303249', '303249', '-', '-', 'PEMALANG', '0000-00-00', 'Ds. Iser, Kec. Petarukan, Kab. Pemalang, Jawa Tengah   ', '-', 'user', 'SISWA'),
(1560, 'YUSUF AFANDI', '2', '303286', '303286', '-', '-', 'PEMALANG', '0000-00-00', 'Ds. Iser, Kec. Petarukan, Kab. Pemalang, Jawa Tengah   ', '-', 'user', 'SISWA'),
(1561, 'ABEL ANANTA WIJAYA', '2', '303134', '303134', '-', '-', 'PEMALANG', '0000-00-00', 'Ds. Iser, Kec. Petarukan, Kab. Pemalang, Jawa Tengah   ', '-', 'user', 'SISWA'),
(1562, 'ABI UBAYDILAH', '2', '303135', '303135', '-', '-', 'PEMALANG', '0000-00-00', 'Ds. Iser, Kec. Petarukan, Kab. Pemalang, Jawa Tengah   ', '-', 'user', 'SISWA'),
(1563, 'ADI SETIAWAN', '2', '303136', '303136', '-', '-', 'PEMALANG', '0000-00-00', 'Ds. Iser, Kec. Petarukan, Kab. Pemalang, Jawa Tengah   ', '-', 'user', 'SISWA'),
(1564, 'ADITYA DAVID PRATAMA', '2', '303138', '303138', '-', '-', 'PEMALANG', '0000-00-00', 'Ds. Iser, Kec. Petarukan, Kab. Pemalang, Jawa Tengah   ', '-', 'user', 'SISWA'),
(1565, 'AFDAL AMINUDIN', '2', '303176', '303176', '-', '-', 'PEMALANG', '0000-00-00', 'Ds. Iser, Kec. Petarukan, Kab. Pemalang, Jawa Tengah   ', '-', 'user', 'SISWA'),
(1566, 'AIF CLEO JUNIOR ', '2', '303214', '303214', '-', '-', 'PEMALANG', '0000-00-00', 'Ds. Iser, Kec. Petarukan, Kab. Pemalang, Jawa Tengah   ', '-', 'user', 'SISWA'),
(1567, 'ANANDA FEBRIAN SAPUTRA', '2', '303252', '303252', '-', '-', 'PEMALANG', '0000-00-00', 'Ds. Iser, Kec. Petarukan, Kab. Pemalang, Jawa Tengah   ', '-', 'user', 'SISWA'),
(1568, 'ANDRE ANA ZAELAN', '2', '303254', '303254', '-', '-', 'PEMALANG', '0000-00-00', 'Ds. Iser, Kec. Petarukan, Kab. Pemalang, Jawa Tengah   ', '-', 'user', 'SISWA'),
(1569, 'AZIZ AL MAJID', '2', '303256', '303256', '-', '-', 'PEMALANG', '0000-00-00', 'Ds. Iser, Kec. Petarukan, Kab. Pemalang, Jawa Tengah   ', '-', 'user', 'SISWA'),
(1570, 'BAGAS ARDIANSAH ', '2', '303141', '303141', '-', '-', 'PEMALANG', '0000-00-00', 'Ds. Iser, Kec. Petarukan, Kab. Pemalang, Jawa Tengah   ', '-', 'user', 'SISWA'),
(1571, 'BAGUS AMARSYAH PUTRA', '2', '303181', '303181', '-', '-', 'PEMALANG', '0000-00-00', 'Ds. Iser, Kec. Petarukan, Kab. Pemalang, Jawa Tengah   ', '-', 'user', 'SISWA'),
(1572, 'BAHRUL SETYO RAHARJO', '2', '303220', '303220', '-', '-', 'PEMALANG', '0000-00-00', 'Ds. Iser, Kec. Petarukan, Kab. Pemalang, Jawa Tengah   ', '-', 'user', 'SISWA'),
(1573, 'DAFFA RAMADHANI ', '2', '303144', '303144', '-', '-', 'PEMALANG', '0000-00-00', 'Ds. Iser, Kec. Petarukan, Kab. Pemalang, Jawa Tengah   ', '-', 'user', 'SISWA'),
(1574, 'DANI FAIZAL RUSLI', '2', '303182', '303182', '-', '-', 'PEMALANG', '0000-00-00', 'Ds. Iser, Kec. Petarukan, Kab. Pemalang, Jawa Tengah   ', '-', 'user', 'SISWA'),
(1575, 'DENIS NUGROHO', '2', '303184', '303184', '-', '-', 'PEMALANG', '0000-00-00', 'Ds. Iser, Kec. Petarukan, Kab. Pemalang, Jawa Tengah   ', '-', 'user', 'SISWA'),
(1576, 'DHIKA WAHYU JANUARTO', '2', '303221', '303221', '-', '-', 'PEMALANG', '0000-00-00', 'Ds. Iser, Kec. Petarukan, Kab. Pemalang, Jawa Tengah   ', '-', 'user', 'SISWA'),
(1577, 'DIMAS WAHYU ARIFANTO', '2', '303258', '303258', '-', '-', 'PEMALANG', '0000-00-00', 'Ds. Iser, Kec. Petarukan, Kab. Pemalang, Jawa Tengah   ', '-', 'user', 'SISWA'),
(1578, 'DIRGA ADIL FAUZAN', '2', '303259', '303259', '-', '-', 'PEMALANG', '0000-00-00', 'Ds. Iser, Kec. Petarukan, Kab. Pemalang, Jawa Tengah   ', '-', 'user', 'SISWA'),
(1579, 'DWI RIZQI ISTIANTO', '2', '303145', '303145', '-', '-', 'PEMALANG', '0000-00-00', 'Ds. Iser, Kec. Petarukan, Kab. Pemalang, Jawa Tengah   ', '-', 'user', 'SISWA'),
(1580, 'ERLANGGA WILDAN FABIAN', '2', '303224', '303224', '-', '-', 'PEMALANG', '0000-00-00', 'Ds. Iser, Kec. Petarukan, Kab. Pemalang, Jawa Tengah   ', '-', 'user', 'SISWA'),
(1581, 'FADHIL RESTU DWIANTORO', '2', '303261', '303261', '-', '-', 'PEMALANG', '0000-00-00', 'Ds. Iser, Kec. Petarukan, Kab. Pemalang, Jawa Tengah   ', '-', 'user', 'SISWA'),
(1582, 'FAHMI KAMALUDIN', '2', '303262', '303262', '-', '-', 'PEMALANG', '0000-00-00', 'Ds. Iser, Kec. Petarukan, Kab. Pemalang, Jawa Tengah   ', '-', 'user', 'SISWA'),
(1583, 'FARHAN DZIKRI', '2', '303150', '303150', '-', '-', 'PEMALANG', '0000-00-00', 'Ds. Iser, Kec. Petarukan, Kab. Pemalang, Jawa Tengah   ', '-', 'user', 'SISWA'),
(1584, 'GALIH MARSHA GHIFFARI', '2', '303263', '303263', '-', '-', 'PEMALANG', '0000-00-00', 'Ds. Iser, Kec. Petarukan, Kab. Pemalang, Jawa Tengah   ', '-', 'user', 'SISWA'),
(1585, 'GINTANG CANDRA NUGROHO', '2', '303153', '303153', '-', '-', 'PEMALANG', '0000-00-00', 'Ds. Iser, Kec. Petarukan, Kab. Pemalang, Jawa Tengah   ', '-', 'user', 'SISWA'),
(1586, 'HABIB NUR WAHYUDI', '2', '303154', '303154', '-', '-', 'PEMALANG', '0000-00-00', 'Ds. Iser, Kec. Petarukan, Kab. Pemalang, Jawa Tengah   ', '-', 'user', 'SISWA'),
(1587, 'JOVITA NURAINIDA', '2', '303155', '303155', '-', '-', 'PEMALANG', '0000-00-00', 'Ds. Iser, Kec. Petarukan, Kab. Pemalang, Jawa Tengah   ', '-', 'user', 'SISWA'),
(1588, 'MIFTAH HARISH  HASYA', '2', '303195', '303195', '-', '-', 'PEMALANG', '0000-00-00', 'Ds. Iser, Kec. Petarukan, Kab. Pemalang, Jawa Tengah   ', '-', 'user', 'SISWA'),
(1589, 'MUHAMAD DWI USWANTO', '2', '303235', '303235', '-', '-', 'PEMALANG', '0000-00-00', 'Ds. Iser, Kec. Petarukan, Kab. Pemalang, Jawa Tengah   ', '-', 'user', 'SISWA'),
(1590, 'MUHAMAD IKHSAN JATI ARFIYANTO', '2', '303236', '303236', '-', '-', 'PEMALANG', '0000-00-00', 'Ds. Iser, Kec. Petarukan, Kab. Pemalang, Jawa Tengah   ', '-', 'user', 'SISWA'),
(1591, 'NAUVAL JAUZAN FAVIAN ', '2', '303238', '303238', '-', '-', 'PEMALANG', '0000-00-00', 'Ds. Iser, Kec. Petarukan, Kab. Pemalang, Jawa Tengah   ', '-', 'user', 'SISWA'),
(1592, 'NOFAL AFRIZA ', '2', '303239', '303239', '-', '-', 'PEMALANG', '0000-00-00', 'Ds. Iser, Kec. Petarukan, Kab. Pemalang, Jawa Tengah   ', '-', 'user', 'SISWA'),
(1593, 'SAPUTRA WISNU HANDOKO', '2', '303245', '303245', '-', '-', 'PEMALANG', '0000-00-00', 'Ds. Iser, Kec. Petarukan, Kab. Pemalang, Jawa Tengah   ', '-', 'user', 'SISWA'),
(1594, 'SOFIAN NUR IMAN', '2', '303280', '303280', '-', '-', 'PEMALANG', '0000-00-00', 'Ds. Iser, Kec. Petarukan, Kab. Pemalang, Jawa Tengah   ', '-', 'user', 'SISWA'),
(1595, 'SYAEFULLAH JULIAWAN', '2', '303282', '303282', '-', '-', 'PEMALANG', '0000-00-00', 'Ds. Iser, Kec. Petarukan, Kab. Pemalang, Jawa Tengah   ', '-', 'user', 'SISWA'),
(1596, 'VALENCIA RAMADHAN', '2', '303211', '303211', '-', '-', 'PEMALANG', '0000-00-00', 'Ds. Iser, Kec. Petarukan, Kab. Pemalang, Jawa Tengah   ', '-', 'user', 'SISWA'),
(1597, 'WISNU RAMADHAN', '2', '303248', '303248', '-', '-', 'PEMALANG', '0000-00-00', 'Ds. Iser, Kec. Petarukan, Kab. Pemalang, Jawa Tengah   ', '-', 'user', 'SISWA'),
(1598, 'YOGA SAPUTRA', '2', '303285', '303285', '-', '-', 'PEMALANG', '0000-00-00', 'Ds. Iser, Kec. Petarukan, Kab. Pemalang, Jawa Tengah   ', '-', 'user', 'SISWA'),
(1599, 'ADLY JULIANSYAH', '2', '303175', '303175', '-', '-', 'PEMALANG', '0000-00-00', 'Ds. Iser, Kec. Petarukan, Kab. Pemalang, Jawa Tengah   ', '-', 'user', 'SISWA'),
(1600, 'AKFI HUSNI MAULANA', '2', '303216', '303216', '-', '-', 'PEMALANG', '0000-00-00', 'Ds. Iser, Kec. Petarukan, Kab. Pemalang, Jawa Tengah   ', '-', 'user', 'SISWA'),
(1601, 'AKMALUL ARDIANSYAH', '2', '303217', '303217', '-', '-', 'PEMALANG', '0000-00-00', 'Ds. Iser, Kec. Petarukan, Kab. Pemalang, Jawa Tengah   ', '-', 'user', 'SISWA'),
(1602, 'AMIRUL FIRMANSAH', '2', '303251', '303251', '-', '-', 'PEMALANG', '0000-00-00', 'Ds. Iser, Kec. Petarukan, Kab. Pemalang, Jawa Tengah   ', '-', 'user', 'SISWA'),
(1603, 'ANSOH RIFKI ERLANGGA', '2', '303255', '303255', '-', '-', 'PEMALANG', '0000-00-00', 'Ds. Iser, Kec. Petarukan, Kab. Pemalang, Jawa Tengah   ', '-', 'user', 'SISWA'),
(1604, 'ARIS IFANSYAH', '2', '303140', '303140', '-', '-', 'PEMALANG', '0000-00-00', 'Ds. Iser, Kec. Petarukan, Kab. Pemalang, Jawa Tengah   ', '-', 'user', 'SISWA'),
(1605, 'ARYA FANDIYANTO ', '2', '303180', '303180', '-', '-', 'PEMALANG', '0000-00-00', 'Ds. Iser, Kec. Petarukan, Kab. Pemalang, Jawa Tengah   ', '-', 'user', 'SISWA'),
(1606, 'COKHY JULIAN SAPUTRA ', '2', '303142', '303142', '-', '-', 'PEMALANG', '0000-00-00', 'Ds. Iser, Kec. Petarukan, Kab. Pemalang, Jawa Tengah   ', '-', 'user', 'SISWA'),
(1607, 'DIKA PRASTIYA ', '2', '303222', '303222', '-', '-', 'PEMALANG', '0000-00-00', 'Ds. Iser, Kec. Petarukan, Kab. Pemalang, Jawa Tengah   ', '-', 'user', 'SISWA'),
(1608, 'DWI JAYA ALDI SAPUTRA', '2', '303260', '303260', '-', '-', 'PEMALANG', '0000-00-00', 'Ds. Iser, Kec. Petarukan, Kab. Pemalang, Jawa Tengah   ', '-', 'user', 'SISWA'),
(1609, 'ERIK AJI SAPUTRA', '2', '303186', '303186', '-', '-', 'PEMALANG', '0000-00-00', 'Ds. Iser, Kec. Petarukan, Kab. Pemalang, Jawa Tengah   ', '-', 'user', 'SISWA'),
(1610, 'FAREL SEPTA ABDI PRATAMA', '2', '303149', '303149', '-', '-', 'PEMALANG', '0000-00-00', 'Ds. Iser, Kec. Petarukan, Kab. Pemalang, Jawa Tengah   ', '-', 'user', 'SISWA'),
(1611, 'FERRY FERDIANTO', '2', '303189', '303189', '-', '-', 'PEMALANG', '0000-00-00', 'Ds. Iser, Kec. Petarukan, Kab. Pemalang, Jawa Tengah   ', '-', 'user', 'SISWA'),
(1612, 'GALANG PUTRA DEWA', '2', '303228', '303228', '-', '-', 'PEMALANG', '0000-00-00', 'Ds. Iser, Kec. Petarukan, Kab. Pemalang, Jawa Tengah   ', '-', 'user', 'SISWA'),
(1613, 'GALIH EKO SAPUTRA', '2', '303151', '303151', '-', '-', 'PEMALANG', '0000-00-00', 'Ds. Iser, Kec. Petarukan, Kab. Pemalang, Jawa Tengah   ', '-', 'user', 'SISWA'),
(1614, 'GALIH SETYAWAN', '2', '303264', '303264', '-', '-', 'PEMALANG', '0000-00-00', 'Ds. Iser, Kec. Petarukan, Kab. Pemalang, Jawa Tengah   ', '-', 'user', 'SISWA'),
(1615, 'IBRAHIM ALIEF NUR AMIR', '2', '303231', '303231', '-', '-', 'PEMALANG', '0000-00-00', 'Ds. Iser, Kec. Petarukan, Kab. Pemalang, Jawa Tengah   ', '-', 'user', 'SISWA'),
(1616, 'IRFANDI MARCELLINO PUTRA', '2', '303268', '303268', '-', '-', 'PEMALANG', '0000-00-00', 'Ds. Iser, Kec. Petarukan, Kab. Pemalang, Jawa Tengah   ', '-', 'user', 'SISWA'),
(1617, 'LEVY ARFAN MAHARDIKA', '2', '303158', '303158', '-', '-', 'PEMALANG', '0000-00-00', 'Ds. Iser, Kec. Petarukan, Kab. Pemalang, Jawa Tengah   ', '-', 'user', 'SISWA'),
(1618, 'MOCHAMMAD TEGES SAMUDRA', '2', '303196', '303196', '-', '-', 'PEMALANG', '0000-00-00', 'Ds. Iser, Kec. Petarukan, Kab. Pemalang, Jawa Tengah   ', '-', 'user', 'SISWA'),
(1619, 'MOHAMMAD HANIEF HERNANDA', '2', '303163', '303163', '-', '-', 'PEMALANG', '0000-00-00', 'Ds. Iser, Kec. Petarukan, Kab. Pemalang, Jawa Tengah   ', '-', 'user', 'SISWA'),
(1620, 'MUGHNI AZIZI', '2', '303197', '303197', '-', '-', 'PEMALANG', '0000-00-00', 'Ds. Iser, Kec. Petarukan, Kab. Pemalang, Jawa Tengah   ', '-', 'user', 'SISWA'),
(1621, 'MUHAMAD ARIF MAULANA', '2', '303234', '303234', '-', '-', 'PEMALANG', '0000-00-00', 'Ds. Iser, Kec. Petarukan, Kab. Pemalang, Jawa Tengah   ', '-', 'user', 'SISWA'),
(1622, 'MUHAMAD IQBAL IHZA', '2', '303270', '303270', '-', '-', 'PEMALANG', '0000-00-00', 'Ds. Iser, Kec. Petarukan, Kab. Pemalang, Jawa Tengah   ', '-', 'user', 'SISWA'),
(1623, 'MUHAMMAD HAFIDZ AL-GHOZALI', '2', '303162', '303162', '-', '-', 'PEMALANG', '0000-00-00', 'Ds. Iser, Kec. Petarukan, Kab. Pemalang, Jawa Tengah   ', '-', 'user', 'SISWA'),
(1624, 'MUHAMMAD RISKI ANWARUDIN', '2', '303200', '303200', '-', '-', 'PEMALANG', '0000-00-00', 'Ds. Iser, Kec. Petarukan, Kab. Pemalang, Jawa Tengah   ', '-', 'user', 'SISWA'),
(1625, 'MUHAMMAD TEGAR', '2', '303202', '303202', '-', '-', 'PEMALANG', '0000-00-00', 'Ds. Iser, Kec. Petarukan, Kab. Pemalang, Jawa Tengah   ', '-', 'user', 'SISWA'),
(1626, 'NOUVAL AFFAN PRIYATMA', '2', '303240', '303240', '-', '-', 'PEMALANG', '0000-00-00', 'Ds. Iser, Kec. Petarukan, Kab. Pemalang, Jawa Tengah   ', '-', 'user', 'SISWA'),
(1627, 'RASYA REVANDIKA PRATAMA', '2', '303276', '303276', '-', '-', 'PEMALANG', '0000-00-00', 'Ds. Iser, Kec. Petarukan, Kab. Pemalang, Jawa Tengah   ', '-', 'user', 'SISWA'),
(1628, 'RAVA YUSUF AWALLUDIN', '2', '303277', '303277', '-', '-', 'PEMALANG', '0000-00-00', 'Ds. Iser, Kec. Petarukan, Kab. Pemalang, Jawa Tengah   ', '-', 'user', 'SISWA'),
(1629, 'RENDI SUGIONO', '2', '303167', '303167', '-', '-', 'PEMALANG', '0000-00-00', 'Ds. Iser, Kec. Petarukan, Kab. Pemalang, Jawa Tengah   ', '-', 'user', 'SISWA'),
(1630, 'REVAN DANNY MAULANA PUTRA', '2', '303204', '303204', '-', '-', 'PEMALANG', '0000-00-00', 'Ds. Iser, Kec. Petarukan, Kab. Pemalang, Jawa Tengah   ', '-', 'user', 'SISWA'),
(1631, 'RIFAN ALVIANO', '2', '303206', '303206', '-', '-', 'PEMALANG', '0000-00-00', 'Ds. Iser, Kec. Petarukan, Kab. Pemalang, Jawa Tengah   ', '-', 'user', 'SISWA'),
(1632, 'RIFKI FANI PRATAMA', '2', '303207', '303207', '-', '-', 'PEMALANG', '0000-00-00', 'Ds. Iser, Kec. Petarukan, Kab. Pemalang, Jawa Tengah   ', '-', 'user', 'SISWA'),
(1633, 'SULAIMAN', '2', '303281', '303281', '-', '-', 'PEMALANG', '0000-00-00', 'Ds. Iser, Kec. Petarukan, Kab. Pemalang, Jawa Tengah   ', '-', 'user', 'SISWA'),
(1634, 'SYARIF HIDAYATULLAH', '2', '303284', '303284', '-', '-', 'PEMALANG', '0000-00-00', 'Ds. Iser, Kec. Petarukan, Kab. Pemalang, Jawa Tengah   ', '-', 'user', 'SISWA'),
(1635, 'USMAN HARUNDIANSYAH', '2', '303210', '303210', '-', '-', 'PEMALANG', '0000-00-00', 'Ds. Iser, Kec. Petarukan, Kab. Pemalang, Jawa Tengah   ', '-', 'user', 'SISWA'),
(1636, 'AFIT BUDI SATRIO', '2', '303177', '303177', '-', '-', 'PEMALANG', '0000-00-00', 'Ds. Iser, Kec. Petarukan, Kab. Pemalang, Jawa Tengah   ', '-', 'user', 'SISWA'),
(1637, 'ALVAN BAYU PRAYOGA', '2', '303250', '303250', '-', '-', 'PEMALANG', '0000-00-00', 'Ds. Iser, Kec. Petarukan, Kab. Pemalang, Jawa Tengah   ', '-', 'user', 'SISWA'),
(1638, 'ARGA BIMA SATRIA', '2', '303139', '303139', '-', '-', 'PEMALANG', '0000-00-00', 'Ds. Iser, Kec. Petarukan, Kab. Pemalang, Jawa Tengah   ', '-', 'user', 'SISWA'),
(1639, 'ARI DWI PURNOMO', '2', '303179', '303179', '-', '-', 'PEMALANG', '0000-00-00', 'Ds. Iser, Kec. Petarukan, Kab. Pemalang, Jawa Tengah   ', '-', 'user', 'SISWA'),
(1640, 'DAFA SANDI SAPUTRA', '2', '303143', '303143', '-', '-', 'PEMALANG', '0000-00-00', 'Ds. Iser, Kec. Petarukan, Kab. Pemalang, Jawa Tengah   ', '-', 'user', 'SISWA'),
(1641, 'DENI ANDRIYAN', '2', '303183', '303183', '-', '-', 'PEMALANG', '0000-00-00', 'Ds. Iser, Kec. Petarukan, Kab. Pemalang, Jawa Tengah   ', '-', 'user', 'SISWA'),
(1642, 'DIKY KURNIAWAN', '2', '303223', '303223', '-', '-', 'PEMALANG', '0000-00-00', 'Ds. Iser, Kec. Petarukan, Kab. Pemalang, Jawa Tengah   ', '-', 'user', 'SISWA'),
(1643, 'DZIKRI KHANIFA FUDIN', '2', '303146', '303146', '-', '-', 'PEMALANG', '0000-00-00', 'Ds. Iser, Kec. Petarukan, Kab. Pemalang, Jawa Tengah   ', '-', 'user', 'SISWA'),
(1644, 'FA\'IQ IBNU ULIL AZ ZAKI', '2', '303147', '303147', '-', '-', 'PEMALANG', '0000-00-00', 'Ds. Iser, Kec. Petarukan, Kab. Pemalang, Jawa Tengah   ', '-', 'user', 'SISWA'),
(1645, 'FEBRIAN AGIT ', '2', '303187', '303187', '-', '-', 'PEMALANG', '0000-00-00', 'Ds. Iser, Kec. Petarukan, Kab. Pemalang, Jawa Tengah   ', '-', 'user', 'SISWA'),
(1646, 'FERI SAPUTRA', '2', '303188', '303188', '-', '-', 'PEMALANG', '0000-00-00', 'Ds. Iser, Kec. Petarukan, Kab. Pemalang, Jawa Tengah   ', '-', 'user', 'SISWA'),
(1647, 'GILANG SURYA SAPUTRA', '2', '303152', '303152', '-', '-', 'PEMALANG', '0000-00-00', 'Ds. Iser, Kec. Petarukan, Kab. Pemalang, Jawa Tengah   ', '-', 'user', 'SISWA'),
(1648, 'HAQAN SYUKUR', '2', '303190', '303190', '-', '-', 'PEMALANG', '0000-00-00', 'Ds. Iser, Kec. Petarukan, Kab. Pemalang, Jawa Tengah   ', '-', 'user', 'SISWA'),
(1649, 'HAZZA AHNAF OKTAMA', '2', '303192', '303192', '-', '-', 'PEMALANG', '0000-00-00', 'Ds. Iser, Kec. Petarukan, Kab. Pemalang, Jawa Tengah   ', '-', 'user', 'SISWA'),
(1650, 'HERDIKA ABDUL NURIL', '2', '303193', '303193', '-', '-', 'PEMALANG', '0000-00-00', 'Ds. Iser, Kec. Petarukan, Kab. Pemalang, Jawa Tengah   ', '-', 'user', 'SISWA'),
(1651, 'HERI KRISDIANTO', '2', '303229', '303229', '-', '-', 'PEMALANG', '0000-00-00', 'Ds. Iser, Kec. Petarukan, Kab. Pemalang, Jawa Tengah   ', '-', 'user', 'SISWA'),
(1652, 'IBDAN NAFI ARSALI', '2', '303230', '303230', '-', '-', 'PEMALANG', '0000-00-00', 'Ds. Iser, Kec. Petarukan, Kab. Pemalang, Jawa Tengah   ', '-', 'user', 'SISWA'),
(1653, 'IRSYAD FAQIH', '2', '303269', '303269', '-', '-', 'PEMALANG', '0000-00-00', 'Ds. Iser, Kec. Petarukan, Kab. Pemalang, Jawa Tengah   ', '-', 'user', 'SISWA'),
(1654, 'JULIO EFAN SYAH', '2', '303156', '303156', '-', '-', 'PEMALANG', '0000-00-00', 'Ds. Iser, Kec. Petarukan, Kab. Pemalang, Jawa Tengah   ', '-', 'user', 'SISWA'),
(1655, 'KHOIRUL IQBAL', '2', '303194', '303194', '-', '-', 'PEMALANG', '0000-00-00', 'Ds. Iser, Kec. Petarukan, Kab. Pemalang, Jawa Tengah   ', '-', 'user', 'SISWA'),
(1656, 'M.RIFQI KURNIAWAN', '2', '303159', '303159', '-', '-', 'PEMALANG', '0000-00-00', 'Ds. Iser, Kec. Petarukan, Kab. Pemalang, Jawa Tengah   ', '-', 'user', 'SISWA'),
(1657, 'MUGINI', '2', '303198', '303198', '-', '-', 'PEMALANG', '0000-00-00', 'Ds. Iser, Kec. Petarukan, Kab. Pemalang, Jawa Tengah   ', '-', 'user', 'SISWA'),
(1658, 'MUHAMAD AFANDI', '2', '303233', '303233', '-', '-', 'PEMALANG', '0000-00-00', 'Ds. Iser, Kec. Petarukan, Kab. Pemalang, Jawa Tengah   ', '-', 'user', 'SISWA'),
(1659, 'MUHAMMAD ARYO PRADINATA', '2', '303272', '303272', '-', '-', 'PEMALANG', '0000-00-00', 'Ds. Iser, Kec. Petarukan, Kab. Pemalang, Jawa Tengah   ', '-', 'user', 'SISWA'),
(1660, 'MUHAMMAD AZZIDIQ', '2', '303273', '303273', '-', '-', 'PEMALANG', '0000-00-00', 'Ds. Iser, Kec. Petarukan, Kab. Pemalang, Jawa Tengah   ', '-', 'user', 'SISWA'),
(1661, 'MUHAMMAD REZA AZHARI', '2', '303199', '303199', '-', '-', 'PEMALANG', '0000-00-00', 'Ds. Iser, Kec. Petarukan, Kab. Pemalang, Jawa Tengah   ', '-', 'user', 'SISWA'),
(1662, 'MUHAMMAD SULTAN YUSUF', '2', '303201', '303201', '-', '-', 'PEMALANG', '0000-00-00', 'Ds. Iser, Kec. Petarukan, Kab. Pemalang, Jawa Tengah   ', '-', 'user', 'SISWA'),
(1663, 'NAOVAL ADI SAPUTRA', '2', '303237', '303237', '-', '-', 'PEMALANG', '0000-00-00', 'Ds. Iser, Kec. Petarukan, Kab. Pemalang, Jawa Tengah   ', '-', 'user', 'SISWA'),
(1664, 'RAGIL APRIANA RASKAM', '2', '303241', '303241', '-', '-', 'PEMALANG', '0000-00-00', 'Ds. Iser, Kec. Petarukan, Kab. Pemalang, Jawa Tengah   ', '-', 'user', 'SISWA'),
(1665, 'RANGGA SAPUTRA', '2', '303275', '303275', '-', '-', 'PEMALANG', '0000-00-00', 'Ds. Iser, Kec. Petarukan, Kab. Pemalang, Jawa Tengah   ', '-', 'user', 'SISWA'),
(1666, 'RENO FEBRIANSYAH', '2', '303168', '303168', '-', '-', 'PEMALANG', '0000-00-00', 'Ds. Iser, Kec. Petarukan, Kab. Pemalang, Jawa Tengah   ', '-', 'user', 'SISWA'),
(1667, 'RIO SAPTA RAMADANI', '2', '303208', '303208', '-', '-', 'PEMALANG', '0000-00-00', 'Ds. Iser, Kec. Petarukan, Kab. Pemalang, Jawa Tengah   ', '-', 'user', 'SISWA'),
(1668, 'SATRIO AKBAR RUMAWAN', '2', '303246', '303246', '-', '-', 'PEMALANG', '0000-00-00', 'Ds. Iser, Kec. Petarukan, Kab. Pemalang, Jawa Tengah   ', '-', 'user', 'SISWA'),
(1669, 'VINA PURNAMA SARI', '2', '303171', '303171', '-', '-', 'PEMALANG', '0000-00-00', 'Ds. Iser, Kec. Petarukan, Kab. Pemalang, Jawa Tengah   ', '-', 'user', 'SISWA'),
(1670, 'WAHYU PRIYANTO', '2', '303212', '303212', '-', '-', 'PEMALANG', '0000-00-00', 'Ds. Iser, Kec. Petarukan, Kab. Pemalang, Jawa Tengah   ', '-', 'user', 'SISWA'),
(1671, 'WILDAN FIRMANSYAH', '2', '303247', '303247', '-', '-', 'PEMALANG', '0000-00-00', 'Ds. Iser, Kec. Petarukan, Kab. Pemalang, Jawa Tengah   ', '-', 'user', 'SISWA'),
(1672, 'YUPITA MADAYANTI', '2', '303173', '303173', '-', '-', 'PEMALANG', '0000-00-00', 'Ds. Iser, Kec. Petarukan, Kab. Pemalang, Jawa Tengah   ', '-', 'user', 'SISWA'),
(1673, 'ZOBAIR FAIZ', '2', '303287', '303287', '-', '-', 'PEMALANG', '0000-00-00', 'Ds. Iser, Kec. Petarukan, Kab. Pemalang, Jawa Tengah   ', '-', 'user', 'SISWA'),
(1674, 'ADRIAN FAHRI ALFARIZI', '2', '500841', '500841', '-', '-', 'PEMALANG', '0000-00-00', 'Ds. Iser, Kec. Petarukan, Kab. Pemalang, Jawa Tengah   ', '-', 'user', 'SISWA'),
(1675, 'AHMAD SIHABUL HAKIKI', '2', '500915', '500915', '-', '-', 'PEMALANG', '0000-00-00', 'Ds. Iser, Kec. Petarukan, Kab. Pemalang, Jawa Tengah   ', '-', 'user', 'SISWA'),
(1676, 'ALFIN FIRMANSYAH', '2', '500917', '500917', '-', '-', 'PEMALANG', '0000-00-00', 'Ds. Iser, Kec. Petarukan, Kab. Pemalang, Jawa Tengah   ', '-', 'user', 'SISWA'),
(1677, 'ALI MAHSUM', '2', '500918', '500918', '-', '-', 'PEMALANG', '0000-00-00', 'Ds. Iser, Kec. Petarukan, Kab. Pemalang, Jawa Tengah   ', '-', 'user', 'SISWA'),
(1678, 'ALIF ERLANGGA SAPUTRA', '2', '500953', '500953', '-', '-', 'PEMALANG', '0000-00-00', 'Ds. Iser, Kec. Petarukan, Kab. Pemalang, Jawa Tengah   ', '-', 'user', 'SISWA'),
(1679, 'ANDIKA DWI SAPUTRA', '2', '500955', '500955', '-', '-', 'PEMALANG', '0000-00-00', 'Ds. Iser, Kec. Petarukan, Kab. Pemalang, Jawa Tengah   ', '-', 'user', 'SISWA'),
(1680, 'ANDRE JUNEO RADIKUSTAMA', '2', '500957', '500957', '-', '-', 'PEMALANG', '0000-00-00', 'Ds. Iser, Kec. Petarukan, Kab. Pemalang, Jawa Tengah   ', '-', 'user', 'SISWA'),
(1681, 'ANDRE PRASTYO', '2', '500919', '500919', '-', '-', 'PEMALANG', '0000-00-00', 'Ds. Iser, Kec. Petarukan, Kab. Pemalang, Jawa Tengah   ', '-', 'user', 'SISWA'),
(1682, 'ARYA ADI PRATAMA', '2', '500882', '500882', '-', '-', 'PEMALANG', '0000-00-00', 'Ds. Iser, Kec. Petarukan, Kab. Pemalang, Jawa Tengah   ', '-', 'user', 'SISWA'),
(1683, 'DIMAS TRI PRASETYO', '2', '500850', '500850', '-', '-', 'PEMALANG', '0000-00-00', 'Ds. Iser, Kec. Petarukan, Kab. Pemalang, Jawa Tengah   ', '-', 'user', 'SISWA'),
(1684, 'DWI INDRA FAUZI', '2', '500889', '500889', '-', '-', 'PEMALANG', '0000-00-00', 'Ds. Iser, Kec. Petarukan, Kab. Pemalang, Jawa Tengah   ', '-', 'user', 'SISWA'),
(1685, 'FADHIL ADI ARROFI KRISTIADI', '2', '500927', '500927', '-', '-', 'PEMALANG', '0000-00-00', 'Ds. Iser, Kec. Petarukan, Kab. Pemalang, Jawa Tengah   ', '-', 'user', 'SISWA'),
(1686, 'FADHILAH AKBAR', '2', '500928', '500928', '-', '-', 'PEMALANG', '0000-00-00', 'Ds. Iser, Kec. Petarukan, Kab. Pemalang, Jawa Tengah   ', '-', 'user', 'SISWA'),
(1687, 'FAHRI ADI MAULANA ', '2', '500964', '500964', '-', '-', 'PEMALANG', '0000-00-00', 'Ds. Iser, Kec. Petarukan, Kab. Pemalang, Jawa Tengah   ', '-', 'user', 'SISWA'),
(1688, 'FAHRI ALHASANI', '2', '500965', '500965', '-', '-', 'PEMALANG', '0000-00-00', 'Ds. Iser, Kec. Petarukan, Kab. Pemalang, Jawa Tengah   ', '-', 'user', 'SISWA'),
(1689, 'FEBRIAN ADI SAPUTRA', '2', '500930', '500930', '-', '-', 'PEMALANG', '0000-00-00', 'Ds. Iser, Kec. Petarukan, Kab. Pemalang, Jawa Tengah   ', '-', 'user', 'SISWA'),
(1690, 'FIRMAN TRIYANSAH', '2', '500932', '500932', '-', '-', 'PEMALANG', '0000-00-00', 'Ds. Iser, Kec. Petarukan, Kab. Pemalang, Jawa Tengah   ', '-', 'user', 'SISWA'),
(1691, 'GALANG ARDI WINATA', '2', '500968', '500968', '-', '-', 'PEMALANG', '0000-00-00', 'Ds. Iser, Kec. Petarukan, Kab. Pemalang, Jawa Tengah   ', '-', 'user', 'SISWA'),
(1692, 'HEGA YULIAN SAPUTRA', '2', '500971', '500971', '-', '-', 'PEMALANG', '0000-00-00', 'Ds. Iser, Kec. Petarukan, Kab. Pemalang, Jawa Tengah   ', '-', 'user', 'SISWA'),
(1693, 'IFAN ADLI SYAEFUDIN ', '2', '500857', '500857', '-', '-', 'PEMALANG', '0000-00-00', 'Ds. Iser, Kec. Petarukan, Kab. Pemalang, Jawa Tengah   ', '-', 'user', 'SISWA'),
(1694, 'ILHAM SAPUTRA MAHROJI', '2', '500897', '500897', '-', '-', 'PEMALANG', '0000-00-00', 'Ds. Iser, Kec. Petarukan, Kab. Pemalang, Jawa Tengah   ', '-', 'user', 'SISWA'),
(1695, 'KHUMAIDI BUDI PANGESTU', '2', '500972', '500972', '-', '-', 'PEMALANG', '0000-00-00', 'Ds. Iser, Kec. Petarukan, Kab. Pemalang, Jawa Tengah   ', '-', 'user', 'SISWA'),
(1696, 'LUTHFI ARIYA SAPUTRA', '2', '500860', '500860', '-', '-', 'PEMALANG', '0000-00-00', 'Ds. Iser, Kec. Petarukan, Kab. Pemalang, Jawa Tengah   ', '-', 'user', 'SISWA'),
(1697, 'MOHAMMAD ARIFIN', '2', '500863', '500863', '-', '-', 'PEMALANG', '0000-00-00', 'Ds. Iser, Kec. Petarukan, Kab. Pemalang, Jawa Tengah   ', '-', 'user', 'SISWA'),
(1698, 'MUHAMMAD LUTHFI ALFAJAR', '2', '500976', '500976', '-', '-', 'PEMALANG', '0000-00-00', 'Ds. Iser, Kec. Petarukan, Kab. Pemalang, Jawa Tengah   ', '-', 'user', 'SISWA'),
(1699, 'MUHAMMAD RIZKY RAMADHANI', '2', '500978', '500978', '-', '-', 'PEMALANG', '0000-00-00', 'Ds. Iser, Kec. Petarukan, Kab. Pemalang, Jawa Tengah   ', '-', 'user', 'SISWA'),
(1700, 'MUHAMMAD RIZQI FIRMANDANI', '2', '500979', '500979', '-', '-', 'PEMALANG', '0000-00-00', 'Ds. Iser, Kec. Petarukan, Kab. Pemalang, Jawa Tengah   ', '-', 'user', 'SISWA'),
(1701, 'NURDIYANTO ', '2', '500866', '500866', '-', '-', 'PEMALANG', '0000-00-00', 'Ds. Iser, Kec. Petarukan, Kab. Pemalang, Jawa Tengah   ', '-', 'user', 'SISWA'),
(1702, 'REGA DARUSSALAM', '2', '500942', '500942', '-', '-', 'PEMALANG', '0000-00-00', 'Ds. Iser, Kec. Petarukan, Kab. Pemalang, Jawa Tengah   ', '-', 'user', 'SISWA'),
(1703, 'RIFQI DAWIL FAHMI', '2', '500981', '500981', '-', '-', 'PEMALANG', '0000-00-00', 'Ds. Iser, Kec. Petarukan, Kab. Pemalang, Jawa Tengah   ', '-', 'user', 'SISWA'),
(1704, 'RISKY HAMDIANSYAH', '2', '500983', '500983', '-', '-', 'PEMALANG', '0000-00-00', 'Ds. Iser, Kec. Petarukan, Kab. Pemalang, Jawa Tengah   ', '-', 'user', 'SISWA'),
(1705, 'RIZKI SAPUTRA', '2', '500985', '500985', '-', '-', 'PEMALANG', '0000-00-00', 'Ds. Iser, Kec. Petarukan, Kab. Pemalang, Jawa Tengah   ', '-', 'user', 'SISWA'),
(1706, 'RIZKY RAMADHAN', '2', '500870', '500870', '-', '-', 'PEMALANG', '0000-00-00', 'Ds. Iser, Kec. Petarukan, Kab. Pemalang, Jawa Tengah   ', '-', 'user', 'SISWA'),
(1707, 'RYO QOIS SAPUTRA ', '2', '500909', '500909', '-', '-', 'PEMALANG', '0000-00-00', 'Ds. Iser, Kec. Petarukan, Kab. Pemalang, Jawa Tengah   ', '-', 'user', 'SISWA'),
(1708, 'SALIM RIYADI', '2', '500871', '500871', '-', '-', 'PEMALANG', '0000-00-00', 'Ds. Iser, Kec. Petarukan, Kab. Pemalang, Jawa Tengah   ', '-', 'user', 'SISWA'),
(1709, 'WANDA SETIANTO', '2', '500951', '500951', '-', '-', 'PEMALANG', '0000-00-00', 'Ds. Iser, Kec. Petarukan, Kab. Pemalang, Jawa Tengah   ', '-', 'user', 'SISWA'),
(1710, 'ABDUL HAFID', '2', '500837', '500837', '-', '-', 'PEMALANG', '0000-00-00', 'Ds. Iser, Kec. Petarukan, Kab. Pemalang, Jawa Tengah   ', '-', 'user', 'SISWA'),
(1711, 'ADEG TRI WIDODO', '2', '500839', '500839', '-', '-', 'PEMALANG', '0000-00-00', 'Ds. Iser, Kec. Petarukan, Kab. Pemalang, Jawa Tengah   ', '-', 'user', 'SISWA'),
(1712, 'ADITKA RENATA PURNAMA', '2', '500840', '500840', '-', '-', 'PEMALANG', '0000-00-00', 'Ds. Iser, Kec. Petarukan, Kab. Pemalang, Jawa Tengah   ', '-', 'user', 'SISWA'),
(1713, 'ALFAN DZIKRON ABDILLAH', '2', '500916', '500916', '-', '-', 'PEMALANG', '0000-00-00', 'Ds. Iser, Kec. Petarukan, Kab. Pemalang, Jawa Tengah   ', '-', 'user', 'SISWA'),
(1714, 'APRIYAN RIZKY KURNIAWAN', '2', '500843', '500843', '-', '-', 'PEMALANG', '0000-00-00', 'Ds. Iser, Kec. Petarukan, Kab. Pemalang, Jawa Tengah   ', '-', 'user', 'SISWA'),
(1715, 'AYU ILMIA', '2', '500844', '500844', '-', '-', 'PEMALANG', '0000-00-00', 'Ds. Iser, Kec. Petarukan, Kab. Pemalang, Jawa Tengah   ', '-', 'user', 'SISWA'),
(1716, 'AZIZ FERDIAN SULAIMAN', '2', '500920', '500920', '-', '-', 'PEMALANG', '0000-00-00', 'Ds. Iser, Kec. Petarukan, Kab. Pemalang, Jawa Tengah   ', '-', 'user', 'SISWA'),
(1717, 'DAVID ARI WIGIANTO', '2', '500923', '500923', '-', '-', 'PEMALANG', '0000-00-00', 'Ds. Iser, Kec. Petarukan, Kab. Pemalang, Jawa Tengah   ', '-', 'user', 'SISWA'),
(1718, 'DEDI PRIYONO', '2', '500924', '500924', '-', '-', 'PEMALANG', '0000-00-00', 'Ds. Iser, Kec. Petarukan, Kab. Pemalang, Jawa Tengah   ', '-', 'user', 'SISWA'),
(1719, 'DEKA PRATAMA', '2', '500961', '500961', '-', '-', 'PEMALANG', '0000-00-00', 'Ds. Iser, Kec. Petarukan, Kab. Pemalang, Jawa Tengah   ', '-', 'user', 'SISWA'),
(1720, 'DHIEVO HERLAMBANG', '2', '500963', '500963', '-', '-', 'PEMALANG', '0000-00-00', 'Ds. Iser, Kec. Petarukan, Kab. Pemalang, Jawa Tengah   ', '-', 'user', 'SISWA'),
(1721, 'DIMAS ANDIKA PRATAMA', '2', '500849', '500849', '-', '-', 'PEMALANG', '0000-00-00', 'Ds. Iser, Kec. Petarukan, Kab. Pemalang, Jawa Tengah   ', '-', 'user', 'SISWA'),
(1722, 'DONI ADI SETIAWAN', '2', '500887', '500887', '-', '-', 'PEMALANG', '0000-00-00', 'Ds. Iser, Kec. Petarukan, Kab. Pemalang, Jawa Tengah   ', '-', 'user', 'SISWA'),
(1723, 'DWI BAGAS SAPUTRA', '2', '500888', '500888', '-', '-', 'PEMALANG', '0000-00-00', 'Ds. Iser, Kec. Petarukan, Kab. Pemalang, Jawa Tengah   ', '-', 'user', 'SISWA'),
(1724, 'ENGGAR SYLFA PANGESTU', '2', '500925', '500925', '-', '-', 'PEMALANG', '0000-00-00', 'Ds. Iser, Kec. Petarukan, Kab. Pemalang, Jawa Tengah   ', '-', 'user', 'SISWA'),
(1725, 'ERNATA SEPTRIADY', '2', '500926', '500926', '-', '-', 'PEMALANG', '0000-00-00', 'Ds. Iser, Kec. Petarukan, Kab. Pemalang, Jawa Tengah   ', '-', 'user', 'SISWA'),
(1726, 'FAHRI ANDRIANO', '2', '500966', '500966', '-', '-', 'PEMALANG', '0000-00-00', 'Ds. Iser, Kec. Petarukan, Kab. Pemalang, Jawa Tengah   ', '-', 'user', 'SISWA'),
(1727, 'HUSNI ANAS WIJANARKO', '2', '500856', '500856', '-', '-', 'PEMALANG', '0000-00-00', 'Ds. Iser, Kec. Petarukan, Kab. Pemalang, Jawa Tengah   ', '-', 'user', 'SISWA'),
(1728, 'IBNU SAEFULLAH FATAH', '2', '500933', '500933', '-', '-', 'PEMALANG', '0000-00-00', 'Ds. Iser, Kec. Petarukan, Kab. Pemalang, Jawa Tengah   ', '-', 'user', 'SISWA'),
(1729, 'ILHAM BACHTIAR', '2', '500895', '500895', '-', '-', 'PEMALANG', '0000-00-00', 'Ds. Iser, Kec. Petarukan, Kab. Pemalang, Jawa Tengah   ', '-', 'user', 'SISWA'),
(1730, 'ILHAM ROMADHON', '2', '500896', '500896', '-', '-', 'PEMALANG', '0000-00-00', 'Ds. Iser, Kec. Petarukan, Kab. Pemalang, Jawa Tengah   ', '-', 'user', 'SISWA'),
(1731, 'JANUAR SAPUTRA', '2', '500898', '500898', '-', '-', 'PEMALANG', '0000-00-00', 'Ds. Iser, Kec. Petarukan, Kab. Pemalang, Jawa Tengah   ', '-', 'user', 'SISWA'),
(1732, 'JEMBAR MARGONO', '2', '500934', '500934', '-', '-', 'PEMALANG', '0000-00-00', 'Ds. Iser, Kec. Petarukan, Kab. Pemalang, Jawa Tengah   ', '-', 'user', 'SISWA'),
(1733, 'JUWITA APRILIA', '2', '500859', '500859', '-', '-', 'PEMALANG', '0000-00-00', 'Ds. Iser, Kec. Petarukan, Kab. Pemalang, Jawa Tengah   ', '-', 'user', 'SISWA'),
(1734, 'MOHAMAD RAFAEL FARIZQON', '2', '500862', '500862', '-', '-', 'PEMALANG', '0000-00-00', 'Ds. Iser, Kec. Petarukan, Kab. Pemalang, Jawa Tengah   ', '-', 'user', 'SISWA'),
(1735, 'MUHAMAD RIZKI MAULANA', '2', '500902', '500902', '-', '-', 'PEMALANG', '0000-00-00', 'Ds. Iser, Kec. Petarukan, Kab. Pemalang, Jawa Tengah   ', '-', 'user', 'SISWA');
INSERT INTO `tb_user` (`id_user`, `nama_lengkap`, `position`, `user`, `pass`, `email`, `no_whatsapp`, `temp_lahir`, `tgl_lahir`, `alamat_sekarang`, `img_profile`, `id_level`, `id_organisasi`) VALUES
(1736, 'MUHAMAD SAID', '2', '500903', '500903', '-', '-', 'PEMALANG', '0000-00-00', 'Ds. Iser, Kec. Petarukan, Kab. Pemalang, Jawa Tengah   ', '-', 'user', 'SISWA'),
(1737, 'MUHAMMAD IBADIL MAHBUB SLAM', '2', '500940', '500940', '-', '-', 'PEMALANG', '0000-00-00', 'Ds. Iser, Kec. Petarukan, Kab. Pemalang, Jawa Tengah   ', '-', 'user', 'SISWA'),
(1738, 'MUHAMMAD MUSTAFIDIN LABIB', '2', '500977', '500977', '-', '-', 'PEMALANG', '0000-00-00', 'Ds. Iser, Kec. Petarukan, Kab. Pemalang, Jawa Tengah   ', '-', 'user', 'SISWA'),
(1739, 'MUHAMMAD ROHMADUN ASHAR', '2', '500980', '500980', '-', '-', 'PEMALANG', '0000-00-00', 'Ds. Iser, Kec. Petarukan, Kab. Pemalang, Jawa Tengah   ', '-', 'user', 'SISWA'),
(1740, 'MUHAMMAD YUSUF ARIFIN', '2', '500865', '500865', '-', '-', 'PEMALANG', '0000-00-00', 'Ds. Iser, Kec. Petarukan, Kab. Pemalang, Jawa Tengah   ', '-', 'user', 'SISWA'),
(1741, 'PANJI TRIHARTONO', '2', '500868', '500868', '-', '-', 'PEMALANG', '0000-00-00', 'Ds. Iser, Kec. Petarukan, Kab. Pemalang, Jawa Tengah   ', '-', 'user', 'SISWA'),
(1742, 'REGA YANUAR', '2', '500943', '500943', '-', '-', 'PEMALANG', '0000-00-00', 'Ds. Iser, Kec. Petarukan, Kab. Pemalang, Jawa Tengah   ', '-', 'user', 'SISWA'),
(1743, 'WASTO RISDIYANTO', '2', '500988', '500988', '-', '-', 'PEMALANG', '0000-00-00', 'Ds. Iser, Kec. Petarukan, Kab. Pemalang, Jawa Tengah   ', '-', 'user', 'SISWA'),
(1744, 'WILDAN MAHIB FALEH', '2', '500990', '500990', '-', '-', 'PEMALANG', '0000-00-00', 'Ds. Iser, Kec. Petarukan, Kab. Pemalang, Jawa Tengah   ', '-', 'user', 'SISWA'),
(1745, 'ATIV REVANSYAH', '2', '500883', '500883', '-', '-', 'PEMALANG', '0000-00-00', 'Ds. Iser, Kec. Petarukan, Kab. Pemalang, Jawa Tengah   ', '-', 'user', 'SISWA'),
(1746, 'AZRIL TEGUH SAPUTRO', '2', '500921', '500921', '-', '-', 'PEMALANG', '0000-00-00', 'Ds. Iser, Kec. Petarukan, Kab. Pemalang, Jawa Tengah   ', '-', 'user', 'SISWA'),
(1747, 'CAHYO NUR WIJOYO', '2', '500845', '500845', '-', '-', 'PEMALANG', '0000-00-00', 'Ds. Iser, Kec. Petarukan, Kab. Pemalang, Jawa Tengah   ', '-', 'user', 'SISWA'),
(1748, 'CANDRA DIKA MAULANA', '2', '500846', '500846', '-', '-', 'PEMALANG', '0000-00-00', 'Ds. Iser, Kec. Petarukan, Kab. Pemalang, Jawa Tengah   ', '-', 'user', 'SISWA'),
(1749, 'CHANDRA ACHMAD MAULANA', '2', '500885', '500885', '-', '-', 'PEMALANG', '0000-00-00', 'Ds. Iser, Kec. Petarukan, Kab. Pemalang, Jawa Tengah   ', '-', 'user', 'SISWA'),
(1750, 'DANANG HAMZA', '2', '500886', '500886', '-', '-', 'PEMALANG', '0000-00-00', 'Ds. Iser, Kec. Petarukan, Kab. Pemalang, Jawa Tengah   ', '-', 'user', 'SISWA'),
(1751, 'DINO RAMADANI', '2', '500851', '500851', '-', '-', 'PEMALANG', '0000-00-00', 'Ds. Iser, Kec. Petarukan, Kab. Pemalang, Jawa Tengah   ', '-', 'user', 'SISWA'),
(1752, 'EDI WIBOWO', '2', '500890', '500890', '-', '-', 'PEMALANG', '0000-00-00', 'Ds. Iser, Kec. Petarukan, Kab. Pemalang, Jawa Tengah   ', '-', 'user', 'SISWA'),
(1753, 'FAHRI ATTAR SYAH', '2', '500967', '500967', '-', '-', 'PEMALANG', '0000-00-00', 'Ds. Iser, Kec. Petarukan, Kab. Pemalang, Jawa Tengah   ', '-', 'user', 'SISWA'),
(1754, 'FAJAR ALAM SAPUTRA', '2', '500891', '500891', '-', '-', 'PEMALANG', '0000-00-00', 'Ds. Iser, Kec. Petarukan, Kab. Pemalang, Jawa Tengah   ', '-', 'user', 'SISWA'),
(1755, 'FAJAR KHOIRUL IKHSAN', '2', '500852', '500852', '-', '-', 'PEMALANG', '0000-00-00', 'Ds. Iser, Kec. Petarukan, Kab. Pemalang, Jawa Tengah   ', '-', 'user', 'SISWA'),
(1756, 'FAJAR ROMADHON', '2', '500894', '500894', '-', '-', 'PEMALANG', '0000-00-00', 'Ds. Iser, Kec. Petarukan, Kab. Pemalang, Jawa Tengah   ', '-', 'user', 'SISWA'),
(1757, 'FAKHRI ANDIKA PRATAMA', '2', '500892', '500892', '-', '-', 'PEMALANG', '0000-00-00', 'Ds. Iser, Kec. Petarukan, Kab. Pemalang, Jawa Tengah   ', '-', 'user', 'SISWA'),
(1758, 'FANNY AULIA', '2', '500854', '500854', '-', '-', 'PEMALANG', '0000-00-00', 'Ds. Iser, Kec. Petarukan, Kab. Pemalang, Jawa Tengah   ', '-', 'user', 'SISWA'),
(1759, 'FAUTI LIBERTIANA ', '2', '500855', '500855', '-', '-', 'PEMALANG', '0000-00-00', 'Ds. Iser, Kec. Petarukan, Kab. Pemalang, Jawa Tengah   ', '-', 'user', 'SISWA'),
(1760, 'FAUZI FIRMANZAH', '2', '500929', '500929', '-', '-', 'PEMALANG', '0000-00-00', 'Ds. Iser, Kec. Petarukan, Kab. Pemalang, Jawa Tengah   ', '-', 'user', 'SISWA'),
(1761, 'FEBRIYAN PRATAMA', '2', '500931', '500931', '-', '-', 'PEMALANG', '0000-00-00', 'Ds. Iser, Kec. Petarukan, Kab. Pemalang, Jawa Tengah   ', '-', 'user', 'SISWA'),
(1762, 'KAHANAN WAHONO ROSO', '2', '500935', '500935', '-', '-', 'PEMALANG', '0000-00-00', 'Ds. Iser, Kec. Petarukan, Kab. Pemalang, Jawa Tengah   ', '-', 'user', 'SISWA'),
(1763, 'KHOIRUL', '2', '500936', '500936', '-', '-', 'PEMALANG', '0000-00-00', 'Ds. Iser, Kec. Petarukan, Kab. Pemalang, Jawa Tengah   ', '-', 'user', 'SISWA'),
(1764, 'LUKNI MAULANA', '2', '500974', '500974', '-', '-', 'PEMALANG', '0000-00-00', 'Ds. Iser, Kec. Petarukan, Kab. Pemalang, Jawa Tengah   ', '-', 'user', 'SISWA'),
(1765, 'MUHAMAD ABAS REHANDIKA', '2', '500899', '500899', '-', '-', 'PEMALANG', '0000-00-00', 'Ds. Iser, Kec. Petarukan, Kab. Pemalang, Jawa Tengah   ', '-', 'user', 'SISWA'),
(1766, 'RAIHAN EFENDI', '2', '500906', '500906', '-', '-', 'PEMALANG', '0000-00-00', 'Ds. Iser, Kec. Petarukan, Kab. Pemalang, Jawa Tengah   ', '-', 'user', 'SISWA'),
(1767, 'REFAN PRASETIYA', '2', '500908', '500908', '-', '-', 'PEMALANG', '0000-00-00', 'Ds. Iser, Kec. Petarukan, Kab. Pemalang, Jawa Tengah   ', '-', 'user', 'SISWA'),
(1768, 'REHAN PRAMUDIAN', '2', '500944', '500944', '-', '-', 'PEMALANG', '0000-00-00', 'Ds. Iser, Kec. Petarukan, Kab. Pemalang, Jawa Tengah   ', '-', 'user', 'SISWA'),
(1769, 'REVAN ANDRIAN TRISNA', '2', '500945', '500945', '-', '-', 'PEMALANG', '0000-00-00', 'Ds. Iser, Kec. Petarukan, Kab. Pemalang, Jawa Tengah   ', '-', 'user', 'SISWA'),
(1770, 'RIKO DWI SAPUTRA', '2', '500982', '500982', '-', '-', 'PEMALANG', '0000-00-00', 'Ds. Iser, Kec. Petarukan, Kab. Pemalang, Jawa Tengah   ', '-', 'user', 'SISWA'),
(1771, 'SEPTA ALEXANDRA', '2', '500912', '500912', '-', '-', 'PEMALANG', '0000-00-00', 'Ds. Iser, Kec. Petarukan, Kab. Pemalang, Jawa Tengah   ', '-', 'user', 'SISWA'),
(1772, 'SODIK MUSTOFA', '2', '500913', '500913', '-', '-', 'PEMALANG', '0000-00-00', 'Ds. Iser, Kec. Petarukan, Kab. Pemalang, Jawa Tengah   ', '-', 'user', 'SISWA'),
(1773, 'SOFYAN PRAMADAN', '2', '500947', '500947', '-', '-', 'PEMALANG', '0000-00-00', 'Ds. Iser, Kec. Petarukan, Kab. Pemalang, Jawa Tengah   ', '-', 'user', 'SISWA'),
(1774, 'SYIFAA AL QOLBI', '2', '500948', '500948', '-', '-', 'PEMALANG', '0000-00-00', 'Ds. Iser, Kec. Petarukan, Kab. Pemalang, Jawa Tengah   ', '-', 'user', 'SISWA'),
(1775, 'WAHYU ABIYYU JULIAWAN', '2', '500950', '500950', '-', '-', 'PEMALANG', '0000-00-00', 'Ds. Iser, Kec. Petarukan, Kab. Pemalang, Jawa Tengah   ', '-', 'user', 'SISWA'),
(1776, 'WANDI', '2', '500986', '500986', '-', '-', 'PEMALANG', '0000-00-00', 'Ds. Iser, Kec. Petarukan, Kab. Pemalang, Jawa Tengah   ', '-', 'user', 'SISWA'),
(1777, 'WAWAN SAKRISNA', '2', '500989', '500989', '-', '-', 'PEMALANG', '0000-00-00', 'Ds. Iser, Kec. Petarukan, Kab. Pemalang, Jawa Tengah   ', '-', 'user', 'SISWA'),
(1778, 'YUSRO ALI FIKRI', '2', '500875', '500875', '-', '-', 'PEMALANG', '0000-00-00', 'Ds. Iser, Kec. Petarukan, Kab. Pemalang, Jawa Tengah   ', '-', 'user', 'SISWA'),
(1779, 'ZAKHA AFKHAR MAULANA', '2', '500914', '500914', '-', '-', 'PEMALANG', '0000-00-00', 'Ds. Iser, Kec. Petarukan, Kab. Pemalang, Jawa Tengah   ', '-', 'user', 'SISWA'),
(1780, 'AHMAD DJA FARUDIN', '2', '500876', '500876', '-', '-', 'PEMALANG', '0000-00-00', 'Ds. Iser, Kec. Petarukan, Kab. Pemalang, Jawa Tengah   ', '-', 'user', 'SISWA'),
(1781, 'AHMAD KHAMALUDIN', '2', '500877', '500877', '-', '-', 'PEMALANG', '0000-00-00', 'Ds. Iser, Kec. Petarukan, Kab. Pemalang, Jawa Tengah   ', '-', 'user', 'SISWA'),
(1782, 'AHMAD RAMADANI', '2', '500878', '500878', '-', '-', 'PEMALANG', '0000-00-00', 'Ds. Iser, Kec. Petarukan, Kab. Pemalang, Jawa Tengah   ', '-', 'user', 'SISWA'),
(1783, 'AHMAD RIDWAN MAULANA', '2', '500879', '500879', '-', '-', 'PEMALANG', '0000-00-00', 'Ds. Iser, Kec. Petarukan, Kab. Pemalang, Jawa Tengah   ', '-', 'user', 'SISWA'),
(1784, 'AHMAD RIFQI MUZAKKI', '2', '500880', '500880', '-', '-', 'PEMALANG', '0000-00-00', 'Ds. Iser, Kec. Petarukan, Kab. Pemalang, Jawa Tengah   ', '-', 'user', 'SISWA'),
(1785, 'AMIRUN NAJA', '2', '500954', '500954', '-', '-', 'PEMALANG', '0000-00-00', 'Ds. Iser, Kec. Petarukan, Kab. Pemalang, Jawa Tengah   ', '-', 'user', 'SISWA'),
(1786, 'ANDIKA PUTRA PRATAMA', '2', '500956', '500956', '-', '-', 'PEMALANG', '0000-00-00', 'Ds. Iser, Kec. Petarukan, Kab. Pemalang, Jawa Tengah   ', '-', 'user', 'SISWA'),
(1787, 'ARIF MAULANA KHAFID', '2', '500881', '500881', '-', '-', 'PEMALANG', '0000-00-00', 'Ds. Iser, Kec. Petarukan, Kab. Pemalang, Jawa Tengah   ', '-', 'user', 'SISWA'),
(1788, 'BAYU APRILIAN', '2', '500959', '500959', '-', '-', 'PEMALANG', '0000-00-00', 'Ds. Iser, Kec. Petarukan, Kab. Pemalang, Jawa Tengah   ', '-', 'user', 'SISWA'),
(1789, 'CANDRA SETYAWAN', '2', '500884', '500884', '-', '-', 'PEMALANG', '0000-00-00', 'Ds. Iser, Kec. Petarukan, Kab. Pemalang, Jawa Tengah   ', '-', 'user', 'SISWA'),
(1790, 'DANURI', '2', '500922', '500922', '-', '-', 'PEMALANG', '0000-00-00', 'Ds. Iser, Kec. Petarukan, Kab. Pemalang, Jawa Tengah   ', '-', 'user', 'SISWA'),
(1791, 'DIAZ MAULANA FIQQIH', '2', '500848', '500848', '-', '-', 'PEMALANG', '0000-00-00', 'Ds. Iser, Kec. Petarukan, Kab. Pemalang, Jawa Tengah   ', '-', 'user', 'SISWA'),
(1792, 'HANDIKA ANGGI FIRMANSYAH', '2', '500970', '500970', '-', '-', 'PEMALANG', '0000-00-00', 'Ds. Iser, Kec. Petarukan, Kab. Pemalang, Jawa Tengah   ', '-', 'user', 'SISWA'),
(1793, 'IKHSAN NURKARIM', '2', '500858', '500858', '-', '-', 'PEMALANG', '0000-00-00', 'Ds. Iser, Kec. Petarukan, Kab. Pemalang, Jawa Tengah   ', '-', 'user', 'SISWA'),
(1794, 'KRISSANDI WIRYA PRATAMA', '2', '500973', '500973', '-', '-', 'PEMALANG', '0000-00-00', 'Ds. Iser, Kec. Petarukan, Kab. Pemalang, Jawa Tengah   ', '-', 'user', 'SISWA'),
(1795, 'LUTHFI ADRIANSYAH ', '2', '500975', '500975', '-', '-', 'PEMALANG', '0000-00-00', 'Ds. Iser, Kec. Petarukan, Kab. Pemalang, Jawa Tengah   ', '-', 'user', 'SISWA'),
(1796, 'M. RAMA TRINARTA', '2', '500861', '500861', '-', '-', 'PEMALANG', '0000-00-00', 'Ds. Iser, Kec. Petarukan, Kab. Pemalang, Jawa Tengah   ', '-', 'user', 'SISWA'),
(1797, 'MOHAMMAD VELDI', '2', '500864', '500864', '-', '-', 'PEMALANG', '0000-00-00', 'Ds. Iser, Kec. Petarukan, Kab. Pemalang, Jawa Tengah   ', '-', 'user', 'SISWA'),
(1798, 'MUHAMAD AKHYANI', '2', '500900', '500900', '-', '-', 'PEMALANG', '0000-00-00', 'Ds. Iser, Kec. Petarukan, Kab. Pemalang, Jawa Tengah   ', '-', 'user', 'SISWA'),
(1799, 'MUHAMAD NASIR', '2', '500901', '500901', '-', '-', 'PEMALANG', '0000-00-00', 'Ds. Iser, Kec. Petarukan, Kab. Pemalang, Jawa Tengah   ', '-', 'user', 'SISWA'),
(1800, 'MUHAMAD SURONO', '2', '500937', '500937', '-', '-', 'PEMALANG', '0000-00-00', 'Ds. Iser, Kec. Petarukan, Kab. Pemalang, Jawa Tengah   ', '-', 'user', 'SISWA'),
(1801, 'MUHAMMAD DAUDYA JANANTAKA', '2', '500938', '500938', '-', '-', 'PEMALANG', '0000-00-00', 'Ds. Iser, Kec. Petarukan, Kab. Pemalang, Jawa Tengah   ', '-', 'user', 'SISWA'),
(1802, 'MUHAMMAD FATKHU ROKHMAN', '2', '500939', '500939', '-', '-', 'PEMALANG', '0000-00-00', 'Ds. Iser, Kec. Petarukan, Kab. Pemalang, Jawa Tengah   ', '-', 'user', 'SISWA'),
(1803, 'MUHAMMAD JEFRI BUDIARTO', '2', '500941', '500941', '-', '-', 'PEMALANG', '0000-00-00', 'Ds. Iser, Kec. Petarukan, Kab. Pemalang, Jawa Tengah   ', '-', 'user', 'SISWA'),
(1804, 'OKTI SAPUTRA', '2', '500867', '500867', '-', '-', 'PEMALANG', '0000-00-00', 'Ds. Iser, Kec. Petarukan, Kab. Pemalang, Jawa Tengah   ', '-', 'user', 'SISWA'),
(1805, 'PRASNA EFENDI', '2', '500869', '500869', '-', '-', 'PEMALANG', '0000-00-00', 'Ds. Iser, Kec. Petarukan, Kab. Pemalang, Jawa Tengah   ', '-', 'user', 'SISWA'),
(1806, 'PRISA TATA ADILIA', '2', '500904', '500904', '-', '-', 'PEMALANG', '0000-00-00', 'Ds. Iser, Kec. Petarukan, Kab. Pemalang, Jawa Tengah   ', '-', 'user', 'SISWA'),
(1807, 'RAFA AGATHA KHAYRU PRAKUSYAH', '2', '500905', '500905', '-', '-', 'PEMALANG', '0000-00-00', 'Ds. Iser, Kec. Petarukan, Kab. Pemalang, Jawa Tengah   ', '-', 'user', 'SISWA'),
(1808, 'RICO ADITYA HIKMAWAN ', '2', '500946', '500946', '-', '-', 'PEMALANG', '0000-00-00', 'Ds. Iser, Kec. Petarukan, Kab. Pemalang, Jawa Tengah   ', '-', 'user', 'SISWA'),
(1809, 'RISQI MU\'ALIF', '2', '500984', '500984', '-', '-', 'PEMALANG', '0000-00-00', 'Ds. Iser, Kec. Petarukan, Kab. Pemalang, Jawa Tengah   ', '-', 'user', 'SISWA'),
(1810, 'SANDI OKTA FIRANSYAH', '2', '500872', '500872', '-', '-', 'PEMALANG', '0000-00-00', 'Ds. Iser, Kec. Petarukan, Kab. Pemalang, Jawa Tengah   ', '-', 'user', 'SISWA'),
(1811, 'SANDI PRASETYADI ', '2', '500872', '500872', '-', '-', 'PEMALANG', '0000-00-00', 'Ds. Iser, Kec. Petarukan, Kab. Pemalang, Jawa Tengah   ', '-', 'user', 'SISWA'),
(1812, 'SANDY DARMA SANTOSO ', '2', '500910', '500910', '-', '-', 'PEMALANG', '0000-00-00', 'Ds. Iser, Kec. Petarukan, Kab. Pemalang, Jawa Tengah   ', '-', 'user', 'SISWA'),
(1813, 'SENO MAULANA', '2', '500911', '500911', '-', '-', 'PEMALANG', '0000-00-00', 'Ds. Iser, Kec. Petarukan, Kab. Pemalang, Jawa Tengah   ', '-', 'user', 'SISWA'),
(1814, 'WANTO', '2', '500987', '500987', '-', '-', 'PEMALANG', '0000-00-00', 'Ds. Iser, Kec. Petarukan, Kab. Pemalang, Jawa Tengah   ', '-', 'user', 'SISWA'),
(1815, 'ZIDNI IRFAN MAULANA', '2', '500952', '500952', '-', '-', 'PEMALANG', '0000-00-00', 'Ds. Iser, Kec. Petarukan, Kab. Pemalang, Jawa Tengah   ', '-', 'user', 'SISWA'),
(1816, ' PURWO SETYA WITANTO, S.T ', ' 1 ', '400394', '400394', 'purwo.elektro98@gmail.com', '', 'Pemalang', '1979-11-19', 'Jl Sumbing Kademangan Wetan Rt. 4/17 Mulyoharjo Pemalang', '', 'user', 'GURU'),
(1817, ' MAULANA MALIK, S.pd ', ' 1 ', '400395', '400395', 'alexmaulana95@yahoo.co.id', '', 'Pemalang', '1975-05-24', 'Paduraksa', '', 'user', 'GURU'),
(1818, ' EKO KURNIAWAN, S.pd ', ' 1 ', '400396', '400396', 'ekokurniawan191180@gmail.com', '', 'Pemalang', '1981-11-19', 'JL. KALIRANDU', '', 'user', 'GURU'),
(1819, ' GINCO ABDUL SANTOSO, S.T ', ' 1 ', '400397', '400397', 'gincoabdul@gmail.com', '', 'Pemalang', '1975-02-06', 'Jalan Arbo\'i Bojongnangka Pemalang ', '', 'user', 'GURU'),
(1820, ' MOH. SAMSURIZAL, S.ip ', ' 1 ', '400398', '400398', 'rizalsamsu533@gmail.com', '', 'Pemalang', '1976-01-24', 'Jl. Kalirandu Petarukan Pemalang', '', 'user', 'GURU'),
(1821, ' ADIL SYAIFULHAQ, S.pd. ING ', ' 1 ', '400399', '400399', 'jifabil@gmail.com', '', 'Pemalang', '1974-03-27', 'Rt. 04 /Rw. 02 Kendalsari Petarukan Pemalang', '', 'user', 'GURU'),
(1822, ' OCTOVIAN ANDY SATRIANA , S.T ', ' 1 ', '400400', '400400', 'satriaocto@yahoo.co.id', '', 'Pemalang', '1977-10-01', 'Jl. Raya Petarukan Timur No. 20 Petarukan', '', 'user', 'GURU'),
(1823, ' EKA NURHAYATI, S.pd. ', ' 1 ', '400401', '400401', 'nurhayatieka425@gmail.com', '', 'Pemalang', '1984-05-22', 'KALIRANDU', '', 'user', 'GURU'),
(1824, ' DELLA ALIFAH, S.pd. ', ' 1 ', '400402', '400402', 'delladelpiero@gmail.com', '', 'Pemalang', '1982-05-14', 'Rt. 08/Rw. 03 Kendalsari Petarukan', '', 'user', 'GURU'),
(1825, ' MOH. ALI AKBAR NAVI, S.T ', ' 1 ', '400403', '400403', 'moh.aliakbarnavi@gmail.com', '', 'Pemalang', '1986-09-13', 'KENDALSARI', '', 'user', 'GURU'),
(1826, ' TRIMANTO, S.T ', ' 1 ', '400404', '400404', 'trimantoterra@gmail.com', '', 'Pekalongan', '1979-09-12', 'Rt. 06 /Rw. 02 Pantianom Bojong Pekalongan', '', 'user', 'GURU'),
(1827, ' DIAN ANGGRAENI, S.pd. ', ' 1 ', '400405', '400405', 'diandika2110@gmail.com', '', 'Semarang', '1982-10-21', 'DUSUN KEDOKANJATI', '', 'user', 'GURU'),
(1828, ' WAHLUDI, S.S, S.pd. ', ' 1 ', '400406', '400406', 'wahludiludi@gmail.com', '', 'Pemalang', '1983-01-08', 'Rt. 06/Rw.02 Jl. Nori No. 170 Pegundan Petarukan Pemalang', '', 'user', 'GURU'),
(1829, ' WAHYU TRIYO UTOMO, S.pd. ', ' 1 ', '400407', '400407', 'wahyu20186@gmail.com', '', 'Pemalang', '1986-01-20', 'Gg. ABAIYOSO', '', 'user', 'GURU'),
(1830, ' FAQIH UDIN, S.pd. ', ' 1 ', '400408', '400408', 'faqihudin1979@gmail.com', '', 'Pemalang', '1979-09-29', 'Rt.01/Rw.02  Kendalsari Petarukan Pemalang', '', 'user', 'GURU'),
(1831, ' SUROSO, S.T ', ' 1 ', '400409', '400409', 'lekso.suroso@gmail.com', '', 'Kudus', '1973-02-26', 'Jl. Bali No. 15 Kaligelang Taman Pemalang', '', 'user', 'GURU'),
(1832, ' SUTOJOYO, S.T ', ' 1 ', '400410', '400410', 'sutojoyos@yahoo.com', '', 'Pemalang', '1983-06-22', 'Ds Pagergunung', '', 'user', 'GURU'),
(1833, ' YANDI PIRMANSYAH, S.T ', ' 1 ', '400411', '400411', 'kiemnyong@gmail.com', '', 'Pemalang', '1983-04-18', 'Desa Panjunan Petarukan Pemalang', '', 'user', 'GURU'),
(1834, ' DIDI IRAWAN, S.pd ', ' 1 ', '400412', '400412', 'casmirohcasmiroh@gmail.com', '', 'Pemalang', '1984-12-10', 'JL. TEUKU UMAR NO. 27', '', 'user', 'GURU'),
(1835, ' MUHAMMAD ABDUH, S.T ', ' 1 ', '400413', '400413', 'abduh75@gmail.com', '', 'Surakarta', '1975-11-14', 'Desa Kalirandu Petarukan Pemalang', '', 'user', 'GURU'),
(1836, ' NYLLA MUSTIKASARI. S,PD ', ' 1 ', '400414', '400414', 'arghienylla@gmail.com', '', 'Pemalang', '1975-01-06', 'Pedurungan Taman Pemalang', '', 'user', 'GURU'),
(1837, ' BUDI SUSILO, S.T, M.T ', ' 1 ', '400415', '400415', 'budisusilo3@gmail.com', '', 'Pemalang', '1976-08-16', 'JL. RAYA SUSUKAN', '', 'user', 'GURU'),
(1838, ' WARJO. S.T ', ' 1 ', '400416', '400416', 'warjopml16@gmail.com', '', 'Pemalang', '1977-11-12', 'Rt. 01/Rw. 05 Desa Limbangan Ulujami Pemalang', '', 'user', 'GURU'),
(1839, ' RAHAYU FITRIA, S.pd ', ' 1 ', '400417', '400417', 'rahayufitriapml@gmail.com', '', 'Pemalang', '1984-06-28', 'Jalan Desa', '', 'user', 'GURU'),
(1840, ' RESTI LINUWIH, S.pd ', ' 1 ', '400418', '400418', 'rlinlinuwih@yahoo.com', '', 'Pemalang', '1988-04-06', 'jl. Arwana 1 No.377 Perum Sugiwaras', '', 'user', 'GURU'),
(1841, ' HERNITA YULIARSIH, S.pd ', ' 1 ', '400419', '400419', 'hernitayuliarsih@gmail.com', '', 'Pemalang', '1987-07-09', 'Rt. 05/Rw. 03 Bojongnangka tambakyuda no. 20 B Pemalang', '', 'user', 'GURU'),
(1842, ' WINARSIH, S.pd. ', ' 1 ', '400420', '400420', 'javashiral2319@gmail.com', '', 'Pemalang', '1981-10-15', 'Jl. R.A. Kartini', '', 'user', 'GURU'),
(1843, ' GIRI SATYA HADI, S.pd ', ' 1 ', '400421', '400421', 'satyagirisa@gmail.com', '', 'Kebumen', '1991-08-05', 'Jl. SEARAYU', '', 'user', 'GURU'),
(1844, ' SETYAJI YOGI UTOMO, S.pd ', ' 1 ', '400422', '400422', 'setyajiyogiutomo@yahoo.co.id', '', 'Pemalang', '1990-07-05', 'Rt. 02/01 Iser Petarukan Pemalang', '', 'user', 'GURU'),
(1845, ' EKO YULIAN PRASETYO, S.pd ', ' 1 ', '400423', '400423', 'ekoaira13@gmail.com', '', 'Tegal', '1991-07-13', 'Jl. Kemuning Gg. Widuri Rt. 08/Rw. 03 Kejambon Tegal', '', 'user', 'GURU'),
(1846, ' ISNAN PRIYADI, S.T ', ' 1 ', '400424', '400424', 'isnanpriyadi@gmail.com', '', 'Pemalang', '1990-02-20', 'kendalsari', '', 'user', 'GURU'),
(1847, ' SYAMSU HERNAWAN, S.T ', ' 1 ', '400425', '400425', 'syamsu_hernawan@yahoo.co.id', '', 'Pemalang', '1978-10-19', 'Jl. KALIBAROS', '', 'user', 'GURU'),
(1848, ' JOHNNY IQBAL HABIBI, S.pd.I ', ' 1 ', '400426', '400426', 'j.i.habibie11@gmail.com', '', 'Pemalang', '1990-01-11', 'DS. KALIRANDU', '', 'user', 'GURU'),
(1849, ' EKA PRATIWI SINTOWATI, S.pd. ', ' 1 ', '400427', '400427', 'rafifsava85@gmail.com', '', 'Pemalang', '1991-10-06', 'ISER', '', 'user', 'GURU'),
(1850, ' FIRMAN MAULANA, S.pd. ', ' 1 ', '400428', '400428', 'lana.shesya@gmail.com', '', 'Pemalang', '1991-09-28', 'DS. KAPANGSARI', '', 'user', 'GURU'),
(1851, ' FALASIFAH AULIA, S.pd. ', ' 1 ', '400429', '400429', 'falasifahaulia31@gmail.com', '', 'Pemalang', '1992-01-08', 'DS. KALIRANDU', '', 'user', 'GURU'),
(1852, ' IMAM KURNIAWAN, S.pd. ', ' 1 ', '400430', '400430', 'ikurniawan1307@gmail.com', '', 'Pemalang', '1982-07-13', 'JL. KH. SAMANHUDI', '', 'user', 'GURU'),
(1853, ' KURNAWAN, S.pd ', ' 1 ', '400431', '400431', 'kurnawan89@gmail.com', '', 'Pemalang', '1989-04-16', 'DUSUN IV', '', 'user', 'GURU'),
(1854, ' MASHADI IRFAN, S.pd.I ', ' 1 ', '400432', '400432', 'mashadiirfan@gmail.com', '', 'Pemalang', '1986-04-08', 'KENDALREJO', '', 'user', 'GURU'),
(1855, ' TEGUH PAMUJI, S.pd ', ' 1 ', '400433', '400433', 'pakteguhpamuji@gmail.com', '', 'Pemalang', '1989-05-16', 'JL. DESA PENDOWO', '', 'user', 'GURU'),
(1856, ' BAMBANG APRIANDI, S.pd ', ' 1 ', '400434', '400434', 'wijaya.andi59@gmail.com', '', 'Jakarta', '1987-04-26', 'BULAKSARI', '', 'user', 'GURU'),
(1857, ' EDI SUSANTO, S.T, M.T ', ' 1 ', '400435', '400435', 'masedisusanto215@gmail.com', '', 'Pemalang', '1988-03-02', 'PEDURUNGAN', '', 'user', 'GURU'),
(1858, ' BAGUS ADI PRASETYO, S.Kom ', ' 1 ', '400436', '400436', 'bagusbedhunk@gmail.com', '', 'Pemalang', '1987-10-14', 'Jl. Gatot Subroto Rt.02 Rw.06', '', 'user', 'GURU'),
(1859, ' SANE OKTANA, S.pd. ', ' 1 ', '400437', '400437', 'saneoktana96s@gmail.com', '', 'Pemalang', '1996-10-10', 'Ds. Kendalsari', '', 'user', 'GURU'),
(1860, ' DIAN NURHADI, S.pd. ', ' 1 ', '400438', '400438', 'cokdian100@gmail.com', '', 'Pekalongan', '1996-08-01', 'DS.Sangkanjoyo', '', 'user', 'GURU'),
(1861, ' RIZKI FANI CANDRA DEWI, S.pd. ', ' 1 ', '400439', '400439', 'rizkifanicandra@gmail.com', '', 'Pemalang', '1996-02-11', 'DS. Klareyan', '', 'user', 'GURU'),
(1862, ' FAIZIN NURDIANSYAH, S.pd. ', ' 1 ', '400440', '400440', 'paijoyoanu@gmail.com', '', 'Pemalang', '1995-09-18', 'kendalsari', '', 'user', 'GURU'),
(1863, ' SUMARYO, S.T ', ' 1 ', '400441', '400441', 'aryoegie43@gmail.com', '', 'Pemalang', '1983-10-18', 'KALIRANDU', '', 'user', 'GURU'),
(1864, ' MUHAMAD ARDIANTO, S.Kom ', ' 1 ', '400442', '400442', 'mail.disable@gmail.com', '', 'Pemalang', '1993-03-10', 'DESA TEMUIRENG RT.25/RW.04 PETARUKAN', '', 'user', 'GURU'),
(1865, ' LABIBATUZ ZAHRO, S.pd.I ', ' 1 ', '400443', '400443', 'zahralabiba89@gmail.com', '', 'Pemalang', '1993-07-28', 'DESA KALIRANDU RT. 004/RW. 004 PETARUKAN PEMALANG', '', 'user', 'GURU'),
(1866, ' AFIYATURRAHMAH, S.T ', ' 1 ', '400444', '400444', 'afiyaturrahma27@gamil.com', '', 'Pemalang', '1994-03-27', 'DESA SIDOREJO RT.001/RW.005 KEC. COMAL KAB. PEMALANG', '', 'user', 'GURU'),
(1867, ' MUHAMMAD IRFA NUFAIYAL K, S.Kom', ' 1 ', '400445', '400445', 'irfanovaiyalkharish03@gmail.com', '', 'Pemalang', '1992-11-03', 'DUSUN CURAHMLATI DESA TEGALMLATI RT. 007/RW. 003 PETARUKAN', '', 'user', 'GURU'),
(1868, ' OKIDHA AMIN, S.pd ', ' 1 ', '400446', '400446', '', '', 'Pemalang', '1988-03-14', 'GRIYA PESONA KALIBAROS RT. 02/RW. 13 TAMAN PEMALANG', '', 'user', 'GURU'),
(1869, ' RIFKA ALGANI AMRULLAH,S.pd ', ' 1 ', '400447', '400447', 'ganiapem@gmail.com', '', 'Pemalang', '1997-04-21', 'JALAN WONOGATI 18 RT. 07/RW. 02 KARANGTENGAH AMPELGADING', '', 'user', 'GURU'),
(1870, ' CHOFALINA AYUNINGTYAS,S.pd ', ' 1 ', '400448', '400448', 'chofalina.a@gmail.com', '', 'Pemalang', '1998-08-04', 'DESA KENDALREJO RT. 07/RW. 01 PETARUKAN', '', 'user', 'GURU'),
(1871, ' RIAN ARISETYAWAN, S.pd ', ' 1 ', '400449', '400449', 'Riansetiawan12373@gmail.com', '', 'Pemalang', '1994-05-30', 'JALAN SUMBAWA RT. 02/RW. 02 PEDURUNGAN BARAT TAMAN ', '', 'user', 'GURU'),
(1872, ' TSAMARA REVINDA IBTYANDI, S.pd ', ' 1 ', '400450', '400450', 'tibyandi@gmail.com', '', 'Pemalang', '1997-05-09', 'GREN PURIASRI BLOK F NO. 11 COMAL PEMALANG', '', 'user', 'GURU'),
(1873, ' ISTIQOMAH AYU MUSTIKA, S.pd ', ' 1 ', '400451', '400451', 'mustikaiayu@gmail.com', '', 'Pemalang', '1996-05-29', 'JALAN URIP SUMOHARJO No. 75 PELUTAN PEMALANG', '', 'user', 'GURU'),
(1874, ' MUHAMMAD SAPUTRO, S.pd ', ' 1 ', '400452', '400452', 'Muhammadsaputro44@gmail.com', '', 'Pemalang', '1997-08-20', 'DESA KARANGASEM RT. 0003 / RW. 001 No. 63 PETARUKAN', '', 'user', 'GURU'),
(1875, ' WISNU MAHARDIKA MUKTI, S.pd ', ' 1 ', '400453', '400453', 'mahardikamukti11@gmail.com', '', 'Pemalang', '2001-01-11', 'DUSUN II DESA KANDANG KEC. COMAL KAB. PEMALANG', '', 'user', 'GURU'),
(1876, ' YANUAR MIRZA, S.pd ', ' 1 ', '400454', '400454', 'yanuaarmirza@students.unnes.ac.id', '', 'Pemalang', '1999-01-20', 'DESA KALIRAU RT. 05 / RW. 01 KEC. ULUJAMI KAB. PEMALANG', '', 'user', 'GURU'),
(1877, ' TIARA CHIKA RIYANTI, S.pd ', ' 1 ', '400455', '400455', 'tiarachika6868@gmail.com', '', 'Palu', '2002-02-16', 'PERUM TAMAN ANGGUR REFAONDA BLOK A No. 11', '', 'user', 'GURU'),
(1878, ' MAYA NINDA AGUSTIN, S.pd ', ' 1 ', '400456', '400456', 'mayaninda54@gmail.com', '', 'Pemalang', '2001-05-05', 'JL. TAMTAMA NO. 25 RT. 001/RW. 002 DUSUN KECAPANG PETARUKAN', '', 'user', 'GURU'),
(1879, ' AGUNG TRI SUSANTO, S.pd ', ' 1 ', '400457', '400457', 'agungtrisusanto393@gmail', '', 'Pemalang', '1998-12-12', 'DUSUN SIJERUK DESA TUMBAL RT. 03/RW. 04 No. 18 COMAL', '', 'user', 'GURU'),
(1880, 'ALFAN YUSUF , S.T', ' 1 ', '400458', '400458', 'Alvan Yusuf 4@gmail.com', '', 'Pemalang', '1988-01-05', 'DESA PEGUNDAN RT. 05 / RW. 08 PETARUKAN PEMALANG', '', 'user', 'GURU'),
(1881, 'FAQIH KHUDIN, A.MD.KOM', ' 1 ', '400459', '400459', 'faqihsmart@yahoo.co.id', '', 'Pemalang', '1987-04-25', 'Jl. Garuda', '', 'user', 'GURU'),
(1882, 'TUGIMAN', ' 1 ', '400460', '400460', 'tugiman4545@gmail.com', '', 'Purworejo', '1973-12-01', 'Rt. 03 / Rw. 01 Jl. Bangka Taman Pemalang', '', 'user', 'GURU'),
(1883, 'CASTO', ' 1 ', '400461', '400461', 'castosapra@gmail.com', '', 'Pemalang', '1972-03-02', 'Rt.01/Rw.06 Ujungkumpul Limbangan Ulujami', '', 'user', 'GURU'),
(1884, 'NUROKHMAN, S.pd.I', ' 1 ', '400462', '400462', 'maymenurokhman@yahoo.co.id', '', 'Pemalang', '1979-03-23', 'Jl. sidorejo Comal Pemalang', '', 'user', 'GURU'),
(1885, 'ROHADI', ' 1 ', '400463', '400463', 'syakuraalis@gmail.com', '', 'Klaten', '1985-06-16', 'JL. SLASTRI', '', 'user', 'GURU'),
(1886, 'WAWAN TEGUH PAMBUDI', ' 1 ', '400464', '400464', 'wawantp346@gmail.com', '', 'Pemalang', '1989-10-22', 'Rt. 11/Rw.02 Karangasem Petarukan pemalang', '', 'user', 'GURU'),
(1887, 'SITI FUANAH, A.MK', ' 1 ', '400465', '400465', 'sitifuanah01@gmail.com', '', 'Pemalang', '1982-05-11', 'Rt. 04/Rw06 Serang Petarukan pemalang', '', 'user', 'GURU'),
(1888, 'KISWANTO, A.MD', ' 1 ', '400466', '400466', 'kiswanto9393@gmail.com', '', 'Pemalang', '1984-12-23', 'Jl.Raya sidorejo Comal', '', 'user', 'GURU'),
(1889, 'TRI GUNAWAN, A.MD', ' 1 ', '400467', '400467', 'mamase.trigun77@gmail.com', '', 'Pemalang', '1977-06-18', 'Rt. 08/Rw. 03 karangasem Petarukan Pemalang', '', 'user', 'GURU'),
(1890, 'SITI AMINAH, S.I.PUST', ' 1 ', '400468', '400468', 'sitamaminah82@gmail.com', '', 'Pemalang', '1982-05-26', 'Rt. 02/Rw. 02 karangasem Petarukan Pemalang', '', 'user', 'GURU'),
(1891, 'RUSDIYONO', ' 1 ', '400469', '400469', 'cimengperon@gmail.com', '', 'Pemalang', '1972-07-31', 'KALIRANDU', '', 'user', 'GURU'),
(1892, 'SAFARIYAH, S.Kom', ' 1 ', '400470', '400470', 'safabae52@gmail.com', '', 'Pemalang', '1989-09-01', 'DUSUN LAWANG', '', 'user', 'GURU'),
(1893, 'MUHAMAD ROZIK', ' 1 ', '400471', '400471', 'muhamadrozik7@gmail.com', '', 'Pemalang', '1985-04-27', 'JL.KH Samanhudi', '', 'user', 'GURU'),
(1894, 'SUHARLESTIYO', ' 1 ', '400472', '400472', 'taronstiyo@gmail.com', '', 'Pemalang', '1978-05-04', 'Gondang', '', 'user', 'GURU'),
(1895, 'SITI NUR FATIYAH, S.AK.', ' 1 ', '400473', '400473', 'nursfatiya@gmail.com', '', 'Pemalang', '1996-08-01', 'DK.CONTONG', '', 'user', 'GURU'),
(1896, 'DHANU SAPTOHADI, S.Kom', ' 1 ', '400474', '400474', 'dhanusaptohadi@gmail.com', '', 'Pemalang', '1993-09-13', 'Dusun Sipelem', '', 'user', 'GURU'),
(1897, 'SUTARYO', ' 1 ', '400475', '400475', 'ariyosutaryo@gmail.com', '', 'Pemalang', '1976-08-28', 'Dk. Kedungglagah', '', 'user', 'GURU'),
(1898, 'KHOERUL ANWAR', ' 1 ', '400476', '400476', '', '', 'Pemalang', '2001-12-16', 'Sokawati', '', 'user', 'GURU'),
(1899, 'RISDIYANTO', ' 1 ', '400477', '400477', '', '', 'Pemalang', '1980-05-05', '', '', 'user', 'GURU'),
(1900, 'HUSNAN FAUZAINI', ' 1 ', '400478', '400478', 'cakephusnan@gmail.com', '', 'Pemalang', '2001-09-20', 'DUSUN RANDUSARI', '', 'user', 'GURU'),
(1901, 'DRIJATMO', ' 1 ', '400479', '400479', '', '', 'Pemalang', '1988-03-18', 'KALIRANDU', '', 'user', 'GURU'),
(1902, 'NUR AENI YUNIARSIH, S.pd', ' 1 ', '400480', '400480', 'nuraeniyuniarsih@gmail.com', '', 'Pemalang', '1988-06-23', 'COKRAH MULYOHARJO, RT. 005/RW. 004 MULYOHARJO PEMALANG', '', 'user', 'GURU'),
(1903, 'SHERLI NOVITASARI, S.pd.SD', ' 1 ', '400481', '400481', '', '', 'Pemalang', '1997-11-19', 'MULYOHARJO, RT. 004/RW. 008 MULYOHARJO PEMALANG', '', 'user', 'GURU'),
(1904, 'WULANDARI', ' 1 ', '400482', '400482', '', '', 'Pemalang', '1994-06-24', 'DUSUN PERON RT. 004/RW. 014 PETARUKAN PEMALANG', '', 'user', 'GURU'),
(1905, 'RIZKI ERTANTO, A.MD.KOM ', ' 1 ', '400483', '400483', 'rizkyertanto21@gmail.com', '', 'Pemalang', '2000-09-18', 'JEBED UATARA RT. 003/RW. 002 TAMAN', '', 'user', 'GURU'),
(1906, 'WAHYUNI YULI ASTUTI, S.pd.', ' 1 ', '400484', '400484', 'wahyuniyuliastuti86@yahoo.com', '', 'Pemalang', '1986-07-06', 'JL. FLAMBOYAN NO. 32 RT. 003 / Rw. 003 Mulyoharjo Pemalang', '', 'user', 'GURU'),
(1907, 'CANDRA MAESANI', ' 1 ', '400485', '400485', '', '', 'Pemalang', '1990-05-01', 'TEMUIRENG PETARUKAN RT. 003/001  PETARUKAN PEMALANG', '', 'user', 'GURU'),
(1908, 'RAMANDA KHOLISANDRA, S.TR.KOM', ' 1 ', '400486', '400486', 'ramandakholisandra123@gmail.com', '', 'Pemalang', '2002-04-29', 'JL. AHMAD YANI  UTARA NO. 28 RT. 003/RW. 014 MULYOHARJO ', '', 'user', 'GURU'),
(1909, 'FIYONO', ' 1 ', 'admin', 'admin', 'fiyono2596@gmail.com', '081219721906', 'Pemalang', '1996-06-25', 'DESA BULU RT. 004/RW. 001PETARUKAN PEMALANG', '17042026133020FIYONO.JPG', 'admin', 'GURU'),
(1916, 'Siti Aminah', '-', 'siti', 'f2a61230ec9e457b88ad4b5072f07fbb', 'siti@mail.com', '081298765432', '-', '2000-01-01', '-', 'default.jpg', 'admin', '');

-- --------------------------------------------------------

--
-- Table structure for table `user_agent`
--

CREATE TABLE `user_agent` (
  `id_agent` int(10) NOT NULL,
  `id_user` int(10) NOT NULL,
  `tgl_login` timestamp NOT NULL DEFAULT current_timestamp() ON UPDATE current_timestamp(),
  `name_user_agent` varchar(1000) NOT NULL
) ENGINE=InnoDB DEFAULT CHARSET=utf8mb4 COLLATE=utf8mb4_general_ci;

--
-- Dumping data for table `user_agent`
--

INSERT INTO `user_agent` (`id_agent`, `id_user`, `tgl_login`, `name_user_agent`) VALUES
(348, 1909, '2026-04-17 10:06:45', 'Mozilla/5.0 (Linux; Android 10; K) AppleWebKit/537.36 (KHTML, like Gecko) Chrome/147.0.0.0 Mobile Safari/537.36');

--
-- Indexes for dumped tables
--

--
-- Indexes for table `leveluser`
--
ALTER TABLE `leveluser`
  ADD PRIMARY KEY (`id_level`);

--
-- Indexes for table `notifikasi_catatan`
--
ALTER TABLE `notifikasi_catatan`
  ADD PRIMARY KEY (`id_notifcat`);

--
-- Indexes for table `tbl_ambil`
--
ALTER TABLE `tbl_ambil`
  ADD PRIMARY KEY (`id_ambil`),
  ADD KEY `id_brg` (`id_brg`);

--
-- Indexes for table `tbl_barang`
--
ALTER TABLE `tbl_barang`
  ADD PRIMARY KEY (`id_brg`),
  ADD KEY `id_kategori` (`id_kategori`);

--
-- Indexes for table `tbl_history`
--
ALTER TABLE `tbl_history`
  ADD PRIMARY KEY (`id_history`);

--
-- Indexes for table `tbl_history_pinjam`
--
ALTER TABLE `tbl_history_pinjam`
  ADD PRIMARY KEY (`id_histpinjam`),
  ADD UNIQUE KEY `unik_pinjaman` (`id_pinjaman`);

--
-- Indexes for table `tbl_kategori`
--
ALTER TABLE `tbl_kategori`
  ADD PRIMARY KEY (`id_kategori`);

--
-- Indexes for table `tbl_organisasi`
--
ALTER TABLE `tbl_organisasi`
  ADD PRIMARY KEY (`id_organisasi`);

--
-- Indexes for table `tbl_pinjaman`
--
ALTER TABLE `tbl_pinjaman`
  ADD PRIMARY KEY (`id_pinjaman`);

--
-- Indexes for table `tbl_riwayat_tambah`
--
ALTER TABLE `tbl_riwayat_tambah`
  ADD PRIMARY KEY (`id`);

--
-- Indexes for table `tbl_tiketuser`
--
ALTER TABLE `tbl_tiketuser`
  ADD PRIMARY KEY (`id_tiketuser`);

--
-- Indexes for table `tb_user`
--
ALTER TABLE `tb_user`
  ADD PRIMARY KEY (`id_user`),
  ADD UNIQUE KEY `id_user` (`id_user`),
  ADD KEY `id_level` (`id_level`);

--
-- Indexes for table `user_agent`
--
ALTER TABLE `user_agent`
  ADD PRIMARY KEY (`id_agent`),
  ADD KEY `id_user` (`id_user`);

--
-- AUTO_INCREMENT for dumped tables
--

--
-- AUTO_INCREMENT for table `leveluser`
--
ALTER TABLE `leveluser`
  MODIFY `id_level` int(10) NOT NULL AUTO_INCREMENT, AUTO_INCREMENT=3;

--
-- AUTO_INCREMENT for table `notifikasi_catatan`
--
ALTER TABLE `notifikasi_catatan`
  MODIFY `id_notifcat` int(10) NOT NULL AUTO_INCREMENT, AUTO_INCREMENT=2;

--
-- AUTO_INCREMENT for table `tbl_ambil`
--
ALTER TABLE `tbl_ambil`
  MODIFY `id_ambil` int(10) NOT NULL AUTO_INCREMENT, AUTO_INCREMENT=109;

--
-- AUTO_INCREMENT for table `tbl_history`
--
ALTER TABLE `tbl_history`
  MODIFY `id_history` int(10) NOT NULL AUTO_INCREMENT, AUTO_INCREMENT=314;

--
-- AUTO_INCREMENT for table `tbl_history_pinjam`
--
ALTER TABLE `tbl_history_pinjam`
  MODIFY `id_histpinjam` int(20) NOT NULL AUTO_INCREMENT, AUTO_INCREMENT=62;

--
-- AUTO_INCREMENT for table `tbl_kategori`
--
ALTER TABLE `tbl_kategori`
  MODIFY `id_kategori` int(10) NOT NULL AUTO_INCREMENT, AUTO_INCREMENT=22;

--
-- AUTO_INCREMENT for table `tbl_organisasi`
--
ALTER TABLE `tbl_organisasi`
  MODIFY `id_organisasi` int(10) NOT NULL AUTO_INCREMENT, AUTO_INCREMENT=3;

--
-- AUTO_INCREMENT for table `tbl_pinjaman`
--
ALTER TABLE `tbl_pinjaman`
  MODIFY `id_pinjaman` int(11) NOT NULL AUTO_INCREMENT, AUTO_INCREMENT=62;

--
-- AUTO_INCREMENT for table `tbl_riwayat_tambah`
--
ALTER TABLE `tbl_riwayat_tambah`
  MODIFY `id` int(11) NOT NULL AUTO_INCREMENT, AUTO_INCREMENT=39;

--
-- AUTO_INCREMENT for table `tbl_tiketuser`
--
ALTER TABLE `tbl_tiketuser`
  MODIFY `id_tiketuser` int(10) NOT NULL AUTO_INCREMENT, AUTO_INCREMENT=26;

--
-- AUTO_INCREMENT for table `tb_user`
--
ALTER TABLE `tb_user`
  MODIFY `id_user` int(11) NOT NULL AUTO_INCREMENT, AUTO_INCREMENT=1918;

--
-- AUTO_INCREMENT for table `user_agent`
--
ALTER TABLE `user_agent`
  MODIFY `id_agent` int(10) NOT NULL AUTO_INCREMENT, AUTO_INCREMENT=349;
COMMIT;

/*!40101 SET CHARACTER_SET_CLIENT=@OLD_CHARACTER_SET_CLIENT */;
/*!40101 SET CHARACTER_SET_RESULTS=@OLD_CHARACTER_SET_RESULTS */;
/*!40101 SET COLLATION_CONNECTION=@OLD_COLLATION_CONNECTION */;
